2026-02-03 09:58:49,601 - Knowledge - INFO - Created shared MongoDB connection pool
2026-02-03 09:58:49,636 - Knowledge - INFO - Starting Knowledge Graph processing with 20 threads
2026-02-03 09:58:49,638 - Knowledge - INFO - Initial configuration: chunk_size=65536, max_cache_size=500
2026-02-03 09:58:49,638 - Knowledge - INFO - Knowledge Graph concurrency configuration: workers=20, max_batch_size=10, max_concurrent_llm_calls=50
2026-02-03 09:58:50,946 - Knowledge - INFO - 🔍 _load_persisted_knowledge called - checking for Redis optimization
2026-02-03 09:58:50,947 - Knowledge - WARNING - ❌ load_from_redis method not found - Redis support not attached
2026-02-03 09:58:50,949 - Knowledge - INFO - load persisted knowledge: begin
2026-02-03 09:58:50,953 - Knowledge - INFO - Loaded 0 files from persisted knowledge
2026-02-03 09:58:50,954 - Knowledge - INFO - load persisted knowledge: end
2026-02-03 09:58:50,954 - Knowledge - WARNING - No persisted knowledge found. Files will be queued during start()
2026-02-03 09:58:50,965 - Knowledge - INFO - Redis support added with prefix knowledge:b48252o:
2026-02-03 09:58:55,760 - Knowledge - INFO - Starting knowledge initialization for ID: 8rLnGx-b48252o
2026-02-03 09:58:55,763 - Knowledge - INFO - 🔍 Checking Redis for build_id: b48252o
2026-02-03 09:58:55,763 - Knowledge - INFO - 🔍 Full session ID: 8rLnGx-b48252o
2026-02-03 09:58:55,764 - Knowledge - INFO - 🔍 Redis prefix will be: knowledge:b48252o:
2026-02-03 09:58:55,764 - Knowledge - INFO - 🔍 Using attached load_from_redis() method
2026-02-03 09:58:55,764 - Knowledge - INFO - 🔍 Attempting to load knowledge from Redis...
2026-02-03 09:58:55,765 - Knowledge - INFO - 🔍 Using derived instance_id for Redis lookup: b48252o
2026-02-03 09:58:55,771 - Knowledge - WARNING - ❌ No Redis cache found
2026-02-03 09:58:55,781 - Knowledge - INFO - 📁 Loading knowledge from disk...
2026-02-03 09:58:55,857 - Knowledge - INFO - load persisted docinfo: begin
2026-02-03 09:58:55,860 - Knowledge - INFO - load persisted docinfo: end
2026-02-03 09:58:55,860 - Knowledge - INFO - 🔍 _load_persisted_knowledge called - checking for Redis optimization
2026-02-03 09:58:55,860 - Knowledge - INFO - ✅ load_from_redis method found - attempting Redis load
2026-02-03 09:58:55,861 - Knowledge - INFO - 🔍 Attempting to load knowledge from Redis...
2026-02-03 09:58:55,861 - Knowledge - INFO - 🔍 Using derived instance_id for Redis lookup: b48252o
2026-02-03 09:58:55,867 - Knowledge - WARNING - ❌ No Redis cache found
2026-02-03 09:58:55,867 - Knowledge - INFO - ❌ Redis load returned False - falling back to file loading
2026-02-03 09:58:55,867 - Knowledge - INFO - load persisted knowledge: begin
2026-02-03 09:58:55,870 - Knowledge - INFO - Loaded 0 files from persisted knowledge
2026-02-03 09:58:55,871 - Knowledge - INFO - load persisted knowledge: end
2026-02-03 09:58:55,871 - Knowledge - INFO - 📁 Disk load complete in 0.09s
2026-02-03 09:58:55,872 - Knowledge - INFO - Populating ingest queue with source files...
2026-02-03 09:58:58,982 - Knowledge - INFO - Added 1263 files from /app/data/T0002/210888/b48252o/odoo-210888 to ingest queue
2026-02-03 09:58:58,984 - Knowledge - INFO - [WEBSOCKET] Sent: Type=progress_update, Size: 161, Duration: 0ms
2026-02-03 09:58:58,985 - Knowledge - INFO - Worker kw1 created using shared MongoDB connection pool
2026-02-03 09:58:58,986 - Knowledge - INFO - knowledge worker kw1 start
2026-02-03 09:58:58,986 - Knowledge - INFO - Worker kw2 created using shared MongoDB connection pool
2026-02-03 09:58:58,987 - Knowledge - INFO - [kw1] Queue=1263, InProgress=0, PendingWorkers=0/1, Completed=0/1263 (0.0%)
2026-02-03 09:58:58,987 - Knowledge - INFO - knowledge worker kw2 start
2026-02-03 09:58:58,988 - Knowledge - INFO - Batch sizing: calculated=10, max_allowed=10, queue=1263, active_workers=0/1
2026-02-03 09:58:58,988 - Knowledge - INFO - Worker kw3 created using shared MongoDB connection pool
2026-02-03 09:58:58,989 - Knowledge - INFO - Worker kw1 processing /app/data/T0002/210888/b48252o/odoo-210888/setup.py
2026-02-03 09:58:59,037 - Knowledge - INFO - knowledge worker kw3 start
2026-02-03 09:58:59,038 - Knowledge - INFO - Worker kw4 created using shared MongoDB connection pool
2026-02-03 09:58:59,039 - Knowledge - INFO - knowledge worker kw4 start
2026-02-03 09:58:59,039 - Knowledge - INFO - [kw3] Queue=1253, InProgress=0, PendingWorkers=1/3, Completed=0/1263 (0.0%)
2026-02-03 09:58:59,039 - Knowledge - INFO - Worker kw1 processing /app/data/T0002/210888/b48252o/odoo-210888/doc/migrate/3.4.0-4.0.0/pre.py
2026-02-03 09:58:59,040 - Knowledge - INFO - Worker kw5 created using shared MongoDB connection pool
2026-02-03 09:58:59,040 - Knowledge - INFO - Batch sizing: calculated=10, max_allowed=10, queue=1253, active_workers=1/4
2026-02-03 09:58:59,041 - Knowledge - INFO - [kw4] Queue=1253, InProgress=0, PendingWorkers=1/4, Completed=0/1263 (0.0%)
2026-02-03 09:58:59,041 - Knowledge - INFO - [kw2] Queue=1253, InProgress=0, PendingWorkers=1/4, Completed=0/1263 (0.0%)
2026-02-03 09:58:59,042 - Knowledge - INFO - knowledge worker kw5 start
2026-02-03 09:58:59,042 - Knowledge - INFO - Worker kw6 created using shared MongoDB connection pool
2026-02-03 09:58:59,043 - Knowledge - INFO - Worker kw3 processing /app/data/T0002/210888/b48252o/odoo-210888/doc/tests/check_profile_l10n_all.py
2026-02-03 09:58:59,043 - Knowledge - INFO - Batch sizing: calculated=10, max_allowed=10, queue=1253, active_workers=2/5
2026-02-03 09:58:59,044 - Knowledge - INFO - Worker kw1 processing /app/data/T0002/210888/b48252o/odoo-210888/doc/migrate/3.4.0-4.0.0/post-tiny.py
2026-02-03 09:58:59,044 - Knowledge - INFO - Batch sizing: calculated=10, max_allowed=10, queue=1253, active_workers=2/5
2026-02-03 09:58:59,045 - Knowledge - INFO - [kw5] Queue=1243, InProgress=0, PendingWorkers=2/5, Completed=0/1263 (0.0%)
2026-02-03 09:58:59,045 - Knowledge - INFO - knowledge worker kw6 start
2026-02-03 09:58:59,046 - Knowledge - INFO - Worker kw7 created using shared MongoDB connection pool
2026-02-03 09:58:59,046 - Knowledge - INFO - Worker kw4 processing /app/data/T0002/210888/b48252o/odoo-210888/addons/hr_attendance/report/__init__.py
2026-02-03 09:58:59,047 - Knowledge - INFO - Fast-tracked /app/data/T0002/210888/b48252o/odoo-210888/doc/tests/check_profile_l10n_all.py (ext=.py, size=3990)
2026-02-03 09:58:59,048 - Knowledge - INFO - Worker kw2 processing /app/data/T0002/210888/b48252o/odoo-210888/addons/hr_attendance/hr_attendance_demo.xml
2026-02-03 09:58:59,048 - Knowledge - INFO - Batch sizing: calculated=10, max_allowed=10, queue=1243, active_workers=4/6
2026-02-03 09:58:59,048 - Knowledge - INFO - Worker kw1 processing /app/data/T0002/210888/b48252o/odoo-210888/doc/migrate/3.4.0-4.0.0/post.py
2026-02-03 09:58:59,049 - Knowledge - INFO - Worker kw5 processing /app/data/T0002/210888/b48252o/odoo-210888/addons/report_sale/report_sale_view.xml
2026-02-03 09:58:59,050 - Knowledge - INFO - knowledge worker kw7 start
2026-02-03 09:58:59,050 - Knowledge - INFO - Worker kw8 created using shared MongoDB connection pool
2026-02-03 09:58:59,055 - Knowledge - INFO - Worker kw3 processing /app/data/T0002/210888/b48252o/odoo-210888/rpminstall_sh.txt
2026-02-03 09:58:59,058 - Knowledge - INFO - Fast-tracked /app/data/T0002/210888/b48252o/odoo-210888/rpminstall_sh.txt (ext=.txt, size=673)
2026-02-03 09:58:59,058 - Knowledge - INFO - Fast-tracked /app/data/T0002/210888/b48252o/odoo-210888/addons/hr_attendance/report/__init__.py (ext=.py, size=1114)
2026-02-03 09:58:59,059 - Knowledge - INFO - Worker kw1 processing /app/data/T0002/210888/b48252o/odoo-210888/doc/migrate/3.4.0-4.0.0/pre-tiny.py
2026-02-03 09:58:59,061 - Knowledge - INFO - Fast-tracked /app/data/T0002/210888/b48252o/odoo-210888/addons/report_sale/report_sale_view.xml (ext=.xml, size=12937)
2026-02-03 09:58:59,062 - Knowledge - INFO - knowledge worker kw8 start
2026-02-03 09:58:59,062 - Knowledge - INFO - Worker kw3 processing /app/data/T0002/210888/b48252o/odoo-210888/addons/board_crm_configuration/board_crm_demo.xml
2026-02-03 09:58:59,063 - Knowledge - INFO - Worker kw9 created using shared MongoDB connection pool
2026-02-03 09:58:59,064 - Knowledge - INFO - Worker kw4 processing /app/data/T0002/210888/b48252o/odoo-210888/addons/hr_attendance/report/timesheet.py
2026-02-03 09:58:59,064 - Knowledge - INFO - Fast-tracked /app/data/T0002/210888/b48252o/odoo-210888/addons/hr_attendance/hr_attendance_demo.xml (ext=.xml, size=5201)
2026-02-03 09:58:59,065 - Knowledge - INFO - Worker kw5 processing /app/data/T0002/210888/b48252o/odoo-210888/addons/report_sale/report_sale.py
2026-02-03 09:58:59,066 - Knowledge - INFO - Worker kw1 processing /app/data/T0002/210888/b48252o/odoo-210888/doc/migrate/3.3.0-3.4.0/pre.py
2026-02-03 09:58:59,068 - Knowledge - INFO - Fast-tracked /app/data/T0002/210888/b48252o/odoo-210888/addons/board_crm_configuration/board_crm_demo.xml (ext=.xml, size=543)
2026-02-03 09:58:59,069 - Knowledge - INFO - knowledge worker kw9 start
2026-02-03 09:58:59,069 - Knowledge - INFO - Worker kw3 processing /app/data/T0002/210888/b48252o/odoo-210888/addons/board_crm_configuration/board_crm_view.xml
2026-02-03 09:58:59,071 - Knowledge - INFO - Worker kw2 processing /app/data/T0002/210888/b48252o/odoo-210888/addons/hr_attendance/__init__.py
2026-02-03 09:58:59,071 - Knowledge - INFO - Worker kw10 created using shared MongoDB connection pool
2026-02-03 09:58:59,137 - Knowledge - INFO - [kw8] Queue=1213, InProgress=0, PendingWorkers=5/9, Completed=0/1263 (0.0%)
2026-02-03 09:58:59,139 - Knowledge - INFO - [kw7] Queue=1213, InProgress=0, PendingWorkers=5/9, Completed=0/1263 (0.0%)
2026-02-03 09:58:59,139 - Knowledge - INFO - Worker kw5 processing /app/data/T0002/210888/b48252o/odoo-210888/addons/report_sale/__init__.py
2026-02-03 09:58:59,140 - Knowledge - INFO - [kw6] Queue=1213, InProgress=0, PendingWorkers=5/9, Completed=0/1263 (0.0%)
2026-02-03 09:58:59,141 - Knowledge - INFO - Worker kw1 processing /app/data/T0002/210888/b48252o/odoo-210888/doc/migrate/3.3.0-3.4.0/post.py
2026-02-03 09:58:59,142 - Knowledge - INFO - [kw9] Queue=1213, InProgress=0, PendingWorkers=5/9, Completed=0/1263 (0.0%)
2026-02-03 09:58:59,143 - Knowledge - INFO - Worker kw4 processing /app/data/T0002/210888/b48252o/odoo-210888/addons/hr_attendance/hr_attendance_report.xml
2026-02-03 09:58:59,145 - Knowledge - INFO - Fast-tracked /app/data/T0002/210888/b48252o/odoo-210888/addons/board_crm_configuration/board_crm_view.xml (ext=.xml, size=4394)
2026-02-03 09:58:59,146 - Knowledge - INFO - Fast-tracked /app/data/T0002/210888/b48252o/odoo-210888/addons/hr_attendance/__init__.py (ext=.py, size=1107)
2026-02-03 09:58:59,146 - Knowledge - INFO - knowledge worker kw10 start
2026-02-03 09:58:59,147 - Knowledge - INFO - Batch sizing: calculated=10, max_allowed=10, queue=1213, active_workers=5/9
2026-02-03 09:58:59,147 - Knowledge - INFO - Worker kw11 created using shared MongoDB connection pool
2026-02-03 09:58:59,147 - Knowledge - INFO - Batch sizing: calculated=10, max_allowed=10, queue=1213, active_workers=5/10
2026-02-03 09:58:59,148 - Knowledge - INFO - Batch sizing: calculated=10, max_allowed=10, queue=1213, active_workers=5/10
2026-02-03 09:58:59,149 - Knowledge - INFO - Batch sizing: calculated=10, max_allowed=10, queue=1213, active_workers=5/10
2026-02-03 09:58:59,150 - Knowledge - INFO - Fast-tracked /app/data/T0002/210888/b48252o/odoo-210888/addons/report_sale/__init__.py (ext=.py, size=1078)
2026-02-03 09:58:59,150 - Knowledge - INFO - Worker kw1 processing /app/data/T0002/210888/b48252o/odoo-210888/doc/migrate/4.2.0-4.4.0/pre.py
2026-02-03 09:58:59,150 - Knowledge - INFO - Worker kw3 processing /app/data/T0002/210888/b48252o/odoo-210888/addons/board_crm_configuration/board_crm_statistical_view.xml
2026-02-03 09:58:59,151 - Knowledge - INFO - Fast-tracked /app/data/T0002/210888/b48252o/odoo-210888/addons/hr_attendance/hr_attendance_report.xml (ext=.xml, size=344)
2026-02-03 09:58:59,151 - Knowledge - INFO - Worker kw2 processing /app/data/T0002/210888/b48252o/odoo-210888/addons/hr_attendance/hr_attendance.py
2026-02-03 09:58:59,153 - Knowledge - INFO - [kw10] Queue=1213, InProgress=0, PendingWorkers=5/10, Completed=0/1263 (0.0%)
2026-02-03 09:58:59,154 - Knowledge - INFO - Worker kw8 processing /app/data/T0002/210888/b48252o/odoo-210888/addons/account_voucher/report/report_voucher_amount.py
2026-02-03 09:58:59,155 - Knowledge - INFO - knowledge worker kw11 start
2026-02-03 09:58:59,155 - Knowledge - INFO - Worker kw12 created using shared MongoDB connection pool
2026-02-03 09:58:59,156 - Knowledge - INFO - Worker kw7 processing /app/data/T0002/210888/b48252o/odoo-210888/addons/account_voucher/voucher_wizard.xml
2026-02-03 09:58:59,156 - Knowledge - INFO - Worker kw6 processing /app/data/T0002/210888/b48252o/odoo-210888/addons/base_module_quality/speed_test/speed_test.py
2026-02-03 09:58:59,157 - Knowledge - INFO - Worker kw9 processing /app/data/T0002/210888/b48252o/odoo-210888/addons/base_module_quality/workflow_test/workflow_test.py
2026-02-03 09:58:59,157 - Knowledge - INFO - Worker kw5 processing /app/data/T0002/210888/b48252o/odoo-210888/addons/analytic_user_function/__terp__.py
2026-02-03 09:58:59,158 - Knowledge - INFO - Worker kw4 processing /app/data/T0002/210888/b48252o/odoo-210888/addons/hr_attendance/__terp__.py
2026-02-03 09:58:59,159 - Knowledge - INFO - Batch sizing: calculated=10, max_allowed=10, queue=1213, active_workers=9/11
2026-02-03 09:58:59,160 - Knowledge - INFO - Worker kw1 processing /app/data/T0002/210888/b48252o/odoo-210888/doc/migrate/4.0.0-4.2.0/tiny/pre-tiny.py
2026-02-03 09:58:59,161 - Knowledge - INFO - Worker kw2 processing /app/data/T0002/210888/b48252o/odoo-210888/addons/hr_attendance/hr_attendance_wizard.xml
2026-02-03 09:58:59,162 - Knowledge - INFO - Fast-tracked /app/data/T0002/210888/b48252o/odoo-210888/addons/board_crm_configuration/board_crm_statistical_view.xml (ext=.xml, size=5382)
2026-02-03 09:58:59,163 - Knowledge - INFO - knowledge worker kw12 start
2026-02-03 09:58:59,163 - Knowledge - INFO - Worker kw13 created using shared MongoDB connection pool
2026-02-03 09:58:59,163 - Knowledge - INFO - [kw11] Queue=1173, InProgress=0, PendingWorkers=9/12, Completed=0/1263 (0.0%)
2026-02-03 09:58:59,164 - Knowledge - INFO - Worker kw8 processing /app/data/T0002/210888/b48252o/odoo-210888/addons/account_voucher/report/__init__.py
2026-02-03 09:58:59,165 - Knowledge - INFO - Fast-tracked /app/data/T0002/210888/b48252o/odoo-210888/addons/account_voucher/voucher_wizard.xml (ext=.xml, size=477)
2026-02-03 09:58:59,166 - Knowledge - INFO - Worker kw6 processing /app/data/T0002/210888/b48252o/odoo-210888/addons/base_module_quality/structure_test/__init__.py
2026-02-03 09:58:59,167 - Knowledge - INFO - Worker kw10 processing /app/data/T0002/210888/b48252o/odoo-210888/addons/base_module_quality/base_module_quality_wizard.xml
2026-02-03 09:58:59,167 - Knowledge - INFO - Fast-tracked /app/data/T0002/210888/b48252o/odoo-210888/addons/analytic_user_function/__terp__.py (ext=.py, size=1987)
2026-02-03 09:58:59,168 - Knowledge - INFO - Worker kw9 processing /app/data/T0002/210888/b48252o/odoo-210888/addons/base_module_quality/workflow_test/__init__.py
2026-02-03 09:58:59,170 - Knowledge - INFO - Fast-tracked /app/data/T0002/210888/b48252o/odoo-210888/addons/hr_attendance/__terp__.py (ext=.py, size=1638)
2026-02-03 09:58:59,171 - Knowledge - INFO - Worker kw3 processing /app/data/T0002/210888/b48252o/odoo-210888/addons/board_crm_configuration/__terp__.py
2026-02-03 09:58:59,173 - Knowledge - INFO - Worker kw1 processing /app/data/T0002/210888/b48252o/odoo-210888/doc/migrate/4.0.0-4.2.0/pre.py
2026-02-03 09:58:59,173 - Knowledge - INFO - [kw12] Queue=1163, InProgress=0, PendingWorkers=10/12, Completed=0/1263 (0.0%)
2026-02-03 09:58:59,174 - Knowledge - INFO - Batch sizing: calculated=10, max_allowed=10, queue=1173, active_workers=10/12
2026-02-03 09:58:59,174 - Knowledge - INFO - Worker kw7 processing /app/data/T0002/210888/b48252o/odoo-210888/addons/account_voucher/__init__.py
2026-02-03 09:58:59,239 - Knowledge - INFO - Fast-tracked /app/data/T0002/210888/b48252o/odoo-210888/addons/base_module_quality/structure_test/__init__.py (ext=.py, size=1057)
2026-02-03 09:58:59,240 - Knowledge - INFO - Fast-tracked /app/data/T0002/210888/b48252o/odoo-210888/addons/account_voucher/report/__init__.py (ext=.py, size=51)
2026-02-03 09:58:59,242 - Knowledge - INFO - Fast-tracked /app/data/T0002/210888/b48252o/odoo-210888/addons/hr_attendance/hr_attendance_wizard.xml (ext=.xml, size=766)
2026-02-03 09:58:59,242 - Knowledge - INFO - Worker kw5 processing /app/data/T0002/210888/b48252o/odoo-210888/addons/analytic_user_function/analytic_user_function_view.xml
2026-02-03 09:58:59,243 - Knowledge - INFO - Fast-tracked /app/data/T0002/210888/b48252o/odoo-210888/addons/base_module_quality/base_module_quality_wizard.xml (ext=.xml, size=392)
2026-02-03 09:58:59,244 - Knowledge - INFO - Worker kw4 processing /app/data/T0002/210888/b48252o/odoo-210888/addons/hr_attendance/wizard/print_bymonth.py
2026-02-03 09:58:59,245 - Knowledge - INFO - Fast-tracked /app/data/T0002/210888/b48252o/odoo-210888/addons/base_module_quality/workflow_test/__init__.py (ext=.py, size=1057)
2026-02-03 09:58:59,248 - Knowledge - INFO - Batch sizing: calculated=10, max_allowed=10, queue=1163, active_workers=10/12
2026-02-03 09:58:59,249 - Knowledge - INFO - Worker kw11 processing /app/data/T0002/210888/b48252o/odoo-210888/addons/purchase_manual/purchase_manual_wizard.xml
2026-02-03 09:58:59,250 - Knowledge - INFO - Fast-tracked /app/data/T0002/210888/b48252o/odoo-210888/addons/board_crm_configuration/__terp__.py (ext=.py, size=1680)
2026-02-03 09:58:59,252 - Knowledge - INFO - knowledge worker kw13 start
2026-02-03 09:58:59,253 - Knowledge - INFO - Worker kw14 created using shared MongoDB connection pool
2026-02-03 09:58:59,254 - Knowledge - INFO - Fast-tracked /app/data/T0002/210888/b48252o/odoo-210888/addons/account_voucher/__init__.py (ext=.py, size=1049)
2026-02-03 09:58:59,255 - Knowledge - INFO - Worker kw6 processing /app/data/T0002/210888/b48252o/odoo-210888/addons/base_module_quality/structure_test/structure_test.py
2026-02-03 09:58:59,256 - Knowledge - INFO - Worker kw8 processing /app/data/T0002/210888/b48252o/odoo-210888/addons/account_voucher/account_view.xml
2026-02-03 09:58:59,256 - Knowledge - INFO - Worker kw2 processing /app/data/T0002/210888/b48252o/odoo-210888/addons/report_analytic/__terp__.py
2026-02-03 09:58:59,257 - Knowledge - INFO - Worker kw10 processing /app/data/T0002/210888/b48252o/odoo-210888/addons/base_module_quality/pylint_test/pylint_test_config.txt
2026-02-03 09:58:59,257 - Knowledge - INFO - Worker kw9 processing /app/data/T0002/210888/b48252o/odoo-210888/addons/base_module_quality/object_test/object_test.py
2026-02-03 09:58:59,259 - Knowledge - INFO - Fast-tracked /app/data/T0002/210888/b48252o/odoo-210888/addons/analytic_user_function/analytic_user_function_view.xml (ext=.xml, size=6455)
2026-02-03 09:58:59,260 - Knowledge - INFO - Worker kw12 processing /app/data/T0002/210888/b48252o/odoo-210888/addons/account_report/account_wizard.xml
2026-02-03 09:58:59,261 - Knowledge - INFO - Worker kw4 processing /app/data/T0002/210888/b48252o/odoo-210888/addons/hr_attendance/wizard/print_byweek.py
2026-02-03 09:58:59,263 - Knowledge - INFO - Worker kw3 processing /app/data/T0002/210888/b48252o/odoo-210888/addons/board_crm_configuration/__init__.py
2026-02-03 09:58:59,339 - Knowledge - INFO - Fast-tracked /app/data/T0002/210888/b48252o/odoo-210888/addons/purchase_manual/purchase_manual_wizard.xml (ext=.xml, size=352)
2026-02-03 09:58:59,361 - Knowledge - INFO - [kw13] Queue=1143, InProgress=0, PendingWorkers=12/13, Completed=0/1263 (0.0%)
2026-02-03 09:58:59,370 - Knowledge - INFO - knowledge worker kw14 start
2026-02-03 09:58:59,372 - Knowledge - INFO - Worker kw15 created using shared MongoDB connection pool
2026-02-03 09:58:59,373 - Knowledge - INFO - Worker kw7 processing /app/data/T0002/210888/b48252o/odoo-210888/addons/account_voucher/account_report.xml
2026-02-03 09:58:59,374 - Knowledge - INFO - Worker kw5 processing /app/data/T0002/210888/b48252o/odoo-210888/addons/analytic_user_function/__init__.py
2026-02-03 09:58:59,375 - Knowledge - INFO - Fast-tracked /app/data/T0002/210888/b48252o/odoo-210888/addons/account_voucher/account_view.xml (ext=.xml, size=5756)
2026-02-03 09:58:59,375 - Knowledge - INFO - Worker kw6 processing /app/data/T0002/210888/b48252o/odoo-210888/addons/base_module_quality/method_test/__init__.py
2026-02-03 09:58:59,376 - Knowledge - INFO - Fast-tracked /app/data/T0002/210888/b48252o/odoo-210888/addons/report_analytic/__terp__.py (ext=.py, size=1574)
2026-02-03 09:58:59,376 - Knowledge - INFO - Fast-tracked /app/data/T0002/210888/b48252o/odoo-210888/addons/base_module_quality/pylint_test/pylint_test_config.txt (ext=.txt, size=8953)
2026-02-03 09:58:59,379 - Knowledge - INFO - Fast-tracked /app/data/T0002/210888/b48252o/odoo-210888/addons/account_report/account_wizard.xml (ext=.xml, size=689)
2026-02-03 09:58:59,380 - Knowledge - INFO - Worker kw9 processing /app/data/T0002/210888/b48252o/odoo-210888/addons/base_module_quality/object_test/__init__.py
2026-02-03 09:58:59,382 - Knowledge - INFO - Worker kw4 processing /app/data/T0002/210888/b48252o/odoo-210888/addons/hr_attendance/wizard/sign_in_out.py
2026-02-03 09:58:59,383 - Knowledge - INFO - Fast-tracked /app/data/T0002/210888/b48252o/odoo-210888/addons/board_crm_configuration/__init__.py (ext=.py, size=1057)
2026-02-03 09:58:59,383 - Knowledge - INFO - Worker kw11 processing /app/data/T0002/210888/b48252o/odoo-210888/addons/purchase_manual/purchase_manual.py
2026-02-03 09:58:59,384 - Knowledge - INFO - Batch sizing: calculated=10, max_allowed=10, queue=1143, active_workers=12/14
2026-02-03 09:58:59,438 - Knowledge - INFO - Worker kw13 processing /app/data/T0002/210888/b48252o/odoo-210888/addons/account_report/account_report.xml
2026-02-03 09:58:59,443 - Knowledge - INFO - Fast-tracked /app/data/T0002/210888/b48252o/odoo-210888/addons/account_report/account_report.xml (ext=.xml, size=680)
2026-02-03 09:58:59,444 - Knowledge - INFO - Worker kw8 processing /app/data/T0002/210888/b48252o/odoo-210888/addons/account_voucher/__terp__.py
2026-02-03 09:58:59,444 - Knowledge - INFO - Fast-tracked /app/data/T0002/210888/b48252o/odoo-210888/addons/account_voucher/account_report.xml (ext=.xml, size=541)
2026-02-03 09:58:59,447 - Knowledge - INFO - Fast-tracked /app/data/T0002/210888/b48252o/odoo-210888/addons/analytic_user_function/__init__.py (ext=.py, size=1088)
2026-02-03 09:58:59,450 - Knowledge - INFO - Worker kw2 processing /app/data/T0002/210888/b48252o/odoo-210888/addons/report_analytic/report_analytic_view.xml
2026-02-03 09:58:59,450 - Knowledge - INFO - Worker kw10 processing /app/data/T0002/210888/b48252o/odoo-210888/addons/base_module_quality/pylint_test/pylint_test.py
2026-02-03 09:58:59,451 - Knowledge - INFO - Worker kw12 processing /app/data/T0002/210888/b48252o/odoo-210888/addons/account_report/report/print_indicator.py
2026-02-03 09:58:59,452 - Knowledge - INFO - Fast-tracked /app/data/T0002/210888/b48252o/odoo-210888/addons/base_module_quality/method_test/__init__.py (ext=.py, size=1057)
2026-02-03 09:58:59,453 - Knowledge - INFO - Worker kw3 processing /app/data/T0002/210888/b48252o/odoo-210888/addons/hr_attendance/security/hr_security.xml
2026-02-03 09:58:59,456 - Knowledge - INFO - [kw14] Queue=1133, InProgress=0, PendingWorkers=13/14, Completed=0/1263 (0.0%)
2026-02-03 09:58:59,460 - Knowledge - INFO - Fast-tracked /app/data/T0002/210888/b48252o/odoo-210888/addons/base_module_quality/object_test/__init__.py (ext=.py, size=1057)
2026-02-03 09:58:59,462 - Knowledge - INFO - Worker kw11 processing /app/data/T0002/210888/b48252o/odoo-210888/addons/project_retro_planning/__terp__.py
2026-02-03 09:58:59,463 - Knowledge - INFO - Worker kw4 processing /app/data/T0002/210888/b48252o/odoo-210888/addons/hr_attendance/wizard/print_attendance_error.py
2026-02-03 09:58:59,464 - Knowledge - INFO - knowledge worker kw15 start
2026-02-03 09:58:59,464 - Knowledge - INFO - Worker kw16 created using shared MongoDB connection pool
2026-02-03 09:58:59,465 - Knowledge - INFO - Worker kw13 processing /app/data/T0002/210888/b48252o/odoo-210888/addons/event_project/__terp__.py
2026-02-03 09:58:59,465 - Knowledge - INFO - Worker kw7 processing /app/data/T0002/210888/b48252o/odoo-210888/addons/board/__terp__.py
2026-02-03 09:58:59,466 - Knowledge - INFO - Worker kw5 processing /app/data/T0002/210888/b48252o/odoo-210888/addons/analytic_user_function/analytic_user_function.py
2026-02-03 09:58:59,467 - Knowledge - INFO - Fast-tracked /app/data/T0002/210888/b48252o/odoo-210888/addons/account_voucher/__terp__.py (ext=.py, size=1724)
2026-02-03 09:58:59,468 - Knowledge - INFO - Worker kw6 processing /app/data/T0002/210888/b48252o/odoo-210888/addons/base_module_quality/method_test/method_test.py
2026-02-03 09:58:59,468 - Knowledge - INFO - Fast-tracked /app/data/T0002/210888/b48252o/odoo-210888/addons/report_analytic/report_analytic_view.xml (ext=.xml, size=2861)
2026-02-03 09:58:59,469 - Knowledge - INFO - Worker kw10 processing /app/data/T0002/210888/b48252o/odoo-210888/addons/base_module_quality/pylint_test/__init__.py
2026-02-03 09:58:59,469 - Knowledge - INFO - Batch sizing: calculated=10, max_allowed=10, queue=1133, active_workers=13/15
2026-02-03 09:58:59,470 - Knowledge - INFO - Worker kw12 processing /app/data/T0002/210888/b48252o/odoo-210888/addons/account_report/report/accounting_report.py
2026-02-03 09:58:59,470 - Knowledge - INFO - Worker kw9 processing /app/data/T0002/210888/b48252o/odoo-210888/addons/base_module_quality/__terp__.py
2026-02-03 09:58:59,474 - Knowledge - INFO - Fast-tracked /app/data/T0002/210888/b48252o/odoo-210888/addons/hr_attendance/security/hr_security.xml (ext=.xml, size=229)
2026-02-03 09:58:59,475 - Knowledge - INFO - Fast-tracked /app/data/T0002/210888/b48252o/odoo-210888/addons/project_retro_planning/__terp__.py (ext=.py, size=1512)
2026-02-03 09:58:59,548 - Knowledge - INFO - Worker kw4 processing /app/data/T0002/210888/b48252o/odoo-210888/addons/hr_attendance/wizard/__init__.py
2026-02-03 09:58:59,549 - Knowledge - INFO - knowledge worker kw16 start
2026-02-03 09:58:59,550 - Knowledge - INFO - [kw15] Queue=1133, InProgress=0, PendingWorkers=13/15, Completed=0/1263 (0.0%)
2026-02-03 09:58:59,552 - Knowledge - INFO - Worker kw17 created using shared MongoDB connection pool
2026-02-03 09:58:59,552 - Knowledge - INFO - Worker kw8 processing /app/data/T0002/210888/b48252o/odoo-210888/addons/account_voucher/wizard/open_voucher.py
2026-02-03 09:58:59,554 - Knowledge - INFO - Fast-tracked /app/data/T0002/210888/b48252o/odoo-210888/addons/event_project/__terp__.py (ext=.py, size=1560)
2026-02-03 09:58:59,555 - Knowledge - INFO - Worker kw2 processing /app/data/T0002/210888/b48252o/odoo-210888/addons/report_analytic/report_analytic.py
2026-02-03 09:58:59,560 - Knowledge - INFO - Fast-tracked /app/data/T0002/210888/b48252o/odoo-210888/addons/hr_attendance/wizard/__init__.py (ext=.py, size=1180)
2026-02-03 09:58:59,562 - Knowledge - INFO - Worker kw6 processing /app/data/T0002/210888/b48252o/odoo-210888/addons/base_module_quality/pep8_test/pep8_test.py
2026-02-03 09:58:59,563 - Knowledge - INFO - Worker kw14 processing /app/data/T0002/210888/b48252o/odoo-210888/addons/account_analytic_analysis/account_analytic_analysis_view.xml
2026-02-03 09:58:59,564 - Knowledge - INFO - Worker kw5 processing /app/data/T0002/210888/b48252o/odoo-210888/addons/account_voucher/account.py
2026-02-03 09:58:59,565 - Knowledge - INFO - Fast-tracked /app/data/T0002/210888/b48252o/odoo-210888/addons/account_analytic_analysis/account_analytic_analysis_view.xml (ext=.xml, size=5237)
2026-02-03 09:58:59,566 - Knowledge - INFO - Fast-tracked /app/data/T0002/210888/b48252o/odoo-210888/addons/base_module_quality/pylint_test/__init__.py (ext=.py, size=1078)
2026-02-03 09:58:59,571 - Knowledge - INFO - Worker kw12 processing /app/data/T0002/210888/b48252o/odoo-210888/addons/account_report/report/__init__.py
2026-02-03 09:58:59,572 - Knowledge - INFO - Worker kw3 processing /app/data/T0002/210888/b48252o/odoo-210888/addons/hr_attendance/report/bymonth.py
2026-02-03 09:58:59,641 - Knowledge - INFO - Worker kw11 processing /app/data/T0002/210888/b48252o/odoo-210888/addons/project_retro_planning/__init__.py
2026-02-03 09:58:59,646 - Knowledge - INFO - [kw16] Queue=1123, InProgress=0, PendingWorkers=14/16, Completed=0/1263 (0.0%)
2026-02-03 09:58:59,647 - Knowledge - INFO - Batch sizing: calculated=10, max_allowed=10, queue=1133, active_workers=14/16
2026-02-03 09:58:59,650 - Knowledge - INFO - knowledge worker kw17 start
2026-02-03 09:58:59,650 - Knowledge - INFO - Fast-tracked /app/data/T0002/210888/b48252o/odoo-210888/addons/board/__terp__.py (ext=.py, size=1428)
2026-02-03 09:58:59,650 - Knowledge - INFO - Worker kw18 created using shared MongoDB connection pool
2026-02-03 09:58:59,651 - Knowledge - INFO - Worker kw13 processing /app/data/T0002/210888/b48252o/odoo-210888/addons/event_project/wizard/project_wizard.py
2026-02-03 09:58:59,651 - Knowledge - INFO - Worker kw4 processing /app/data/T0002/210888/b48252o/odoo-210888/addons/hr_attendance/hr_attendance_view.xml
2026-02-03 09:58:59,652 - Knowledge - INFO - Worker kw8 processing /app/data/T0002/210888/b48252o/odoo-210888/addons/account_voucher/wizard/__init__.py
2026-02-03 09:58:59,653 - Knowledge - INFO - Worker kw13 processing /app/data/T0002/210888/b48252o/odoo-210888/addons/event_project/wizard/event_task.py
2026-02-03 09:58:59,654 - Knowledge - INFO - Worker kw14 processing /app/data/T0002/210888/b48252o/odoo-210888/addons/account_analytic_analysis/account_analytic_analysis.py
2026-02-03 09:58:59,654 - Knowledge - INFO - Worker kw10 processing /app/data/T0002/210888/b48252o/odoo-210888/addons/base_module_quality/base_module_quality.py
2026-02-03 09:58:59,656 - Knowledge - INFO - Batch sizing: calculated=10, max_allowed=10, queue=1123, active_workers=14/17
2026-02-03 09:58:59,656 - Knowledge - INFO - Worker kw2 processing /app/data/T0002/210888/b48252o/odoo-210888/addons/report_analytic/__init__.py
2026-02-03 09:58:59,656 - Knowledge - INFO - Worker kw9 processing /app/data/T0002/210888/b48252o/odoo-210888/addons/base_module_quality/wizard/module_quality_check.py
2026-02-03 09:58:59,658 - Knowledge - INFO - Worker kw15 processing /app/data/T0002/210888/b48252o/odoo-210888/addons/profile_manufacturing/profile_manufacturing.py
2026-02-03 09:59:00,368 - Knowledge - INFO - Fast-tracked /app/data/T0002/210888/b48252o/odoo-210888/addons/project_retro_planning/__init__.py (ext=.py, size=1087)
2026-02-03 09:59:00,368 - Knowledge - INFO - Worker kw5 processing /app/data/T0002/210888/b48252o/odoo-210888/addons/account_voucher/report/rml_parse.py
2026-02-03 09:59:00,369 - Knowledge - INFO - Fast-tracked /app/data/T0002/210888/b48252o/odoo-210888/addons/account_report/report/__init__.py (ext=.py, size=1107)
2026-02-03 09:59:00,372 - Knowledge - INFO - Worker kw3 processing /app/data/T0002/210888/b48252o/odoo-210888/addons/hr_attendance/report/attendance_errors.py
2026-02-03 09:59:00,378 - Knowledge - INFO - [kw17] Queue=1113, InProgress=0, PendingWorkers=15/17, Completed=0/1263 (0.0%)
2026-02-03 09:59:00,378 - Knowledge - INFO - Worker kw7 processing /app/data/T0002/210888/b48252o/odoo-210888/addons/board/wizard/__init__.py
2026-02-03 09:59:00,380 - Knowledge - INFO - knowledge worker kw18 start
2026-02-03 09:59:00,380 - Knowledge - INFO - Worker kw19 created using shared MongoDB connection pool
2026-02-03 09:59:00,441 - Knowledge - INFO - Fast-tracked /app/data/T0002/210888/b48252o/odoo-210888/addons/hr_attendance/hr_attendance_view.xml (ext=.xml, size=4669)
2026-02-03 09:59:00,447 - Knowledge - INFO - Worker kw6 processing /app/data/T0002/210888/b48252o/odoo-210888/addons/base_module_quality/pep8_test/__init__.py
2026-02-03 09:59:00,455 - Knowledge - INFO - Worker kw13 processing /app/data/T0002/210888/b48252o/odoo-210888/addons/event_project/wizard/__init__.py
2026-02-03 09:59:00,460 - Knowledge - INFO - Fast-tracked /app/data/T0002/210888/b48252o/odoo-210888/addons/account_voucher/wizard/__init__.py (ext=.py, size=20)
2026-02-03 09:59:00,461 - Knowledge - INFO - Worker kw14 processing /app/data/T0002/210888/b48252o/odoo-210888/addons/account_analytic_analysis/__init__.py
2026-02-03 09:59:00,463 - Knowledge - INFO - Worker kw16 processing /app/data/T0002/210888/b48252o/odoo-210888/addons/delivery/delivery_wizard.xml
2026-02-03 09:59:00,466 - Knowledge - INFO - Worker kw11 processing /app/data/T0002/210888/b48252o/odoo-210888/addons/project_retro_planning/project_retro_planning.py
2026-02-03 09:59:00,468 - Knowledge - INFO - Fast-tracked /app/data/T0002/210888/b48252o/odoo-210888/addons/delivery/delivery_wizard.xml (ext=.xml, size=248)
2026-02-03 09:59:00,469 - Knowledge - INFO - Worker kw15 processing /app/data/T0002/210888/b48252o/odoo-210888/addons/profile_manufacturing/__init__.py
2026-02-03 09:59:00,469 - Knowledge - INFO - Worker kw10 processing /app/data/T0002/210888/b48252o/odoo-210888/addons/purchase_manual/__terp__.py
2026-02-03 09:59:00,470 - Knowledge - INFO - Worker kw9 processing /app/data/T0002/210888/b48252o/odoo-210888/addons/base_module_quality/wizard/quality_save_report.py
2026-02-03 09:59:00,471 - Knowledge - INFO - Worker kw12 processing /app/data/T0002/210888/b48252o/odoo-210888/addons/account_report/account_view.xml
2026-02-03 09:59:00,472 - Knowledge - INFO - Worker kw5 processing /app/data/T0002/210888/b48252o/odoo-210888/addons/account_voucher/report/report_voucher.py
2026-02-03 09:59:00,473 - Knowledge - INFO - Batch sizing: calculated=10, max_allowed=10, queue=1113, active_workers=16/18
2026-02-03 09:59:00,475 - Knowledge - INFO - knowledge worker kw19 start
2026-02-03 09:59:00,475 - Knowledge - INFO - [kw18] Queue=1103, InProgress=0, PendingWorkers=16/18, Completed=0/1263 (0.0%)
2026-02-03 09:59:00,476 - Knowledge - INFO - Worker kw20 created using shared MongoDB connection pool
2026-02-03 09:59:00,539 - Knowledge - INFO - Fast-tracked /app/data/T0002/210888/b48252o/odoo-210888/addons/board/wizard/__init__.py (ext=.py, size=1079)
2026-02-03 09:59:00,542 - Knowledge - INFO - Fast-tracked /app/data/T0002/210888/b48252o/odoo-210888/addons/base_module_quality/pep8_test/__init__.py (ext=.py, size=1057)
2026-02-03 09:59:00,544 - Knowledge - INFO - Worker kw8 processing /app/data/T0002/210888/b48252o/odoo-210888/addons/account_voucher/voucher_view.xml
2026-02-03 09:59:00,544 - Knowledge - INFO - Fast-tracked /app/data/T0002/210888/b48252o/odoo-210888/addons/event_project/wizard/__init__.py (ext=.py, size=1098)
2026-02-03 09:59:00,550 - Knowledge - INFO - Worker kw16 processing /app/data/T0002/210888/b48252o/odoo-210888/addons/delivery/stock.py
2026-02-03 09:59:00,550 - Knowledge - INFO - Fast-tracked /app/data/T0002/210888/b48252o/odoo-210888/addons/account_analytic_analysis/__init__.py (ext=.py, size=1092)
2026-02-03 09:59:00,550 - Knowledge - INFO - Worker kw11 processing /app/data/T0002/210888/b48252o/odoo-210888/addons/report_account/report_receivable.py
2026-02-03 09:59:00,552 - Knowledge - INFO - Fast-tracked /app/data/T0002/210888/b48252o/odoo-210888/addons/report_analytic/__init__.py (ext=.py, size=1082)
2026-02-03 09:59:00,553 - Knowledge - INFO - Fast-tracked /app/data/T0002/210888/b48252o/odoo-210888/addons/profile_manufacturing/__init__.py (ext=.py, size=1087)
2026-02-03 09:59:00,559 - Knowledge - INFO - Fast-tracked /app/data/T0002/210888/b48252o/odoo-210888/addons/purchase_manual/__terp__.py (ext=.py, size=1590)
2026-02-03 09:59:00,562 - Knowledge - INFO - Worker kw9 processing /app/data/T0002/210888/b48252o/odoo-210888/addons/base_module_quality/wizard/__init__.py
2026-02-03 09:59:00,562 - Knowledge - INFO - Fast-tracked /app/data/T0002/210888/b48252o/odoo-210888/addons/hr_attendance/wizard/print_bymonth.py (small file (2329 bytes))
2026-02-03 09:59:00,563 - Knowledge - INFO - Worker kw17 processing /app/data/T0002/210888/b48252o/odoo-210888/addons/wiki/__terp__.py
2026-02-03 09:59:00,566 - Knowledge - INFO - Fast-tracked /app/data/T0002/210888/b48252o/odoo-210888/addons/account_report/account_view.xml (ext=.xml, size=11530)
2026-02-03 09:59:00,569 - Knowledge - INFO - [kw19] Queue=1093, InProgress=0, PendingWorkers=17/19, Completed=0/1263 (0.0%)
2026-02-03 09:59:00,571 - Knowledge - INFO - Batch sizing: calculated=10, max_allowed=10, queue=1103, active_workers=17/19
2026-02-03 09:59:00,573 - Knowledge - INFO - knowledge worker kw20 start
2026-02-03 09:59:00,641 - Knowledge - INFO - Worker kw7 processing /app/data/T0002/210888/b48252o/odoo-210888/addons/board/wizard/board_wizard.py
2026-02-03 09:59:00,643 - Knowledge - INFO - Worker kw6 processing /app/data/T0002/210888/b48252o/odoo-210888/addons/base_module_quality/README.txt
2026-02-03 09:59:00,654 - Knowledge - INFO - Fast-tracked /app/data/T0002/210888/b48252o/odoo-210888/addons/account_voucher/voucher_view.xml (ext=.xml, size=12971)
2026-02-03 09:59:00,660 - Knowledge - INFO - Worker kw13 processing /app/data/T0002/210888/b48252o/odoo-210888/addons/event_project/event_wizard.xml
2026-02-03 09:59:00,757 - Knowledge - INFO - Worker kw16 processing /app/data/T0002/210888/b48252o/odoo-210888/addons/delivery/delivery.py
2026-02-03 09:59:00,758 - Knowledge - INFO - Worker kw14 processing /app/data/T0002/210888/b48252o/odoo-210888/addons/account_analytic_analysis/account_analytic_analysis_menu.xml
2026-02-03 09:59:00,762 - Knowledge - INFO - Worker kw2 processing /app/data/T0002/210888/b48252o/odoo-210888/addons/report_sale/report_sale_graph.xml
2026-02-03 09:59:00,766 - Knowledge - INFO - Worker kw15 processing /app/data/T0002/210888/b48252o/odoo-210888/addons/delivery/delivery_data.xml
2026-02-03 09:59:00,767 - Knowledge - INFO - Fast-tracked /app/data/T0002/210888/b48252o/odoo-210888/addons/account_analytic_analysis/account_analytic_analysis_menu.xml (ext=.xml, size=6449)
2026-02-03 09:59:00,842 - Knowledge - INFO - Fast-tracked /app/data/T0002/210888/b48252o/odoo-210888/addons/delivery/delivery_data.xml (ext=.xml, size=387)
2026-02-03 09:59:00,848 - Knowledge - INFO - Fast-tracked /app/data/T0002/210888/b48252o/odoo-210888/addons/base_module_quality/wizard/__init__.py (ext=.py, size=1112)
2026-02-03 09:59:00,856 - Knowledge - INFO - Worker kw12 processing /app/data/T0002/210888/b48252o/odoo-210888/addons/account_report/__terp__.py
2026-02-03 09:59:00,860 - Knowledge - INFO - Fast-tracked /app/data/T0002/210888/b48252o/odoo-210888/addons/wiki/__terp__.py (ext=.py, size=742)
2026-02-03 09:59:00,862 - Knowledge - INFO - Batch sizing: calculated=10, max_allowed=10, queue=1093, active_workers=17/20
2026-02-03 09:59:00,863 - Knowledge - INFO - Fast-tracked /app/data/T0002/210888/b48252o/odoo-210888/addons/hr_attendance/wizard/print_byweek.py (small file (2020 bytes))
2026-02-03 09:59:00,863 - Knowledge - INFO - Worker kw18 processing /app/data/T0002/210888/b48252o/odoo-210888/addons/board_account/__terp__.py
2026-02-03 09:59:00,944 - Knowledge - INFO - [kw20] Queue=1083, InProgress=0, PendingWorkers=18/20, Completed=0/1263 (0.0%)
2026-02-03 09:59:00,945 - Knowledge - INFO - Worker kw7 processing /app/data/T0002/210888/b48252o/odoo-210888/addons/board/board_view.xml
2026-02-03 09:59:00,945 - Knowledge - INFO - Worker kw8 processing /app/data/T0002/210888/b48252o/odoo-210888/addons/account_voucher/voucher_workflow.xml
2026-02-03 09:59:00,946 - Knowledge - INFO - Fast-tracked /app/data/T0002/210888/b48252o/odoo-210888/addons/base_module_quality/README.txt (ext=.txt, size=545)
2026-02-03 09:59:00,950 - Knowledge - INFO - Fast-tracked /app/data/T0002/210888/b48252o/odoo-210888/addons/event_project/event_wizard.xml (ext=.xml, size=372)
2026-02-03 09:59:00,955 - Knowledge - INFO - Worker kw16 processing /app/data/T0002/210888/b48252o/odoo-210888/addons/delivery/delivery_demo.xml
2026-02-03 09:59:00,956 - Knowledge - INFO - Worker kw11 processing /app/data/T0002/210888/b48252o/odoo-210888/addons/report_account/report_receivable_view.xml
2026-02-03 09:59:01,036 - Knowledge - INFO - Fast-tracked /app/data/T0002/210888/b48252o/odoo-210888/addons/report_sale/report_sale_graph.xml (ext=.xml, size=5648)
2026-02-03 09:59:01,041 - Knowledge - INFO - Worker kw10 processing /app/data/T0002/210888/b48252o/odoo-210888/addons/purchase_manual/wizard/wizard_purchase_line_invoice.py
2026-02-03 09:59:01,042 - Knowledge - INFO - Worker kw14 processing /app/data/T0002/210888/b48252o/odoo-210888/addons/board_association/__terp__.py
2026-02-03 09:59:01,042 - Knowledge - INFO - Fast-tracked /app/data/T0002/210888/b48252o/odoo-210888/addons/account_voucher/report/report_voucher.py (small file (2911 bytes))
2026-02-03 09:59:01,043 - Knowledge - INFO - Worker kw15 processing /app/data/T0002/210888/b48252o/odoo-210888/addons/delivery/sale.py
2026-02-03 09:59:01,043 - Knowledge - INFO - Worker kw9 processing /app/data/T0002/210888/b48252o/odoo-210888/addons/base_module_quality/base_module_quality_view.xml
2026-02-03 09:59:01,047 - Knowledge - INFO - Worker kw17 processing /app/data/T0002/210888/b48252o/odoo-210888/addons/wiki/wizard/show_diff.py
2026-02-03 09:59:01,049 - Knowledge - INFO - Worker kw19 processing /app/data/T0002/210888/b48252o/odoo-210888/addons/stock/report/lot_overview.py
2026-02-03 09:59:01,050 - Knowledge - INFO - Fast-tracked /app/data/T0002/210888/b48252o/odoo-210888/addons/account_report/__terp__.py (ext=.py, size=1640)
2026-02-03 09:59:01,052 - Knowledge - INFO - Worker kw17 processing /app/data/T0002/210888/b48252o/odoo-210888/addons/wiki/wizard/make_index.py
2026-02-03 09:59:01,053 - Knowledge - INFO - Batch sizing: calculated=10, max_allowed=10, queue=1083, active_workers=19/20
2026-02-03 09:59:01,054 - Knowledge - INFO - Fast-tracked /app/data/T0002/210888/b48252o/odoo-210888/addons/board_account/__terp__.py (ext=.py, size=1855)
2026-02-03 09:59:01,056 - Knowledge - INFO - Worker kw6 processing /app/data/T0002/210888/b48252o/odoo-210888/addons/base_module_quality/terp_test/terp_test.py
2026-02-03 09:59:01,057 - Knowledge - INFO - Fast-tracked /app/data/T0002/210888/b48252o/odoo-210888/addons/board/board_view.xml (ext=.xml, size=4403)
2026-02-03 09:59:01,058 - Knowledge - INFO - Worker kw13 processing /app/data/T0002/210888/b48252o/odoo-210888/addons/event_project/event.py
2026-02-03 09:59:01,058 - Knowledge - INFO - Fast-tracked /app/data/T0002/210888/b48252o/odoo-210888/addons/account_voucher/voucher_workflow.xml (ext=.xml, size=2899)
2026-02-03 09:59:01,060 - Knowledge - INFO - Worker kw2 processing /app/data/T0002/210888/b48252o/odoo-210888/addons/report_sale/__terp__.py
2026-02-03 09:59:01,062 - Knowledge - INFO - Fast-tracked /app/data/T0002/210888/b48252o/odoo-210888/addons/delivery/delivery_demo.xml (ext=.xml, size=2677)
2026-02-03 09:59:01,139 - Knowledge - INFO - Worker kw10 processing /app/data/T0002/210888/b48252o/odoo-210888/addons/purchase_manual/wizard/__init__.py
2026-02-03 09:59:01,141 - Knowledge - INFO - Fast-tracked /app/data/T0002/210888/b48252o/odoo-210888/addons/report_account/report_receivable_view.xml (ext=.xml, size=5243)
2026-02-03 09:59:01,145 - Knowledge - INFO - Fast-tracked /app/data/T0002/210888/b48252o/odoo-210888/addons/board_association/__terp__.py (ext=.py, size=1511)
2026-02-03 09:59:01,146 - Knowledge - INFO - Worker kw15 processing /app/data/T0002/210888/b48252o/odoo-210888/addons/delivery/__terp__.py
2026-02-03 09:59:01,147 - Knowledge - INFO - Worker kw12 processing /app/data/T0002/210888/b48252o/odoo-210888/addons/account_report/wizard/wizard_print_indicators.py
2026-02-03 09:59:01,150 - Knowledge - INFO - Fast-tracked /app/data/T0002/210888/b48252o/odoo-210888/addons/base_module_quality/base_module_quality_view.xml (ext=.xml, size=3251)
2026-02-03 09:59:01,151 - Knowledge - INFO - Worker kw19 processing /app/data/T0002/210888/b48252o/odoo-210888/addons/stock/report/lot_location.py
2026-02-03 09:59:01,152 - Knowledge - INFO - Worker kw20 processing /app/data/T0002/210888/b48252o/odoo-210888/addons/stock/report_stock.py
2026-02-03 09:59:01,152 - Knowledge - INFO - Worker kw18 processing /app/data/T0002/210888/b48252o/odoo-210888/addons/board_account/board_account_view.xml
2026-02-03 09:59:01,158 - Knowledge - INFO - Worker kw17 processing /app/data/T0002/210888/b48252o/odoo-210888/addons/wiki/wizard/wizard_view.xml
2026-02-03 09:59:01,159 - Knowledge - INFO - Worker kw6 processing /app/data/T0002/210888/b48252o/odoo-210888/addons/base_module_quality/terp_test/__init__.py
2026-02-03 09:59:01,161 - Knowledge - INFO - Worker kw7 processing /app/data/T0002/210888/b48252o/odoo-210888/addons/board/__init__.py
2026-02-03 09:59:01,242 - Knowledge - INFO - Worker kw8 processing /app/data/T0002/210888/b48252o/odoo-210888/addons/account_voucher/voucher.py
2026-02-03 09:59:01,245 - Knowledge - INFO - Worker kw13 processing /app/data/T0002/210888/b48252o/odoo-210888/addons/event_project/event_view.xml
2026-02-03 09:59:01,248 - Knowledge - INFO - Worker kw16 processing /app/data/T0002/210888/b48252o/odoo-210888/addons/delivery/__init__.py
2026-02-03 09:59:01,252 - Knowledge - INFO - Fast-tracked /app/data/T0002/210888/b48252o/odoo-210888/addons/report_sale/__terp__.py (ext=.py, size=1832)
2026-02-03 09:59:01,253 - Knowledge - INFO - Fast-tracked /app/data/T0002/210888/b48252o/odoo-210888/addons/delivery/__init__.py (ext=.py, size=1145)
2026-02-03 09:59:01,254 - Knowledge - INFO - Worker kw11 processing /app/data/T0002/210888/b48252o/odoo-210888/addons/report_account/__terp__.py
2026-02-03 09:59:01,341 - Knowledge - INFO - Worker kw14 processing /app/data/T0002/210888/b48252o/odoo-210888/addons/board_association/board_association_view.xml
2026-02-03 09:59:01,347 - Knowledge - INFO - Worker kw9 processing /app/data/T0002/210888/b48252o/odoo-210888/addons/base_module_quality/__init__.py
2026-02-03 09:59:01,348 - Knowledge - INFO - Fast-tracked /app/data/T0002/210888/b48252o/odoo-210888/addons/delivery/__terp__.py (ext=.py, size=1803)
2026-02-03 09:59:01,349 - Knowledge - INFO - Worker kw12 processing /app/data/T0002/210888/b48252o/odoo-210888/addons/account_report/wizard/__init__.py
2026-02-03 09:59:01,350 - Knowledge - INFO - Worker kw19 processing /app/data/T0002/210888/b48252o/odoo-210888/addons/stock/report/stock_by_location.py
2026-02-03 09:59:01,351 - Knowledge - INFO - Worker kw20 processing /app/data/T0002/210888/b48252o/odoo-210888/addons/stock/stock_incoterms.xml
2026-02-03 09:59:01,355 - Knowledge - INFO - Fast-tracked /app/data/T0002/210888/b48252o/odoo-210888/addons/board_account/board_account_view.xml (ext=.xml, size=4149)
2026-02-03 09:59:01,358 - Knowledge - INFO - Fast-tracked /app/data/T0002/210888/b48252o/odoo-210888/addons/wiki/wizard/wizard_view.xml (ext=.xml, size=1022)
2026-02-03 09:59:01,440 - Knowledge - INFO - Worker kw17 processing /app/data/T0002/210888/b48252o/odoo-210888/addons/wiki/wizard/open_page.py
2026-02-03 09:59:01,440 - Knowledge - INFO - Fast-tracked /app/data/T0002/210888/b48252o/odoo-210888/addons/base_module_quality/terp_test/__init__.py (ext=.py, size=1057)
2026-02-03 09:59:01,445 - Knowledge - INFO - Worker kw8 processing /app/data/T0002/210888/b48252o/odoo-210888/addons/account_voucher/voucher_sequence.xml
2026-02-03 09:59:01,449 - Knowledge - INFO - Fast-tracked /app/data/T0002/210888/b48252o/odoo-210888/addons/event_project/event_view.xml (ext=.xml, size=1537)
2026-02-03 09:59:01,449 - Knowledge - INFO - Fast-tracked /app/data/T0002/210888/b48252o/odoo-210888/addons/purchase_manual/wizard/__init__.py (ext=.py, size=36)
2026-02-03 09:59:01,450 - Knowledge - INFO - Worker kw16 processing /app/data/T0002/210888/b48252o/odoo-210888/addons/wiki/data/wiki_faq.xml
2026-02-03 09:59:01,459 - Knowledge - INFO - Fast-tracked /app/data/T0002/210888/b48252o/odoo-210888/addons/report_account/__terp__.py (ext=.py, size=1556)
2026-02-03 09:59:01,539 - Knowledge - INFO - Fast-tracked /app/data/T0002/210888/b48252o/odoo-210888/addons/board_association/board_association_view.xml (ext=.xml, size=2665)
2026-02-03 09:59:01,543 - Knowledge - INFO - Worker kw15 processing /app/data/T0002/210888/b48252o/odoo-210888/addons/delivery/wizard/delivery_sale_order.py
2026-02-03 09:59:01,544 - Knowledge - INFO - Fast-tracked /app/data/T0002/210888/b48252o/odoo-210888/addons/base_module_quality/__init__.py (ext=.py, size=1097)
2026-02-03 09:59:01,548 - Knowledge - INFO - Worker kw18 processing /app/data/T0002/210888/b48252o/odoo-210888/addons/board_account/__init__.py
2026-02-03 09:59:01,553 - Knowledge - INFO - Fast-tracked /app/data/T0002/210888/b48252o/odoo-210888/addons/account_report/wizard/__init__.py (ext=.py, size=1128)
2026-02-03 09:59:01,554 - Knowledge - INFO - Worker kw19 processing /app/data/T0002/210888/b48252o/odoo-210888/addons/stock/report/lot_move_label.xml
2026-02-03 09:59:01,555 - Knowledge - INFO - Fast-tracked /app/data/T0002/210888/b48252o/odoo-210888/addons/board/__init__.py (ext=.py, size=1086)
2026-02-03 09:59:01,555 - Knowledge - INFO - Fast-tracked /app/data/T0002/210888/b48252o/odoo-210888/addons/stock/stock_incoterms.xml (ext=.xml, size=2220)
2026-02-03 09:59:01,558 - Knowledge - INFO - Fast-tracked /app/data/T0002/210888/b48252o/odoo-210888/addons/report_analytic/report_analytic.py (small file (2700 bytes))
2026-02-03 09:59:01,560 - Knowledge - INFO - Worker kw17 processing /app/data/T0002/210888/b48252o/odoo-210888/addons/wiki/wizard/__init__.py
2026-02-03 09:59:01,640 - Knowledge - INFO - Fast-tracked /app/data/T0002/210888/b48252o/odoo-210888/addons/account_voucher/voucher_sequence.xml (ext=.xml, size=3776)
2026-02-03 09:59:01,642 - Knowledge - INFO - Worker kw13 processing /app/data/T0002/210888/b48252o/odoo-210888/addons/event_project/__init__.py
2026-02-03 09:59:01,647 - Knowledge - INFO - Worker kw10 processing /app/data/T0002/210888/b48252o/odoo-210888/addons/purchase_manual/purchase_manual_view.xml
2026-02-03 09:59:01,648 - Knowledge - INFO - Worker kw11 processing /app/data/T0002/210888/b48252o/odoo-210888/addons/report_account/__init__.py
2026-02-03 09:59:01,650 - Knowledge - INFO - Worker kw14 processing /app/data/T0002/210888/b48252o/odoo-210888/addons/board_association/__init__.py
2026-02-03 09:59:01,650 - Knowledge - INFO - Fast-tracked /app/data/T0002/210888/b48252o/odoo-210888/addons/wiki/data/wiki_faq.xml (ext=.xml, size=2825)
2026-02-03 09:59:01,656 - Knowledge - INFO - Worker kw15 processing /app/data/T0002/210888/b48252o/odoo-210888/addons/delivery/wizard/__init__.py
2026-02-03 09:59:01,659 - Knowledge - INFO - Worker kw12 processing /app/data/T0002/210888/b48252o/odoo-210888/addons/account_report/wizard/wizard_print_indicators_with_pdf.py
2026-02-03 09:59:01,659 - Knowledge - INFO - Fast-tracked /app/data/T0002/210888/b48252o/odoo-210888/addons/board_account/__init__.py (ext=.py, size=1059)
2026-02-03 09:59:01,661 - Knowledge - INFO - Worker kw7 processing /app/data/T0002/210888/b48252o/odoo-210888/addons/board/board.py
2026-02-03 09:59:01,662 - Knowledge - INFO - Fast-tracked /app/data/T0002/210888/b48252o/odoo-210888/addons/stock/report/lot_move_label.xml (ext=.xml, size=498)
2026-02-03 09:59:01,663 - Knowledge - INFO - Worker kw20 processing /app/data/T0002/210888/b48252o/odoo-210888/addons/stock/stock_report.xml
2026-02-03 09:59:01,674 - Knowledge - INFO - Fast-tracked /app/data/T0002/210888/b48252o/odoo-210888/addons/wiki/wizard/__init__.py (ext=.py, size=137)
2026-02-03 09:59:01,741 - Knowledge - INFO - Fast-tracked /app/data/T0002/210888/b48252o/odoo-210888/addons/purchase_manual/purchase_manual_view.xml (ext=.xml, size=4944)
2026-02-03 09:59:01,743 - Knowledge - INFO - Fast-tracked /app/data/T0002/210888/b48252o/odoo-210888/addons/report_account/__init__.py (ext=.py, size=1084)
2026-02-03 09:59:01,747 - Knowledge - INFO - Fast-tracked /app/data/T0002/210888/b48252o/odoo-210888/addons/event_project/__init__.py (ext=.py, size=1084)
2026-02-03 09:59:01,751 - Knowledge - INFO - Fast-tracked /app/data/T0002/210888/b48252o/odoo-210888/addons/board_association/__init__.py (ext=.py, size=1058)
2026-02-03 09:59:01,751 - Knowledge - INFO - Fast-tracked /app/data/T0002/210888/b48252o/odoo-210888/addons/account_voucher/report/report_voucher_amount.py (small file (2006 bytes))
2026-02-03 09:59:01,753 - Knowledge - INFO - Worker kw16 processing /app/data/T0002/210888/b48252o/odoo-210888/addons/wiki/data/wiki_quickstart.xml
2026-02-03 09:59:01,757 - Knowledge - INFO - Worker kw18 processing /app/data/T0002/210888/b48252o/odoo-210888/addons/board_account/board_account_demo.xml
2026-02-03 09:59:01,758 - Knowledge - INFO - Fast-tracked /app/data/T0002/210888/b48252o/odoo-210888/addons/delivery/wizard/__init__.py (ext=.py, size=1086)
2026-02-03 09:59:01,759 - Knowledge - INFO - Worker kw12 processing /app/data/T0002/210888/b48252o/odoo-210888/addons/account_report/__init__.py
2026-02-03 09:59:01,760 - Knowledge - INFO - Worker kw19 processing /app/data/T0002/210888/b48252o/odoo-210888/addons/stock/report/product_stock.py
2026-02-03 09:59:01,764 - Knowledge - INFO - Worker kw7 processing /app/data/T0002/210888/b48252o/odoo-210888/addons/base_module_quality/speed_test/__init__.py
2026-02-03 09:59:01,767 - Knowledge - INFO - Fast-tracked /app/data/T0002/210888/b48252o/odoo-210888/addons/stock/stock_report.xml (ext=.xml, size=1269)
2026-02-03 09:59:01,769 - Knowledge - INFO - Worker kw17 processing /app/data/T0002/210888/b48252o/odoo-210888/addons/wiki/wizard/create_menu.py
2026-02-03 09:59:01,770 - Knowledge - INFO - Worker kw10 processing /app/data/T0002/210888/b48252o/odoo-210888/addons/purchase_manual/__init__.py
2026-02-03 09:59:01,773 - Knowledge - INFO - Fast-tracked /app/data/T0002/210888/b48252o/odoo-210888/addons/base_module_quality/__terp__.py (small file (2048 bytes))
2026-02-03 09:59:01,777 - Knowledge - INFO - Worker kw11 processing /app/data/T0002/210888/b48252o/odoo-210888/addons/account_report/account.py
2026-02-03 09:59:01,839 - Knowledge - INFO - Worker kw14 processing /app/data/T0002/210888/b48252o/odoo-210888/addons/board_association/board_association_demo.xml
2026-02-03 09:59:01,847 - Knowledge - INFO - Worker kw15 processing /app/data/T0002/210888/b48252o/odoo-210888/addons/delivery/partner_view.xml
2026-02-03 09:59:01,849 - Knowledge - INFO - Fast-tracked /app/data/T0002/210888/b48252o/odoo-210888/addons/wiki/data/wiki_quickstart.xml (ext=.xml, size=2985)
2026-02-03 09:59:01,852 - Knowledge - INFO - Fast-tracked /app/data/T0002/210888/b48252o/odoo-210888/addons/board_account/board_account_demo.xml (ext=.xml, size=675)
2026-02-03 09:59:01,858 - Knowledge - INFO - Fast-tracked /app/data/T0002/210888/b48252o/odoo-210888/addons/account_report/__init__.py (ext=.py, size=1102)
2026-02-03 09:59:01,861 - Knowledge - INFO - Worker kw19 processing /app/data/T0002/210888/b48252o/odoo-210888/addons/stock/report/UPS.xml
2026-02-03 09:59:01,862 - Knowledge - INFO - Worker kw20 processing /app/data/T0002/210888/b48252o/odoo-210888/addons/stock/__terp__.py
2026-02-03 09:59:01,863 - Knowledge - INFO - Fast-tracked /app/data/T0002/210888/b48252o/odoo-210888/addons/base_module_quality/speed_test/__init__.py (ext=.py, size=1057)
2026-02-03 09:59:01,868 - Knowledge - INFO - Worker kw17 processing /app/data/T0002/210888/b48252o/odoo-210888/addons/wiki/wiki_view.xml
2026-02-03 09:59:01,949 - Knowledge - INFO - Fast-tracked /app/data/T0002/210888/b48252o/odoo-210888/addons/purchase_manual/__init__.py (ext=.py, size=1029)
2026-02-03 09:59:01,953 - Knowledge - INFO - Fast-tracked /app/data/T0002/210888/b48252o/odoo-210888/addons/project_retro_planning/project_retro_planning.py (small file (2458 bytes))
2026-02-03 09:59:02,045 - Knowledge - INFO - Fast-tracked /app/data/T0002/210888/b48252o/odoo-210888/addons/base_module_quality/wizard/module_quality_check.py (small file (2323 bytes))
2026-02-03 09:59:02,046 - Knowledge - INFO - Worker kw13 processing /app/data/T0002/210888/b48252o/odoo-210888/addons/account_analytic_analysis/__terp__.py
2026-02-03 09:59:02,059 - Knowledge - INFO - Worker kw16 processing /app/data/T0002/210888/b48252o/odoo-210888/addons/wiki/data/wiki_quality.xml
2026-02-03 09:59:02,059 - Knowledge - INFO - Fast-tracked /app/data/T0002/210888/b48252o/odoo-210888/addons/board_association/board_association_demo.xml (ext=.xml, size=571)
2026-02-03 09:59:02,138 - Knowledge - INFO - Fast-tracked /app/data/T0002/210888/b48252o/odoo-210888/addons/delivery/partner_view.xml (ext=.xml, size=760)
2026-02-03 09:59:02,145 - Knowledge - INFO - Worker kw18 processing /app/data/T0002/210888/b48252o/odoo-210888/addons/stock/report_stock_view.xml
2026-02-03 09:59:02,159 - Knowledge - INFO - Fast-tracked /app/data/T0002/210888/b48252o/odoo-210888/addons/stock/report/UPS.xml (ext=.xml, size=1148)
2026-02-03 09:59:02,160 - Knowledge - INFO - Worker kw20 processing /app/data/T0002/210888/b48252o/odoo-210888/addons/stock/wizard/wizard_location_product.py
2026-02-03 09:59:02,165 - Knowledge - INFO - Fast-tracked /app/data/T0002/210888/b48252o/odoo-210888/addons/wiki/wiki_view.xml (ext=.xml, size=8532)
2026-02-03 09:59:02,167 - Knowledge - INFO - Fast-tracked /app/data/T0002/210888/b48252o/odoo-210888/addons/board/wizard/board_wizard.py (small file (3052 bytes))
2026-02-03 09:59:02,169 - Knowledge - INFO - Fast-tracked /app/data/T0002/210888/b48252o/odoo-210888/addons/base_module_quality/wizard/quality_save_report.py (small file (2154 bytes))
2026-02-03 09:59:02,174 - Knowledge - INFO - Worker kw14 processing /app/data/T0002/210888/b48252o/odoo-210888/addons/profile_manufacturing/__terp__.py
2026-02-03 09:59:02,175 - Knowledge - INFO - Fast-tracked /app/data/T0002/210888/b48252o/odoo-210888/addons/account_analytic_analysis/__terp__.py (ext=.py, size=1867)
2026-02-03 09:59:02,237 - Knowledge - INFO - Fast-tracked /app/data/T0002/210888/b48252o/odoo-210888/addons/wiki/data/wiki_quality.xml (ext=.xml, size=39)
2026-02-03 09:59:02,241 - Knowledge - INFO - Fast-tracked /app/data/T0002/210888/b48252o/odoo-210888/addons/account_report/report/accounting_report.py (small file (2210 bytes))
2026-02-03 09:59:02,242 - Knowledge - INFO - Worker kw15 processing /app/data/T0002/210888/b48252o/odoo-210888/addons/delivery/delivery_view.xml
2026-02-03 09:59:02,250 - Knowledge - INFO - Worker kw19 processing /app/data/T0002/210888/b48252o/odoo-210888/addons/stock/report/__init__.py
2026-02-03 09:59:02,261 - Knowledge - INFO - Fast-tracked /app/data/T0002/210888/b48252o/odoo-210888/addons/stock/report_stock_view.xml (ext=.xml, size=4800)
2026-02-03 09:59:02,266 - Knowledge - INFO - Worker kw17 processing /app/data/T0002/210888/b48252o/odoo-210888/addons/wiki/wiki.py
2026-02-03 09:59:02,266 - Knowledge - INFO - Worker kw20 processing /app/data/T0002/210888/b48252o/odoo-210888/addons/stock/wizard/wizard_split_lot_line.py
2026-02-03 09:59:02,274 - Knowledge - INFO - Fast-tracked /app/data/T0002/210888/b48252o/odoo-210888/addons/profile_manufacturing/__terp__.py (ext=.py, size=1534)
2026-02-03 09:59:02,343 - Knowledge - INFO - Worker kw16 processing /app/data/T0002/210888/b48252o/odoo-210888/addons/wiki/data/wiki_help.xml
2026-02-03 09:59:02,345 - Knowledge - INFO - Fast-tracked /app/data/T0002/210888/b48252o/odoo-210888/addons/event_project/wizard/project_wizard.py (small file (2595 bytes))
2026-02-03 09:59:02,361 - Knowledge - INFO - Fast-tracked /app/data/T0002/210888/b48252o/odoo-210888/addons/delivery/delivery_view.xml (ext=.xml, size=9805)
2026-02-03 09:59:02,362 - Knowledge - INFO - Fast-tracked /app/data/T0002/210888/b48252o/odoo-210888/addons/account_report/wizard/wizard_print_indicators.py (small file (2956 bytes))
2026-02-03 09:59:02,364 - Knowledge - INFO - Worker kw18 processing /app/data/T0002/210888/b48252o/odoo-210888/addons/stock/security/stock_security.xml
2026-02-03 09:59:02,366 - Knowledge - INFO - Fast-tracked /app/data/T0002/210888/b48252o/odoo-210888/addons/stock/report/__init__.py (ext=.py, size=1191)
2026-02-03 09:59:02,373 - Knowledge - INFO - Worker kw14 processing /app/data/T0002/210888/b48252o/odoo-210888/addons/profile_manufacturing/profile_manufacturing.xml
2026-02-03 09:59:02,374 - Knowledge - INFO - Worker kw17 processing /app/data/T0002/210888/b48252o/odoo-210888/addons/wiki/__init__.py
2026-02-03 09:59:02,376 - Knowledge - INFO - Worker kw20 processing /app/data/T0002/210888/b48252o/odoo-210888/addons/stock/wizard/wizard_partial_picking.py
2026-02-03 09:59:02,378 - Knowledge - INFO - Fast-tracked /app/data/T0002/210888/b48252o/odoo-210888/addons/wiki/data/wiki_help.xml (ext=.xml, size=39)
2026-02-03 09:59:02,437 - Knowledge - INFO - Worker kw15 processing /app/data/T0002/210888/b48252o/odoo-210888/addons/delivery/partner.py
2026-02-03 09:59:02,450 - Knowledge - INFO - Fast-tracked /app/data/T0002/210888/b48252o/odoo-210888/addons/event_project/wizard/event_task.py (small file (2048 bytes))
2026-02-03 09:59:02,455 - Knowledge - INFO - Worker kw19 processing /app/data/T0002/210888/b48252o/odoo-210888/addons/stock/report/ups.py
2026-02-03 09:59:02,456 - Knowledge - INFO - Fast-tracked /app/data/T0002/210888/b48252o/odoo-210888/addons/stock/security/stock_security.xml (ext=.xml, size=631)
2026-02-03 09:59:02,457 - Knowledge - INFO - Worker kw16 processing /app/data/T0002/210888/b48252o/odoo-210888/addons/wiki/data/wiki_main.xml
2026-02-03 09:59:02,458 - Knowledge - INFO - Fast-tracked /app/data/T0002/210888/b48252o/odoo-210888/addons/profile_manufacturing/profile_manufacturing.xml (ext=.xml, size=2675)
2026-02-03 09:59:02,459 - Knowledge - INFO - Fast-tracked /app/data/T0002/210888/b48252o/odoo-210888/addons/wiki/__init__.py (ext=.py, size=94)
2026-02-03 09:59:02,460 - Knowledge - INFO - Worker kw20 processing /app/data/T0002/210888/b48252o/odoo-210888/addons/stock/wizard/inventory_merge.py
2026-02-03 09:59:02,461 - Knowledge - INFO - Fast-tracked /app/data/T0002/210888/b48252o/odoo-210888/addons/delivery/partner.py (ext=.py, size=1504)
2026-02-03 09:59:02,463 - Knowledge - INFO - Worker kw18 processing /app/data/T0002/210888/b48252o/odoo-210888/addons/stock/product.py
2026-02-03 09:59:02,469 - Knowledge - INFO - Fast-tracked /app/data/T0002/210888/b48252o/odoo-210888/addons/stock/report/ups.py (ext=.py, size=1549)
2026-02-03 09:59:02,538 - Knowledge - INFO - Fast-tracked /app/data/T0002/210888/b48252o/odoo-210888/addons/event_project/event.py (small file (2665 bytes))
2026-02-03 09:59:02,542 - Knowledge - INFO - Fast-tracked /app/data/T0002/210888/b48252o/odoo-210888/addons/wiki/data/wiki_main.xml (ext=.xml, size=1519)
2026-02-03 09:59:02,552 - Knowledge - INFO - Worker kw20 processing /app/data/T0002/210888/b48252o/odoo-210888/addons/stock/wizard/wizard_invoice_onshipping.py
2026-02-03 09:59:02,554 - Knowledge - INFO - Worker kw19 processing /app/data/T0002/210888/b48252o/odoo-210888/addons/stock/stock_data.xml
2026-02-03 09:59:02,556 - Knowledge - INFO - Worker kw18 processing /app/data/T0002/210888/b48252o/odoo-210888/addons/stock/report/lot_overview_all.py
2026-02-03 09:59:02,557 - Knowledge - INFO - Fast-tracked /app/data/T0002/210888/b48252o/odoo-210888/addons/wiki/wizard/show_diff.py (small file (2060 bytes))
2026-02-03 09:59:02,559 - Knowledge - INFO - Worker kw20 processing /app/data/T0002/210888/b48252o/odoo-210888/addons/stock/wizard/wizard_picking_make.py
2026-02-03 09:59:02,560 - Knowledge - INFO - Fast-tracked /app/data/T0002/210888/b48252o/odoo-210888/addons/stock/stock_data.xml (ext=.xml, size=6011)
2026-02-03 09:59:02,567 - Knowledge - INFO - Worker kw18 processing /app/data/T0002/210888/b48252o/odoo-210888/addons/stock/report/picking.py
2026-02-03 09:59:02,647 - Knowledge - INFO - Worker kw19 processing /app/data/T0002/210888/b48252o/odoo-210888/addons/stock/product_view.xml
2026-02-03 09:59:02,670 - Knowledge - INFO - Fast-tracked /app/data/T0002/210888/b48252o/odoo-210888/addons/stock/report/picking.py (ext=.py, size=1478)
2026-02-03 09:59:02,675 - Knowledge - INFO - Fast-tracked /app/data/T0002/210888/b48252o/odoo-210888/addons/stock/product_view.xml (ext=.xml, size=5128)
2026-02-03 09:59:02,676 - Knowledge - INFO - Worker kw18 processing /app/data/T0002/210888/b48252o/odoo-210888/addons/stock/report/stock_graph.py
2026-02-03 09:59:02,680 - Knowledge - INFO - Fast-tracked /app/data/T0002/210888/b48252o/odoo-210888/addons/delivery/sale.py (small file (2196 bytes))
2026-02-03 09:59:02,761 - Knowledge - INFO - Fast-tracked /app/data/T0002/210888/b48252o/odoo-210888/addons/stock/report/lot_overview.py (small file (2259 bytes))
2026-02-03 09:59:02,769 - Knowledge - INFO - Fast-tracked /app/data/T0002/210888/b48252o/odoo-210888/addons/wiki/wizard/open_page.py (small file (2471 bytes))
2026-02-03 09:59:02,772 - Knowledge - INFO - Fast-tracked /app/data/T0002/210888/b48252o/odoo-210888/addons/stock/report/lot_location.py (small file (2013 bytes))
2026-02-03 09:59:02,848 - Knowledge - INFO - Fast-tracked /app/data/T0002/210888/b48252o/odoo-210888/addons/stock/__terp__.py (small file (2485 bytes))
2026-02-03 09:59:02,850 - Knowledge - INFO - Fast-tracked /app/data/T0002/210888/b48252o/odoo-210888/addons/wiki/wizard/create_menu.py (small file (2973 bytes))
2026-02-03 09:59:02,852 - Knowledge - INFO - Fast-tracked /app/data/T0002/210888/b48252o/odoo-210888/addons/stock/wizard/wizard_location_product.py (small file (2711 bytes))
2026-02-03 09:59:02,967 - Knowledge - INFO - Fast-tracked /app/data/T0002/210888/b48252o/odoo-210888/addons/stock/report/lot_overview_all.py (small file (2283 bytes))
2026-02-03 09:59:03,171 - Knowledge - INFO - Processing batch of 10 files
2026-02-03 09:59:03,171 - Knowledge - INFO - process ingested knowledge for /app/data/T0002/210888/b48252o/odoo-210888/addons/account_report/account_report.xml
2026-02-03 09:59:03,173 - Knowledge - INFO - process ingested knowledge for /app/data/T0002/210888/b48252o/odoo-210888/addons/event_project/__terp__.py
2026-02-03 09:59:03,175 - Knowledge - INFO - process ingested knowledge for /app/data/T0002/210888/b48252o/odoo-210888/addons/event_project/wizard/project_wizard.py
2026-02-03 09:59:03,178 - Knowledge - INFO - process ingested knowledge for /app/data/T0002/210888/b48252o/odoo-210888/addons/event_project/wizard/event_task.py
2026-02-03 09:59:03,181 - Knowledge - INFO - process ingested knowledge for /app/data/T0002/210888/b48252o/odoo-210888/addons/event_project/wizard/__init__.py
2026-02-03 09:59:03,181 - Knowledge - INFO - process ingested knowledge for /app/data/T0002/210888/b48252o/odoo-210888/addons/event_project/event_wizard.xml
2026-02-03 09:59:03,183 - Knowledge - INFO - process ingested knowledge for /app/data/T0002/210888/b48252o/odoo-210888/addons/event_project/event.py
2026-02-03 09:59:03,183 - Knowledge - INFO - process ingested knowledge for /app/data/T0002/210888/b48252o/odoo-210888/addons/event_project/event_view.xml
2026-02-03 09:59:03,184 - Knowledge - INFO - Fast-tracked /app/data/T0002/210888/b48252o/odoo-210888/addons/stock/wizard/wizard_picking_make.py (small file (2885 bytes))
2026-02-03 09:59:03,240 - Knowledge - INFO - process ingested knowledge for /app/data/T0002/210888/b48252o/odoo-210888/addons/event_project/__init__.py
2026-02-03 09:59:03,248 - Knowledge - INFO - process ingested knowledge for /app/data/T0002/210888/b48252o/odoo-210888/addons/account_analytic_analysis/__terp__.py
2026-02-03 09:59:33,046 - Knowledge - INFO - [WEBSOCKET] Sent: Type=progress_update, Size: 290, Duration: 0ms
2026-02-03 09:59:33,972 - Knowledge - INFO - [WEBSOCKET] Sent: Type=unknown, Size: ?, Duration: 927ms
2026-02-03 09:59:34,238 - Knowledge - INFO - Progress: 0.8% | Files: 10/1263 | Rate: 0.23 files/sec | Queue: 1063
2026-02-03 09:59:34,238 - Knowledge - INFO - [kw13] Queue=1063, InProgress=0, PendingWorkers=20/20, Completed=10/1263 (0.8%)
2026-02-03 09:59:34,238 - Knowledge - INFO - Batch sizing: calculated=10, max_allowed=10, queue=1063, active_workers=20/20
2026-02-03 09:59:34,238 - Knowledge - INFO - Async storing batch of 10 embeddings
2026-02-03 09:59:34,668 - Knowledge - INFO - Worker kw13 processing /app/data/T0002/210888/b48252o/odoo-210888/addons/stock/wizard/wizard_inventory.py
2026-02-03 09:59:35,337 - Knowledge - INFO - Worker kw13 processing /app/data/T0002/210888/b48252o/odoo-210888/addons/stock/wizard/wizard_track_line.py
2026-02-03 09:59:35,349 - Knowledge - INFO - Worker kw13 processing /app/data/T0002/210888/b48252o/odoo-210888/addons/stock/wizard/inventory_merge_zero.py
2026-02-03 09:59:35,739 - Knowledge - INFO - Worker kw13 processing /app/data/T0002/210888/b48252o/odoo-210888/addons/stock/wizard/stock_traceability.py
2026-02-03 09:59:36,272 - Knowledge - INFO - Worker kw13 processing /app/data/T0002/210888/b48252o/odoo-210888/addons/stock/wizard/wizard_replacement.py
2026-02-03 09:59:36,636 - Knowledge - INFO - Worker kw13 processing /app/data/T0002/210888/b48252o/odoo-210888/addons/stock/wizard/__init__.py
2026-02-03 09:59:36,678 - Knowledge - INFO - Fast-tracked /app/data/T0002/210888/b48252o/odoo-210888/addons/stock/wizard/__init__.py (ext=.py, size=1399)
2026-02-03 09:59:36,946 - Knowledge - INFO - Worker kw13 processing /app/data/T0002/210888/b48252o/odoo-210888/addons/stock/wizard/wizard_return.py
2026-02-03 09:59:37,152 - Knowledge - INFO - Worker kw13 processing /app/data/T0002/210888/b48252o/odoo-210888/addons/stock/wizard/wizard_ups.py
2026-02-03 09:59:37,471 - Knowledge - INFO - Worker kw13 processing /app/data/T0002/210888/b48252o/odoo-210888/addons/stock/product_data.xml
2026-02-03 09:59:37,575 - Knowledge - INFO - Fast-tracked /app/data/T0002/210888/b48252o/odoo-210888/addons/stock/product_data.xml (ext=.xml, size=2191)
2026-02-03 09:59:38,259 - Knowledge - INFO - Worker kw13 processing /app/data/T0002/210888/b48252o/odoo-210888/addons/stock/partner_view.xml
2026-02-03 09:59:38,354 - Knowledge - INFO - Fast-tracked /app/data/T0002/210888/b48252o/odoo-210888/addons/stock/partner_view.xml (ext=.xml, size=814)
2026-02-03 09:59:38,370 - Knowledge - INFO - Async storage completed for 10 embeddings
2026-02-03 09:59:43,463 - Knowledge - INFO - Fast-tracked /app/data/T0002/210888/b48252o/odoo-210888/addons/stock/wizard/stock_traceability.py (small file (3045 bytes))
2026-02-03 09:59:43,665 - Knowledge - INFO - Fast-tracked /app/data/T0002/210888/b48252o/odoo-210888/addons/stock/wizard/wizard_replacement.py (small file (2251 bytes))
2026-02-03 09:59:45,184 - Knowledge - INFO - Fast-tracked /app/data/T0002/210888/b48252o/odoo-210888/addons/stock/wizard/wizard_ups.py (small file (3045 bytes))
2026-02-03 10:00:00,964 - Knowledge - INFO - [LLM_CALL] Completed: make_index.py:chunk1, Duration: 58293ms, PromptTokens: 2324, CompletionTokens: 259, Cost: $0.00034
2026-02-03 10:00:01,154 - Knowledge - INFO - done ingest for /app/data/T0002/210888/b48252o/odoo-210888/addons/wiki/wizard/make_index.py
2026-02-03 10:00:01,839 - Knowledge - INFO - [LLM_CALL] Completed: board.py:chunk1, Duration: 59563ms, PromptTokens: 3644, CompletionTokens: 483, Cost: $0.00056
2026-02-03 10:00:02,267 - Knowledge - INFO - done ingest for /app/data/T0002/210888/b48252o/odoo-210888/addons/board/board.py
2026-02-03 10:00:03,175 - Knowledge - INFO - [LLM_CALL] Completed: hr_attendance.py:chunk1, Duration: 61637ms, PromptTokens: 3944, CompletionTokens: 541, Cost: $0.00061
2026-02-03 10:00:03,284 - Knowledge - INFO - done ingest for /app/data/T0002/210888/b48252o/odoo-210888/addons/hr_attendance/hr_attendance.py
2026-02-03 10:00:09,738 - Knowledge - INFO - Processing batch of 10 files
2026-02-03 10:00:09,856 - Knowledge - INFO - process ingested knowledge for /app/data/T0002/210888/b48252o/odoo-210888/addons/account_voucher/voucher_wizard.xml
2026-02-03 10:00:09,861 - Knowledge - INFO - process ingested knowledge for /app/data/T0002/210888/b48252o/odoo-210888/addons/account_voucher/__init__.py
2026-02-03 10:00:09,862 - Knowledge - INFO - process ingested knowledge for /app/data/T0002/210888/b48252o/odoo-210888/addons/account_voucher/account_report.xml
2026-02-03 10:00:09,969 - Knowledge - INFO - process ingested knowledge for /app/data/T0002/210888/b48252o/odoo-210888/addons/board/__terp__.py
2026-02-03 10:00:10,081 - Knowledge - INFO - process ingested knowledge for /app/data/T0002/210888/b48252o/odoo-210888/addons/board/wizard/__init__.py
2026-02-03 10:00:10,090 - Knowledge - INFO - process ingested knowledge for /app/data/T0002/210888/b48252o/odoo-210888/addons/board/wizard/board_wizard.py
2026-02-03 10:00:10,151 - Knowledge - INFO - process ingested knowledge for /app/data/T0002/210888/b48252o/odoo-210888/addons/board/board_view.xml
2026-02-03 10:00:10,152 - Knowledge - INFO - process ingested knowledge for /app/data/T0002/210888/b48252o/odoo-210888/addons/board/__init__.py
2026-02-03 10:00:10,152 - Knowledge - INFO - process ingested knowledge for /app/data/T0002/210888/b48252o/odoo-210888/addons/board/board.py
2026-02-03 10:00:10,368 - Knowledge - INFO - process ingested knowledge for /app/data/T0002/210888/b48252o/odoo-210888/addons/base_module_quality/speed_test/__init__.py
2026-02-03 10:00:13,050 - Knowledge - INFO - [LLM_CALL] Completed: open_voucher.py:chunk1, Duration: 71192ms, PromptTokens: 2858, CompletionTokens: 280, Cost: $0.00040
2026-02-03 10:00:13,078 - Knowledge - INFO - done ingest for /app/data/T0002/210888/b48252o/odoo-210888/addons/account_voucher/wizard/open_voucher.py
2026-02-03 10:00:13,552 - Knowledge - INFO - [LLM_CALL] Completed: wizard_print_indicators_with_pdf.py:chunk1, Duration: 71095ms, PromptTokens: 2486, CompletionTokens: 357, Cost: $0.00039
2026-02-03 10:00:13,673 - Knowledge - INFO - done ingest for /app/data/T0002/210888/b48252o/odoo-210888/addons/account_report/wizard/wizard_print_indicators_with_pdf.py
2026-02-03 10:00:13,850 - Knowledge - INFO - [LLM_CALL] Completed: profile_manufacturing.py:chunk1, Duration: 71292ms, PromptTokens: 3154, CompletionTokens: 298, Cost: $0.00043
2026-02-03 10:00:14,052 - Knowledge - INFO - done ingest for /app/data/T0002/210888/b48252o/odoo-210888/addons/profile_manufacturing/profile_manufacturing.py
2026-02-03 10:00:15,874 - Knowledge - INFO - [LLM_CALL] Completed: stock_graph.py:chunk1, Duration: 72824ms, PromptTokens: 2970, CompletionTokens: 395, Cost: $0.00046
2026-02-03 10:00:15,875 - Knowledge - INFO - done ingest for /app/data/T0002/210888/b48252o/odoo-210888/addons/stock/report/stock_graph.py
2026-02-03 10:00:16,057 - Knowledge - INFO - Processing batch of 10 files
2026-02-03 10:00:16,154 - Knowledge - INFO - process ingested knowledge for /app/data/T0002/210888/b48252o/odoo-210888/addons/hr_attendance/hr_attendance_demo.xml
2026-02-03 10:00:18,160 - Knowledge - INFO - process ingested knowledge for /app/data/T0002/210888/b48252o/odoo-210888/addons/hr_attendance/__init__.py
2026-02-03 10:00:18,764 - Knowledge - INFO - process ingested knowledge for /app/data/T0002/210888/b48252o/odoo-210888/addons/hr_attendance/hr_attendance.py
2026-02-03 10:00:19,050 - Knowledge - INFO - process ingested knowledge for /app/data/T0002/210888/b48252o/odoo-210888/addons/hr_attendance/hr_attendance_wizard.xml
2026-02-03 10:00:19,051 - Knowledge - INFO - process ingested knowledge for /app/data/T0002/210888/b48252o/odoo-210888/addons/report_analytic/__terp__.py
2026-02-03 10:00:19,051 - Knowledge - INFO - process ingested knowledge for /app/data/T0002/210888/b48252o/odoo-210888/addons/report_analytic/report_analytic_view.xml
2026-02-03 10:00:19,051 - Knowledge - INFO - process ingested knowledge for /app/data/T0002/210888/b48252o/odoo-210888/addons/report_analytic/report_analytic.py
2026-02-03 10:00:19,466 - Knowledge - INFO - process ingested knowledge for /app/data/T0002/210888/b48252o/odoo-210888/addons/report_analytic/__init__.py
2026-02-03 10:00:19,466 - Knowledge - INFO - process ingested knowledge for /app/data/T0002/210888/b48252o/odoo-210888/addons/report_sale/report_sale_graph.xml
2026-02-03 10:00:19,466 - Knowledge - INFO - process ingested knowledge for /app/data/T0002/210888/b48252o/odoo-210888/addons/report_sale/__terp__.py
2026-02-03 10:00:20,863 - Knowledge - INFO - [LLM_CALL] Completed: bymonth.py:chunk1, Duration: 80317ms, PromptTokens: 2786, CompletionTokens: 285, Cost: $0.00039
2026-02-03 10:00:20,863 - Knowledge - INFO - done ingest for /app/data/T0002/210888/b48252o/odoo-210888/addons/hr_attendance/report/bymonth.py
2026-02-03 10:00:27,438 - Knowledge - INFO - [LLM_CALL] Completed: attendance_errors.py:chunk1, Duration: 86789ms, PromptTokens: 2806, CompletionTokens: 385, Cost: $0.00043
2026-02-03 10:00:27,840 - Knowledge - INFO - done ingest for /app/data/T0002/210888/b48252o/odoo-210888/addons/hr_attendance/report/attendance_errors.py
2026-02-03 10:00:31,661 - Knowledge - INFO - [LLM_CALL] Completed: stock_by_location.py:chunk1, Duration: 88804ms, PromptTokens: 2458, CompletionTokens: 368, Cost: $0.00039
2026-02-03 10:00:31,951 - Knowledge - INFO - done ingest for /app/data/T0002/210888/b48252o/odoo-210888/addons/stock/report/stock_by_location.py
2026-02-03 10:00:34,158 - Knowledge - INFO - [LLM_CALL] Completed: delivery_sale_order.py:chunk1, Duration: 91321ms, PromptTokens: 2696, CompletionTokens: 398, Cost: $0.00043
2026-02-03 10:00:34,636 - Knowledge - INFO - done ingest for /app/data/T0002/210888/b48252o/odoo-210888/addons/delivery/wizard/delivery_sale_order.py
2026-02-03 10:00:41,879 - Knowledge - INFO - [LLM_CALL] Completed: product.py:chunk1, Duration: 99024ms, PromptTokens: 6832, CompletionTokens: 434, Cost: $0.00086
2026-02-03 10:00:41,879 - Knowledge - INFO - done ingest for /app/data/T0002/210888/b48252o/odoo-210888/addons/stock/product.py
2026-02-03 10:00:42,973 - Knowledge - INFO - [LLM_CALL] Completed: print_attendance_error.py:chunk1, Duration: 101726ms, PromptTokens: 2398, CompletionTokens: 274, Cost: $0.00035
2026-02-03 10:00:42,973 - Knowledge - INFO - done ingest for /app/data/T0002/210888/b48252o/odoo-210888/addons/hr_attendance/wizard/print_attendance_error.py
2026-02-03 10:00:48,840 - Knowledge - INFO - [LLM_CALL] Completed: delivery.py:chunk1, Duration: 106070ms, PromptTokens: 4068, CompletionTokens: 527, Cost: $0.00062
2026-02-03 10:00:48,841 - Knowledge - INFO - done ingest for /app/data/T0002/210888/b48252o/odoo-210888/addons/delivery/delivery.py
2026-02-03 10:00:50,174 - Knowledge - INFO - [LLM_CALL] Completed: print_indicator.py:chunk1, Duration: 108014ms, PromptTokens: 6682, CompletionTokens: 475, Cost: $0.00086
2026-02-03 10:00:50,257 - Knowledge - INFO - done ingest for /app/data/T0002/210888/b48252o/odoo-210888/addons/account_report/report/print_indicator.py
2026-02-03 10:00:54,556 - Knowledge - INFO - [LLM_CALL] Completed: workflow_test.py:chunk1, Duration: 112897ms, PromptTokens: 4226, CompletionTokens: 489, Cost: $0.00062
2026-02-03 10:00:54,557 - Knowledge - INFO - done ingest for /app/data/T0002/210888/b48252o/odoo-210888/addons/base_module_quality/workflow_test/workflow_test.py
2026-02-03 10:00:57,647 - Knowledge - INFO - [LLM_CALL] Completed: wizard_purchase_line_invoice.py:chunk1, Duration: 115270ms, PromptTokens: 3754, CompletionTokens: 310, Cost: $0.00050
2026-02-03 10:00:57,647 - Knowledge - INFO - done ingest for /app/data/T0002/210888/b48252o/odoo-210888/addons/purchase_manual/wizard/wizard_purchase_line_invoice.py
2026-02-03 10:00:58,173 - Knowledge - INFO - [LLM_CALL] Completed: wiki.py:chunk1, Duration: 115204ms, PromptTokens: 4192, CompletionTokens: 542, Cost: $0.00064
2026-02-03 10:00:58,258 - Knowledge - INFO - done ingest for /app/data/T0002/210888/b48252o/odoo-210888/addons/wiki/wiki.py
2026-02-03 10:01:01,354 - Knowledge - INFO - Processing batch of 10 files
2026-02-03 10:01:01,360 - Knowledge - INFO - process ingested knowledge for /app/data/T0002/210888/b48252o/odoo-210888/doc/tests/check_profile_l10n_all.py
2026-02-03 10:01:02,573 - Knowledge - INFO - [LLM_CALL] Completed: product_stock.py:chunk1, Duration: 119525ms, PromptTokens: 2974, CompletionTokens: 508, Cost: $0.00050
2026-02-03 10:01:02,782 - Knowledge - INFO - done ingest for /app/data/T0002/210888/b48252o/odoo-210888/addons/stock/report/product_stock.py
2026-02-03 10:01:04,443 - Knowledge - INFO - [LLM_CALL] Completed: inventory_merge.py:chunk1, Duration: 121210ms, PromptTokens: 2190, CompletionTokens: 274, Cost: $0.00033
2026-02-03 10:01:04,444 - Knowledge - INFO - done ingest for /app/data/T0002/210888/b48252o/odoo-210888/addons/stock/wizard/inventory_merge.py
2026-02-03 10:01:05,355 - Knowledge - INFO - process ingested knowledge for /app/data/T0002/210888/b48252o/odoo-210888/rpminstall_sh.txt
2026-02-03 10:01:07,056 - Knowledge - INFO - [LLM_CALL] Completed: account_analytic_analysis.py:chunk1, Duration: 124504ms, PromptTokens: 18966, CompletionTokens: 950, Cost: $0.00228
2026-02-03 10:01:07,069 - Knowledge - INFO - done ingest for /app/data/T0002/210888/b48252o/odoo-210888/addons/account_analytic_analysis/account_analytic_analysis.py
2026-02-03 10:01:08,759 - Knowledge - INFO - process ingested knowledge for /app/data/T0002/210888/b48252o/odoo-210888/addons/board_crm_configuration/board_crm_demo.xml
2026-02-03 10:01:09,669 - Knowledge - INFO - process ingested knowledge for /app/data/T0002/210888/b48252o/odoo-210888/addons/board_crm_configuration/board_crm_view.xml
2026-02-03 10:01:10,445 - Knowledge - INFO - [LLM_CALL] Completed: object_test.py:chunk1, Duration: 128699ms, PromptTokens: 5452, CompletionTokens: 506, Cost: $0.00075
2026-02-03 10:01:10,445 - Knowledge - INFO - done ingest for /app/data/T0002/210888/b48252o/odoo-210888/addons/base_module_quality/object_test/object_test.py
2026-02-03 10:01:12,544 - Knowledge - INFO - [LLM_CALL] Completed: stock.py:chunk1, Duration: 129900ms, PromptTokens: 3504, CompletionTokens: 441, Cost: $0.00053
2026-02-03 10:01:12,548 - Knowledge - INFO - done ingest for /app/data/T0002/210888/b48252o/odoo-210888/addons/delivery/stock.py
2026-02-03 10:01:14,174 - Knowledge - INFO - [LLM_CALL] Completed: sign_in_out.py:chunk1, Duration: 133021ms, PromptTokens: 5180, CompletionTokens: 537, Cost: $0.00073
2026-02-03 10:01:14,180 - Knowledge - INFO - done ingest for /app/data/T0002/210888/b48252o/odoo-210888/addons/hr_attendance/wizard/sign_in_out.py
2026-02-03 10:01:14,359 - Knowledge - INFO - process ingested knowledge for /app/data/T0002/210888/b48252o/odoo-210888/addons/board_crm_configuration/board_crm_statistical_view.xml
2026-02-03 10:01:15,343 - Knowledge - INFO - Processing batch of 10 files
2026-02-03 10:01:15,349 - Knowledge - INFO - process ingested knowledge for /app/data/T0002/210888/b48252o/odoo-210888/addons/board_account/__terp__.py
2026-02-03 10:01:16,957 - Knowledge - INFO - process ingested knowledge for /app/data/T0002/210888/b48252o/odoo-210888/addons/board_account/board_account_view.xml
2026-02-03 10:01:17,144 - Knowledge - INFO - Processing batch of 10 files
2026-02-03 10:01:17,144 - Knowledge - INFO - process ingested knowledge for /app/data/T0002/210888/b48252o/odoo-210888/addons/profile_manufacturing/profile_manufacturing.py
2026-02-03 10:01:17,167 - Knowledge - INFO - process ingested knowledge for /app/data/T0002/210888/b48252o/odoo-210888/addons/board_crm_configuration/__terp__.py
2026-02-03 10:01:17,487 - Knowledge - INFO - process ingested knowledge for /app/data/T0002/210888/b48252o/odoo-210888/addons/board_account/__init__.py
2026-02-03 10:01:17,493 - Knowledge - INFO - process ingested knowledge for /app/data/T0002/210888/b48252o/odoo-210888/addons/profile_manufacturing/__init__.py
2026-02-03 10:01:18,792 - Knowledge - INFO - [LLM_CALL] Completed: pylint_test.py:chunk1, Duration: 136618ms, PromptTokens: 3556, CompletionTokens: 368, Cost: $0.00050
2026-02-03 10:01:18,792 - Knowledge - INFO - done ingest for /app/data/T0002/210888/b48252o/odoo-210888/addons/base_module_quality/pylint_test/pylint_test.py
2026-02-03 10:01:20,456 - Knowledge - INFO - process ingested knowledge for /app/data/T0002/210888/b48252o/odoo-210888/addons/board_crm_configuration/__init__.py
2026-02-03 10:01:21,639 - Knowledge - INFO - [LLM_CALL] Completed: inventory_merge_zero.py:chunk1, Duration: 99694ms, PromptTokens: 2318, CompletionTokens: 291, Cost: $0.00035
2026-02-03 10:01:21,640 - Knowledge - INFO - done ingest for /app/data/T0002/210888/b48252o/odoo-210888/addons/stock/wizard/inventory_merge_zero.py
2026-02-03 10:01:22,444 - Knowledge - INFO - [LLM_CALL] Completed: timesheet.py:chunk1, Duration: 141901ms, PromptTokens: 3520, CompletionTokens: 321, Cost: $0.00048
2026-02-03 10:01:22,445 - Knowledge - INFO - done ingest for /app/data/T0002/210888/b48252o/odoo-210888/addons/hr_attendance/report/timesheet.py
2026-02-03 10:01:23,272 - Knowledge - INFO - [LLM_CALL] Completed: analytic_user_function.py:chunk1, Duration: 142515ms, PromptTokens: 3804, CompletionTokens: 522, Cost: $0.00059
2026-02-03 10:01:23,273 - Knowledge - INFO - done ingest for /app/data/T0002/210888/b48252o/odoo-210888/addons/analytic_user_function/analytic_user_function.py
2026-02-03 10:01:23,838 - Knowledge - INFO - process ingested knowledge for /app/data/T0002/210888/b48252o/odoo-210888/addons/board_account/board_account_demo.xml
2026-02-03 10:01:24,346 - Knowledge - INFO - process ingested knowledge for /app/data/T0002/210888/b48252o/odoo-210888/addons/hr_attendance/security/hr_security.xml
2026-02-03 10:01:24,370 - Knowledge - INFO - [WEBSOCKET] Sent: Type=progress_update, Size: 292, Duration: 0ms
2026-02-03 10:01:24,376 - Knowledge - INFO - [WEBSOCKET] Sent: Type=unknown, Size: ?, Duration: 6ms
2026-02-03 10:01:24,537 - Knowledge - INFO - process ingested knowledge for /app/data/T0002/210888/b48252o/odoo-210888/addons/delivery/delivery_data.xml
2026-02-03 10:01:24,669 - Knowledge - INFO - process ingested knowledge for /app/data/T0002/210888/b48252o/odoo-210888/addons/stock/report_stock_view.xml
2026-02-03 10:01:24,679 - Knowledge - INFO - Progress: 7.0% | Files: 88/1263 | Rate: 0.58 files/sec | Queue: 1053
2026-02-03 10:01:25,077 - Knowledge - INFO - process ingested knowledge for /app/data/T0002/210888/b48252o/odoo-210888/addons/hr_attendance/report/bymonth.py
2026-02-03 10:01:25,244 - Knowledge - INFO - [kw2] Queue=1053, InProgress=0, PendingWorkers=20/20, Completed=92/1263 (7.3%)
2026-02-03 10:01:25,651 - Knowledge - INFO - process ingested knowledge for /app/data/T0002/210888/b48252o/odoo-210888/addons/delivery/sale.py
2026-02-03 10:01:25,749 - Knowledge - INFO - Batch sizing: calculated=10, max_allowed=10, queue=1053, active_workers=20/20
2026-02-03 10:01:25,875 - Knowledge - INFO - process ingested knowledge for /app/data/T0002/210888/b48252o/odoo-210888/addons/stock/security/stock_security.xml
2026-02-03 10:01:25,937 - Knowledge - INFO - [LLM_CALL] Completed: method_test.py:chunk1, Duration: 144183ms, PromptTokens: 2276, CompletionTokens: 338, Cost: $0.00036
2026-02-03 10:01:26,054 - Knowledge - INFO - process ingested knowledge for /app/data/T0002/210888/b48252o/odoo-210888/addons/hr_attendance/report/attendance_errors.py
2026-02-03 10:01:26,086 - Knowledge - INFO - done ingest for /app/data/T0002/210888/b48252o/odoo-210888/addons/base_module_quality/method_test/method_test.py
2026-02-03 10:01:26,260 - Knowledge - INFO - process ingested knowledge for /app/data/T0002/210888/b48252o/odoo-210888/addons/delivery/__terp__.py
2026-02-03 10:01:26,348 - Knowledge - INFO - Async storing batch of 10 embeddings
2026-02-03 10:01:26,352 - Knowledge - INFO - Worker kw2 processing /app/data/T0002/210888/b48252o/odoo-210888/addons/stock/stock_view.xml
2026-02-03 10:01:26,437 - Knowledge - INFO - [kw7] Queue=1043, InProgress=0, PendingWorkers=20/20, Completed=96/1263 (7.6%)
2026-02-03 10:01:26,437 - Knowledge - INFO - Batch sizing: calculated=10, max_allowed=10, queue=1043, active_workers=20/20
2026-02-03 10:01:26,555 - Knowledge - INFO - Fast-tracked /app/data/T0002/210888/b48252o/odoo-210888/addons/stock/stock_view.xml (ext=.xml, size=78385)
2026-02-03 10:01:26,555 - Knowledge - INFO - Worker kw2 processing /app/data/T0002/210888/b48252o/odoo-210888/addons/stock/stock_workflow.xml
2026-02-03 10:01:26,648 - Knowledge - INFO - Fast-tracked /app/data/T0002/210888/b48252o/odoo-210888/addons/stock/stock_workflow.xml (ext=.xml, size=5153)
2026-02-03 10:01:26,737 - Knowledge - INFO - process ingested knowledge for /app/data/T0002/210888/b48252o/odoo-210888/addons/stock/product.py
2026-02-03 10:01:26,959 - Knowledge - INFO - Worker kw2 processing /app/data/T0002/210888/b48252o/odoo-210888/addons/stock/stock_wizard.xml
2026-02-03 10:01:28,662 - Knowledge - INFO - Fast-tracked /app/data/T0002/210888/b48252o/odoo-210888/addons/stock/stock_wizard.xml (ext=.xml, size=1940)
2026-02-03 10:01:28,674 - Knowledge - INFO - Worker kw2 processing /app/data/T0002/210888/b48252o/odoo-210888/addons/stock/partner.py
2026-02-03 10:01:28,859 - Knowledge - INFO - Fast-tracked /app/data/T0002/210888/b48252o/odoo-210888/addons/stock/partner.py (ext=.py, size=1983)
2026-02-03 10:01:28,951 - Knowledge - INFO - Worker kw2 processing /app/data/T0002/210888/b48252o/odoo-210888/addons/stock/stock.py
2026-02-03 10:01:28,952 - Knowledge - INFO - process ingested knowledge for /app/data/T0002/210888/b48252o/odoo-210888/addons/delivery/wizard/delivery_sale_order.py
2026-02-03 10:01:29,053 - Knowledge - INFO - Async storing batch of 10 embeddings
2026-02-03 10:01:29,338 - Knowledge - INFO - Worker kw2 processing /app/data/T0002/210888/b48252o/odoo-210888/addons/stock/stock_sequence.xml
2026-02-03 10:01:29,966 - Knowledge - INFO - Worker kw7 processing /app/data/T0002/210888/b48252o/odoo-210888/addons/base_iban/base_iban_view.xml
2026-02-03 10:01:30,164 - Knowledge - INFO - Fast-tracked /app/data/T0002/210888/b48252o/odoo-210888/addons/base_iban/base_iban_view.xml (ext=.xml, size=2375)
2026-02-03 10:01:30,166 - Knowledge - INFO - Worker kw7 processing /app/data/T0002/210888/b48252o/odoo-210888/addons/base_iban/base_iban.py
2026-02-03 10:01:30,272 - Knowledge - INFO - Fast-tracked /app/data/T0002/210888/b48252o/odoo-210888/addons/stock/stock_sequence.xml (ext=.xml, size=1817)
2026-02-03 10:01:30,562 - Knowledge - INFO - process ingested knowledge for /app/data/T0002/210888/b48252o/odoo-210888/addons/delivery/wizard/__init__.py
2026-02-03 10:01:30,637 - Knowledge - INFO - Worker kw2 processing /app/data/T0002/210888/b48252o/odoo-210888/addons/stock/__init__.py
2026-02-03 10:01:30,639 - Knowledge - INFO - Worker kw7 processing /app/data/T0002/210888/b48252o/odoo-210888/addons/base_iban/__init__.py
2026-02-03 10:01:30,671 - Knowledge - INFO - process ingested knowledge for /app/data/T0002/210888/b48252o/odoo-210888/addons/stock/report/lot_overview_all.py
2026-02-03 10:01:30,757 - Knowledge - INFO - Processing batch of 10 files
2026-02-03 10:01:30,978 - Knowledge - INFO - Fast-tracked /app/data/T0002/210888/b48252o/odoo-210888/addons/base_iban/__init__.py (ext=.py, size=1076)
2026-02-03 10:01:30,979 - Knowledge - INFO - Worker kw7 processing /app/data/T0002/210888/b48252o/odoo-210888/addons/account_followup/followup_data.xml
2026-02-03 10:01:31,147 - Knowledge - INFO - process ingested knowledge for /app/data/T0002/210888/b48252o/odoo-210888/addons/account_analytic_analysis/account_analytic_analysis_view.xml
2026-02-03 10:01:31,162 - Knowledge - INFO - Fast-tracked /app/data/T0002/210888/b48252o/odoo-210888/addons/stock/__init__.py (ext=.py, size=1159)
2026-02-03 10:01:31,267 - Knowledge - INFO - Processing batch of 10 files
2026-02-03 10:01:31,442 - Knowledge - INFO - Fast-tracked /app/data/T0002/210888/b48252o/odoo-210888/addons/account_followup/followup_data.xml (ext=.xml, size=418)
2026-02-03 10:01:31,638 - Knowledge - INFO - Worker kw2 processing /app/data/T0002/210888/b48252o/odoo-210888/addons/stock/stock_demo.xml
2026-02-03 10:01:31,739 - Knowledge - INFO - process ingested knowledge for /app/data/T0002/210888/b48252o/odoo-210888/addons/account_report/account_wizard.xml
2026-02-03 10:01:31,842 - Knowledge - INFO - Worker kw7 processing /app/data/T0002/210888/b48252o/odoo-210888/addons/account_followup/report/report_followup_print.py
2026-02-03 10:01:32,084 - Knowledge - INFO - Fast-tracked /app/data/T0002/210888/b48252o/odoo-210888/addons/stock/stock_demo.xml (ext=.xml, size=9808)
2026-02-03 10:01:32,258 - Knowledge - INFO - Worker kw2 processing /app/data/T0002/210888/b48252o/odoo-210888/addons/base_iban/base_iban_data.xml
2026-02-03 10:01:32,447 - Knowledge - INFO - Worker kw7 processing /app/data/T0002/210888/b48252o/odoo-210888/addons/account_followup/report/__init__.py
2026-02-03 10:01:32,747 - Knowledge - INFO - Fast-tracked /app/data/T0002/210888/b48252o/odoo-210888/addons/account_followup/report/__init__.py (ext=.py, size=1088)
2026-02-03 10:01:32,749 - Knowledge - INFO - Worker kw7 processing /app/data/T0002/210888/b48252o/odoo-210888/addons/account_followup/followup_report_view.xml
2026-02-03 10:01:32,768 - Knowledge - INFO - Fast-tracked /app/data/T0002/210888/b48252o/odoo-210888/addons/base_iban/base_iban_data.xml (ext=.xml, size=1795)
2026-02-03 10:01:32,768 - Knowledge - INFO - Worker kw2 processing /app/data/T0002/210888/b48252o/odoo-210888/addons/base_iban/__terp__.py
2026-02-03 10:01:32,954 - Knowledge - INFO - Fast-tracked /app/data/T0002/210888/b48252o/odoo-210888/addons/account_followup/followup_report_view.xml (ext=.xml, size=2218)
2026-02-03 10:01:33,062 - Knowledge - INFO - Worker kw7 processing /app/data/T0002/210888/b48252o/odoo-210888/addons/account_followup/followup_report.py
2026-02-03 10:01:33,139 - Knowledge - INFO - Fast-tracked /app/data/T0002/210888/b48252o/odoo-210888/addons/base_iban/__terp__.py (ext=.py, size=1453)
2026-02-03 10:01:33,271 - Knowledge - INFO - Worker kw7 processing /app/data/T0002/210888/b48252o/odoo-210888/addons/account_followup/__terp__.py
2026-02-03 10:01:33,360 - Knowledge - INFO - process ingested knowledge for /app/data/T0002/210888/b48252o/odoo-210888/addons/delivery/partner_view.xml
2026-02-03 10:01:33,451 - Knowledge - INFO - process ingested knowledge for /app/data/T0002/210888/b48252o/odoo-210888/addons/account_analytic_analysis/account_analytic_analysis.py
2026-02-03 10:01:33,452 - Knowledge - INFO - Worker kw7 processing /app/data/T0002/210888/b48252o/odoo-210888/addons/account_followup/wizard/wizard_view.xml
2026-02-03 10:01:33,553 - Knowledge - INFO - process ingested knowledge for /app/data/T0002/210888/b48252o/odoo-210888/addons/account_report/report/print_indicator.py
2026-02-03 10:01:33,644 - Knowledge - INFO - Fast-tracked /app/data/T0002/210888/b48252o/odoo-210888/addons/account_followup/wizard/wizard_view.xml (ext=.xml, size=528)
2026-02-03 10:01:33,661 - Knowledge - INFO - Split /app/data/T0002/210888/b48252o/odoo-210888/addons/stock/stock.py (76752 bytes) into 3 chunks of ~32KB
2026-02-03 10:01:34,162 - Knowledge - INFO - process ingested knowledge for /app/data/T0002/210888/b48252o/odoo-210888/addons/stock/report/picking.py
2026-02-03 10:01:34,444 - Knowledge - INFO - process ingested knowledge for /app/data/T0002/210888/b48252o/odoo-210888/addons/account_analytic_analysis/__init__.py
2026-02-03 10:01:34,469 - Knowledge - INFO - process ingested knowledge for /app/data/T0002/210888/b48252o/odoo-210888/addons/delivery/delivery_view.xml
2026-02-03 10:01:35,374 - Knowledge - INFO - Async storage completed for 10 embeddings
2026-02-03 10:01:35,663 - Knowledge - INFO - [LLM_CALL] Completed: wizard_track_line.py:chunk1, Duration: 115018ms, PromptTokens: 3336, CompletionTokens: 359, Cost: $0.00048
2026-02-03 10:01:35,736 - Knowledge - INFO - done ingest for /app/data/T0002/210888/b48252o/odoo-210888/addons/stock/wizard/wizard_track_line.py
2026-02-03 10:01:37,055 - Knowledge - INFO - process ingested knowledge for /app/data/T0002/210888/b48252o/odoo-210888/addons/stock/report/stock_graph.py
2026-02-03 10:01:37,064 - Knowledge - INFO - Processing batch of 10 files
2026-02-03 10:01:37,139 - Knowledge - INFO - process ingested knowledge for /app/data/T0002/210888/b48252o/odoo-210888/addons/delivery/partner.py
2026-02-03 10:01:37,248 - Knowledge - INFO - Processing batch of 10 files
2026-02-03 10:01:37,258 - Knowledge - INFO - process ingested knowledge for /app/data/T0002/210888/b48252o/odoo-210888/addons/account_report/report/accounting_report.py
2026-02-03 10:01:37,272 - Knowledge - INFO - process ingested knowledge for /app/data/T0002/210888/b48252o/odoo-210888/addons/delivery/delivery_wizard.xml
2026-02-03 10:01:37,354 - Knowledge - INFO - process ingested knowledge for /app/data/T0002/210888/b48252o/odoo-210888/addons/account_analytic_analysis/account_analytic_analysis_menu.xml
2026-02-03 10:01:37,536 - Knowledge - INFO - process ingested knowledge for /app/data/T0002/210888/b48252o/odoo-210888/addons/stock/report/lot_overview.py
2026-02-03 10:01:37,643 - Knowledge - INFO - Fast-tracked /app/data/T0002/210888/b48252o/odoo-210888/addons/account_followup/__terp__.py (small file (2391 bytes))
2026-02-03 10:01:38,636 - Knowledge - INFO - Async storage completed for 10 embeddings
2026-02-03 10:01:42,657 - Knowledge - INFO - process ingested knowledge for /app/data/T0002/210888/b48252o/odoo-210888/addons/delivery/stock.py
2026-02-03 10:01:42,768 - Knowledge - INFO - process ingested knowledge for /app/data/T0002/210888/b48252o/odoo-210888/addons/account_report/report/__init__.py
2026-02-03 10:01:42,861 - Knowledge - INFO - process ingested knowledge for /app/data/T0002/210888/b48252o/odoo-210888/addons/stock/report/lot_location.py
2026-02-03 10:01:44,047 - Knowledge - INFO - Processing batch of 10 files
2026-02-03 10:01:44,083 - Knowledge - INFO - process ingested knowledge for /app/data/T0002/210888/b48252o/odoo-210888/addons/wiki/__terp__.py
2026-02-03 10:01:44,950 - Knowledge - INFO - [LLM_CALL] Completed: rml_parse.py:chunk1, Duration: 164007ms, PromptTokens: 3290, CompletionTokens: 695, Cost: $0.00061
2026-02-03 10:01:45,168 - Knowledge - INFO - done ingest for /app/data/T0002/210888/b48252o/odoo-210888/addons/account_voucher/report/rml_parse.py
2026-02-03 10:01:45,540 - Knowledge - INFO - [LLM_CALL] Completed: purchase_manual.py:chunk1, Duration: 163684ms, PromptTokens: 2380, CompletionTokens: 441, Cost: $0.00041
2026-02-03 10:01:45,556 - Knowledge - INFO - done ingest for /app/data/T0002/210888/b48252o/odoo-210888/addons/purchase_manual/purchase_manual.py
2026-02-03 10:01:46,639 - Knowledge - INFO - [LLM_CALL] Completed: base_module_quality.py:chunk1, Duration: 164366ms, PromptTokens: 5846, CompletionTokens: 733, Cost: $0.00088
2026-02-03 10:01:46,639 - Knowledge - INFO - done ingest for /app/data/T0002/210888/b48252o/odoo-210888/addons/base_module_quality/base_module_quality.py
2026-02-03 10:01:47,163 - Knowledge - INFO - process ingested knowledge for /app/data/T0002/210888/b48252o/odoo-210888/addons/delivery/delivery.py
2026-02-03 10:01:47,242 - Knowledge - INFO - process ingested knowledge for /app/data/T0002/210888/b48252o/odoo-210888/addons/account_report/account_view.xml
2026-02-03 10:01:47,571 - Knowledge - INFO - process ingested knowledge for /app/data/T0002/210888/b48252o/odoo-210888/addons/wiki/wizard/show_diff.py
2026-02-03 10:01:47,761 - Knowledge - INFO - process ingested knowledge for /app/data/T0002/210888/b48252o/odoo-210888/addons/board_association/__terp__.py
2026-02-03 10:01:47,761 - Knowledge - INFO - process ingested knowledge for /app/data/T0002/210888/b48252o/odoo-210888/addons/board_association/board_association_view.xml
2026-02-03 10:01:47,762 - Knowledge - INFO - process ingested knowledge for /app/data/T0002/210888/b48252o/odoo-210888/addons/board_association/__init__.py
2026-02-03 10:01:47,762 - Knowledge - INFO - process ingested knowledge for /app/data/T0002/210888/b48252o/odoo-210888/addons/board_association/board_association_demo.xml
2026-02-03 10:01:47,762 - Knowledge - INFO - process ingested knowledge for /app/data/T0002/210888/b48252o/odoo-210888/addons/profile_manufacturing/__terp__.py
2026-02-03 10:01:47,861 - Knowledge - INFO - process ingested knowledge for /app/data/T0002/210888/b48252o/odoo-210888/addons/stock/report/stock_by_location.py
2026-02-03 10:01:47,956 - Knowledge - INFO - process ingested knowledge for /app/data/T0002/210888/b48252o/odoo-210888/addons/account_report/__terp__.py
2026-02-03 10:01:47,981 - Knowledge - INFO - Processing batch of 10 files
2026-02-03 10:01:48,153 - Knowledge - INFO - process ingested knowledge for /app/data/T0002/210888/b48252o/odoo-210888/addons/base_module_quality/workflow_test/workflow_test.py
2026-02-03 10:01:51,461 - Knowledge - INFO - [LLM_CALL] Completed: report_stock.py:chunk1, Duration: 168782ms, PromptTokens: 2298, CompletionTokens: 294, Cost: $0.00035
2026-02-03 10:01:51,461 - Knowledge - INFO - done ingest for /app/data/T0002/210888/b48252o/odoo-210888/addons/stock/report_stock.py
2026-02-03 10:01:51,562 - Knowledge - INFO - process ingested knowledge for /app/data/T0002/210888/b48252o/odoo-210888/addons/delivery/delivery_demo.xml
2026-02-03 10:01:51,748 - Knowledge - INFO - process ingested knowledge for /app/data/T0002/210888/b48252o/odoo-210888/addons/wiki/wizard/make_index.py
2026-02-03 10:01:52,574 - Knowledge - INFO - [LLM_CALL] Completed: account.py:chunk1, Duration: 170313ms, PromptTokens: 5842, CompletionTokens: 502, Cost: $0.00078
2026-02-03 10:01:52,684 - Knowledge - INFO - done ingest for /app/data/T0002/210888/b48252o/odoo-210888/addons/account_report/account.py
2026-02-03 10:01:53,858 - Knowledge - INFO - process ingested knowledge for /app/data/T0002/210888/b48252o/odoo-210888/addons/base_module_quality/workflow_test/__init__.py
2026-02-03 10:01:54,340 - Knowledge - INFO - process ingested knowledge for /app/data/T0002/210888/b48252o/odoo-210888/addons/delivery/__init__.py
2026-02-03 10:01:54,366 - Knowledge - INFO - process ingested knowledge for /app/data/T0002/210888/b48252o/odoo-210888/addons/stock/report/lot_move_label.xml
2026-02-03 10:01:56,249 - Knowledge - INFO - process ingested knowledge for /app/data/T0002/210888/b48252o/odoo-210888/addons/account_report/wizard/wizard_print_indicators.py
2026-02-03 10:01:57,376 - Knowledge - INFO - [LLM_CALL] Completed: wizard_return.py:chunk1, Duration: 133405ms, PromptTokens: 3492, CompletionTokens: 444, Cost: $0.00053
2026-02-03 10:01:57,377 - Knowledge - INFO - done ingest for /app/data/T0002/210888/b48252o/odoo-210888/addons/stock/wizard/wizard_return.py
2026-02-03 10:01:57,656 - Knowledge - INFO - process ingested knowledge for /app/data/T0002/210888/b48252o/odoo-210888/addons/profile_manufacturing/profile_manufacturing.xml
2026-02-03 10:01:57,869 - Knowledge - INFO - [LLM_CALL] Completed: report_receivable.py:chunk1, Duration: 175701ms, PromptTokens: 4734, CompletionTokens: 568, Cost: $0.00070
2026-02-03 10:01:57,870 - Knowledge - INFO - done ingest for /app/data/T0002/210888/b48252o/odoo-210888/addons/report_account/report_receivable.py
2026-02-03 10:01:57,872 - Knowledge - INFO - process ingested knowledge for /app/data/T0002/210888/b48252o/odoo-210888/addons/wiki/wizard/wizard_view.xml
2026-02-03 10:01:58,279 - Knowledge - WARNING - Timeout processing /app/data/T0002/210888/b48252o/odoo-210888/addons/stock/wizard/wizard_inventory.py after 90s - using fallback metadata
2026-02-03 10:02:00,337 - Knowledge - INFO - [LLM_CALL] Completed: pre.py:chunk1, Duration: 179768ms, PromptTokens: 6040, CompletionTokens: 488, Cost: $0.00080
2026-02-03 10:02:00,347 - Knowledge - INFO - done ingest for /app/data/T0002/210888/b48252o/odoo-210888/doc/migrate/4.0.0-4.2.0/pre.py
2026-02-03 10:02:00,575 - Knowledge - INFO - process ingested knowledge for /app/data/T0002/210888/b48252o/odoo-210888/addons/stock/report/product_stock.py
2026-02-03 10:02:00,657 - Knowledge - INFO - process ingested knowledge for /app/data/T0002/210888/b48252o/odoo-210888/addons/account_report/wizard/__init__.py
2026-02-03 10:02:01,950 - Knowledge - INFO - process ingested knowledge for /app/data/T0002/210888/b48252o/odoo-210888/addons/wiki/data/wiki_faq.xml
2026-02-03 10:02:01,978 - Knowledge - INFO - [LLM_CALL] Completed: voucher.py:chunk1, Duration: 179999ms, PromptTokens: 13950, CompletionTokens: 1195, Cost: $0.00187
2026-02-03 10:02:02,039 - Knowledge - INFO - done ingest for /app/data/T0002/210888/b48252o/odoo-210888/addons/account_voucher/voucher.py
2026-02-03 10:02:03,837 - Knowledge - INFO - process ingested knowledge for /app/data/T0002/210888/b48252o/odoo-210888/addons/stock/report/UPS.xml
2026-02-03 10:02:03,876 - Knowledge - INFO - process ingested knowledge for /app/data/T0002/210888/b48252o/odoo-210888/addons/account_report/wizard/wizard_print_indicators_with_pdf.py
2026-02-03 10:02:03,941 - Knowledge - INFO - Processing batch of 10 files
2026-02-03 10:02:03,951 - Knowledge - INFO - process ingested knowledge for /app/data/T0002/210888/b48252o/odoo-210888/addons/wiki/wizard/open_page.py
2026-02-03 10:02:03,989 - Knowledge - INFO - process ingested knowledge for /app/data/T0002/210888/b48252o/odoo-210888/addons/wiki/data/wiki_quickstart.xml
2026-02-03 10:02:04,160 - Knowledge - INFO - process ingested knowledge for /app/data/T0002/210888/b48252o/odoo-210888/addons/hr_attendance/report/__init__.py
2026-02-03 10:02:04,167 - Knowledge - INFO - [LLM_CALL] Completed: wizard_invoice_onshipping.py:chunk1, Duration: 180999ms, PromptTokens: 3166, CompletionTokens: 392, Cost: $0.00047
2026-02-03 10:02:04,258 - Knowledge - INFO - done ingest for /app/data/T0002/210888/b48252o/odoo-210888/addons/stock/wizard/wizard_invoice_onshipping.py
2026-02-03 10:02:06,157 - Knowledge - INFO - done ingest for /app/data/T0002/210888/b48252o/odoo-210888/doc/migrate/3.3.0-3.4.0/pre.py
2026-02-03 10:02:08,874 - Knowledge - INFO - process ingested knowledge for /app/data/T0002/210888/b48252o/odoo-210888/addons/account_report/__init__.py
2026-02-03 10:02:08,952 - Knowledge - INFO - process ingested knowledge for /app/data/T0002/210888/b48252o/odoo-210888/addons/stock/report/__init__.py
2026-02-03 10:02:08,965 - Knowledge - INFO - process ingested knowledge for /app/data/T0002/210888/b48252o/odoo-210888/addons/wiki/data/wiki_quality.xml
2026-02-03 10:02:09,052 - Knowledge - INFO - [LLM_CALL] Completed: pre-tiny.py:chunk1, Duration: 188501ms, PromptTokens: 3462, CompletionTokens: 252, Cost: $0.00045
2026-02-03 10:02:09,206 - Knowledge - INFO - done ingest for /app/data/T0002/210888/b48252o/odoo-210888/doc/migrate/3.4.0-4.0.0/pre-tiny.py
2026-02-03 10:02:09,437 - Knowledge - INFO - [LLM_CALL] Completed: wizard_partial_picking.py:chunk1, Duration: 186383ms, PromptTokens: 5632, CompletionTokens: 554, Cost: $0.00078
2026-02-03 10:02:09,462 - Knowledge - INFO - done ingest for /app/data/T0002/210888/b48252o/odoo-210888/addons/stock/wizard/wizard_partial_picking.py
2026-02-03 10:02:11,939 - Knowledge - INFO - process ingested knowledge for /app/data/T0002/210888/b48252o/odoo-210888/addons/base_module_quality/object_test/object_test.py
2026-02-03 10:02:13,276 - Knowledge - INFO - [LLM_CALL] Completed: post.py:chunk1, Duration: 193631ms, PromptTokens: 3570, CompletionTokens: 275, Cost: $0.00047
2026-02-03 10:02:13,379 - Knowledge - INFO - done ingest for /app/data/T0002/210888/b48252o/odoo-210888/doc/migrate/3.3.0-3.4.0/post.py
2026-02-03 10:02:14,651 - Knowledge - INFO - process ingested knowledge for /app/data/T0002/210888/b48252o/odoo-210888/addons/hr_attendance/report/timesheet.py
2026-02-03 10:02:14,664 - Knowledge - INFO - process ingested knowledge for /app/data/T0002/210888/b48252o/odoo-210888/addons/stock/report/ups.py
2026-02-03 10:02:15,643 - Knowledge - INFO - [LLM_CALL] Completed: base_iban.py:chunk1, Duration: 40972ms, PromptTokens: 3210, CompletionTokens: 510, Cost: $0.00052
2026-02-03 10:02:15,644 - Knowledge - INFO - done ingest for /app/data/T0002/210888/b48252o/odoo-210888/addons/base_iban/base_iban.py
2026-02-03 10:02:15,660 - Knowledge - INFO - [LLM_CALL] Completed: post-tiny.py:chunk1, Duration: 196222ms, PromptTokens: 2566, CompletionTokens: 230, Cost: $0.00035
2026-02-03 10:02:15,669 - Knowledge - INFO - done ingest for /app/data/T0002/210888/b48252o/odoo-210888/doc/migrate/3.4.0-4.0.0/post-tiny.py
2026-02-03 10:02:16,383 - Knowledge - INFO - process ingested knowledge for /app/data/T0002/210888/b48252o/odoo-210888/addons/base_module_quality/object_test/__init__.py
2026-02-03 10:02:17,371 - Knowledge - INFO - [LLM_CALL] Completed: wizard_split_lot_line.py:chunk1, Duration: 194406ms, PromptTokens: 2414, CompletionTokens: 355, Cost: $0.00038
2026-02-03 10:02:17,457 - Knowledge - INFO - done ingest for /app/data/T0002/210888/b48252o/odoo-210888/addons/stock/wizard/wizard_split_lot_line.py
2026-02-03 10:02:18,855 - Knowledge - INFO - done ingest for /app/data/T0002/210888/b48252o/odoo-210888/doc/migrate/4.0.0-4.2.0/tiny/pre-tiny.py
2026-02-03 10:02:19,486 - Knowledge - INFO - process ingested knowledge for /app/data/T0002/210888/b48252o/odoo-210888/addons/wiki/data/wiki_help.xml
2026-02-03 10:02:19,641 - Knowledge - INFO - process ingested knowledge for /app/data/T0002/210888/b48252o/odoo-210888/addons/stock/stock_data.xml
2026-02-03 10:02:19,654 - Knowledge - INFO - process ingested knowledge for /app/data/T0002/210888/b48252o/odoo-210888/addons/wiki/wizard/__init__.py
2026-02-03 10:02:19,856 - Knowledge - INFO - process ingested knowledge for /app/data/T0002/210888/b48252o/odoo-210888/addons/base_module_quality/__terp__.py
2026-02-03 10:02:23,480 - Knowledge - INFO - process ingested knowledge for /app/data/T0002/210888/b48252o/odoo-210888/addons/wiki/data/wiki_main.xml
2026-02-03 10:02:23,546 - Knowledge - INFO - process ingested knowledge for /app/data/T0002/210888/b48252o/odoo-210888/addons/stock/product_view.xml
2026-02-03 10:02:23,557 - Knowledge - INFO - process ingested knowledge for /app/data/T0002/210888/b48252o/odoo-210888/addons/wiki/wizard/create_menu.py
2026-02-03 10:02:23,646 - Knowledge - INFO - process ingested knowledge for /app/data/T0002/210888/b48252o/odoo-210888/addons/base_module_quality/wizard/module_quality_check.py
2026-02-03 10:02:24,744 - Knowledge - INFO - [LLM_CALL] Completed: structure_test.py:chunk1, Duration: 203083ms, PromptTokens: 4464, CompletionTokens: 426, Cost: $0.00062
2026-02-03 10:02:24,750 - Knowledge - INFO - done ingest for /app/data/T0002/210888/b48252o/odoo-210888/addons/base_module_quality/structure_test/structure_test.py
2026-02-03 10:02:24,971 - Knowledge - INFO - process ingested knowledge for /app/data/T0002/210888/b48252o/odoo-210888/addons/hr_attendance/hr_attendance_report.xml
2026-02-03 10:02:28,248 - Knowledge - INFO - [LLM_CALL] Completed: report_sale.py:chunk1, Duration: 207597ms, PromptTokens: 4512, CompletionTokens: 400, Cost: $0.00061
2026-02-03 10:02:28,249 - Knowledge - INFO - done ingest for /app/data/T0002/210888/b48252o/odoo-210888/addons/report_sale/report_sale.py
2026-02-03 10:02:28,750 - Knowledge - INFO - process ingested knowledge for /app/data/T0002/210888/b48252o/odoo-210888/addons/wiki/wiki_view.xml
2026-02-03 10:02:28,959 - Knowledge - INFO - process ingested knowledge for /app/data/T0002/210888/b48252o/odoo-210888/addons/hr_attendance/__terp__.py
2026-02-03 10:02:30,062 - Knowledge - INFO - [LLM_CALL] Completed: speed_test.py:chunk1, Duration: 208417ms, PromptTokens: 3840, CompletionTokens: 547, Cost: $0.00060
2026-02-03 10:02:30,141 - Knowledge - INFO - done ingest for /app/data/T0002/210888/b48252o/odoo-210888/addons/base_module_quality/speed_test/speed_test.py
2026-02-03 10:02:30,358 - Knowledge - WARNING - Timeout processing /app/data/T0002/210888/b48252o/odoo-210888/addons/account_voucher/account.py after 90s - using fallback metadata
2026-02-03 10:02:32,173 - Knowledge - INFO - [LLM_CALL] Completed: terp_test.py:chunk1, Duration: 210318ms, PromptTokens: 4090, CompletionTokens: 450, Cost: $0.00059
2026-02-03 10:02:32,173 - Knowledge - INFO - done ingest for /app/data/T0002/210888/b48252o/odoo-210888/addons/base_module_quality/terp_test/terp_test.py
2026-02-03 10:02:34,345 - Knowledge - INFO - process ingested knowledge for /app/data/T0002/210888/b48252o/odoo-210888/addons/wiki/wiki.py
2026-02-03 10:02:35,377 - Knowledge - INFO - process ingested knowledge for /app/data/T0002/210888/b48252o/odoo-210888/addons/hr_attendance/wizard/print_bymonth.py
2026-02-03 10:02:37,271 - Knowledge - INFO - process ingested knowledge for /app/data/T0002/210888/b48252o/odoo-210888/addons/base_module_quality/wizard/quality_save_report.py
2026-02-03 10:02:37,362 - Knowledge - INFO - [LLM_CALL] Completed: pep8_test.py:chunk1, Duration: 215585ms, PromptTokens: 6404, CompletionTokens: 603, Cost: $0.00088
2026-02-03 10:02:37,363 - Knowledge - INFO - done ingest for /app/data/T0002/210888/b48252o/odoo-210888/addons/base_module_quality/pep8_test/pep8_test.py
2026-02-03 10:02:37,441 - Knowledge - INFO - process ingested knowledge for /app/data/T0002/210888/b48252o/odoo-210888/addons/wiki/__init__.py
2026-02-03 10:02:37,873 - Knowledge - INFO - Processing batch of 10 files
2026-02-03 10:02:37,944 - Knowledge - INFO - process ingested knowledge for /app/data/T0002/210888/b48252o/odoo-210888/addons/base_module_quality/base_module_quality_wizard.xml
2026-02-03 10:02:38,368 - Knowledge - INFO - [WEBSOCKET] Sent: Type=progress_update, Size: 295, Duration: 0ms
2026-02-03 10:02:38,369 - Knowledge - INFO - [WEBSOCKET] Sent: Type=unknown, Size: ?, Duration: 1ms
2026-02-03 10:02:38,375 - Knowledge - INFO - Progress: 13.4% | Files: 170/1263 | Rate: 0.77 files/sec | Queue: 1033
2026-02-03 10:02:39,372 - Knowledge - INFO - process ingested knowledge for /app/data/T0002/210888/b48252o/odoo-210888/addons/base_module_quality/wizard/__init__.py
2026-02-03 10:02:39,465 - Knowledge - INFO - process ingested knowledge for /app/data/T0002/210888/b48252o/odoo-210888/addons/hr_attendance/wizard/print_byweek.py
2026-02-03 10:02:39,570 - Knowledge - INFO - process ingested knowledge for /app/data/T0002/210888/b48252o/odoo-210888/addons/base_module_quality/pylint_test/pylint_test_config.txt
2026-02-03 10:02:39,638 - Knowledge - INFO - [kw15] Queue=1033, InProgress=0, PendingWorkers=20/20, Completed=173/1263 (13.7%)
2026-02-03 10:02:39,638 - Knowledge - INFO - Batch sizing: calculated=10, max_allowed=10, queue=1033, active_workers=20/20
2026-02-03 10:02:41,242 - Knowledge - INFO - process ingested knowledge for /app/data/T0002/210888/b48252o/odoo-210888/addons/base_module_quality/base_module_quality_view.xml
2026-02-03 10:02:42,142 - Knowledge - INFO - Processing batch of 10 files
2026-02-03 10:02:42,143 - Knowledge - INFO - process ingested knowledge for /app/data/T0002/210888/b48252o/odoo-210888/addons/account_voucher/report/report_voucher_amount.py
2026-02-03 10:02:42,145 - Knowledge - INFO - process ingested knowledge for /app/data/T0002/210888/b48252o/odoo-210888/addons/hr_attendance/wizard/sign_in_out.py
2026-02-03 10:02:42,237 - Knowledge - INFO - process ingested knowledge for /app/data/T0002/210888/b48252o/odoo-210888/addons/base_module_quality/pylint_test/pylint_test.py
2026-02-03 10:02:42,258 - Knowledge - INFO - done ingest for /app/data/T0002/210888/b48252o/odoo-210888/doc/migrate/3.4.0-4.0.0/post.py
2026-02-03 10:02:43,247 - Knowledge - INFO - Processing batch of 10 files
2026-02-03 10:02:43,248 - Knowledge - INFO - Async storing batch of 10 embeddings
2026-02-03 10:02:43,259 - Knowledge - INFO - process ingested knowledge for /app/data/T0002/210888/b48252o/odoo-210888/addons/stock/wizard/wizard_inventory.py
2026-02-03 10:02:43,538 - Knowledge - INFO - Worker kw15 processing /app/data/T0002/210888/b48252o/odoo-210888/addons/account_followup/wizard/wizard_followup_print.py
2026-02-03 10:02:43,637 - Knowledge - INFO - Worker kw15 processing /app/data/T0002/210888/b48252o/odoo-210888/addons/account_followup/wizard/__init__.py
2026-02-03 10:02:43,675 - Knowledge - INFO - Processing batch of 10 files
2026-02-03 10:02:43,676 - Knowledge - INFO - process ingested knowledge for /app/data/T0002/210888/b48252o/odoo-210888/addons/purchase_manual/purchase_manual_wizard.xml
2026-02-03 10:02:43,743 - Knowledge - INFO - Fast-tracked /app/data/T0002/210888/b48252o/odoo-210888/addons/account_followup/wizard/__init__.py (ext=.py, size=1088)
2026-02-03 10:02:43,844 - Knowledge - INFO - Worker kw15 processing /app/data/T0002/210888/b48252o/odoo-210888/addons/account_followup/followup_view.xml
2026-02-03 10:02:43,873 - Knowledge - INFO - Fast-tracked /app/data/T0002/210888/b48252o/odoo-210888/addons/account_followup/followup_view.xml (ext=.xml, size=7865)
2026-02-03 10:02:43,873 - Knowledge - INFO - Worker kw15 processing /app/data/T0002/210888/b48252o/odoo-210888/addons/account_followup/followup_demo.xml
2026-02-03 10:02:43,937 - Knowledge - INFO - Fast-tracked /app/data/T0002/210888/b48252o/odoo-210888/addons/account_followup/followup_demo.xml (ext=.xml, size=3189)
2026-02-03 10:02:43,938 - Knowledge - INFO - Worker kw15 processing /app/data/T0002/210888/b48252o/odoo-210888/addons/account_followup/__init__.py
2026-02-03 10:02:44,142 - Knowledge - INFO - Fast-tracked /app/data/T0002/210888/b48252o/odoo-210888/addons/account_followup/__init__.py (ext=.py, size=1126)
2026-02-03 10:02:44,147 - Knowledge - INFO - Worker kw15 processing /app/data/T0002/210888/b48252o/odoo-210888/addons/account_followup/followup.py
2026-02-03 10:02:44,149 - Knowledge - INFO - [LLM_CALL] Completed: report_followup_print.py:chunk1, Duration: 68086ms, PromptTokens: 2814, CompletionTokens: 468, Cost: $0.00047
2026-02-03 10:02:44,159 - Knowledge - INFO - done ingest for /app/data/T0002/210888/b48252o/odoo-210888/addons/account_followup/report/report_followup_print.py
2026-02-03 10:02:44,238 - Knowledge - INFO - process ingested knowledge for /app/data/T0002/210888/b48252o/odoo-210888/addons/base_module_quality/__init__.py
2026-02-03 10:02:44,256 - Knowledge - INFO - Worker kw15 processing /app/data/T0002/210888/b48252o/odoo-210888/addons/stock_location/__terp__.py
2026-02-03 10:02:44,272 - Knowledge - INFO - done ingest for /app/data/T0002/210888/b48252o/odoo-210888/doc/migrate/4.2.0-4.4.0/pre.py
2026-02-03 10:02:44,347 - Knowledge - INFO - Fast-tracked /app/data/T0002/210888/b48252o/odoo-210888/addons/stock_location/__terp__.py (ext=.py, size=1877)
2026-02-03 10:02:44,352 - Knowledge - INFO - Worker kw15 processing /app/data/T0002/210888/b48252o/odoo-210888/addons/stock_location/stock_view.xml
2026-02-03 10:02:44,378 - Knowledge - INFO - Fast-tracked /app/data/T0002/210888/b48252o/odoo-210888/addons/stock_location/stock_view.xml (ext=.xml, size=2345)
2026-02-03 10:02:44,463 - Knowledge - INFO - Worker kw15 processing /app/data/T0002/210888/b48252o/odoo-210888/addons/stock_location/stock.py
2026-02-03 10:02:44,576 - Knowledge - INFO - Worker kw15 processing /app/data/T0002/210888/b48252o/odoo-210888/addons/stock_location/__init__.py
2026-02-03 10:02:44,644 - Knowledge - INFO - Fast-tracked /app/data/T0002/210888/b48252o/odoo-210888/addons/stock_location/__init__.py (ext=.py, size=1071)
2026-02-03 10:02:45,262 - Knowledge - INFO - [kw3] Queue=1023, InProgress=0, PendingWorkers=20/20, Completed=183/1263 (14.5%)
2026-02-03 10:02:45,275 - Knowledge - INFO - Batch sizing: calculated=10, max_allowed=10, queue=1023, active_workers=20/20
2026-02-03 10:02:45,448 - Knowledge - INFO - [LLM_CALL] Completed: followup_report.py:chunk1, Duration: 68391ms, PromptTokens: 2212, CompletionTokens: 297, Cost: $0.00034
2026-02-03 10:02:45,454 - Knowledge - INFO - done ingest for /app/data/T0002/210888/b48252o/odoo-210888/addons/account_followup/followup_report.py
2026-02-03 10:02:45,536 - Knowledge - INFO - Fast-tracked /app/data/T0002/210888/b48252o/odoo-210888/addons/account_followup/followup.py (small file (2907 bytes))
2026-02-03 10:02:45,848 - Knowledge - INFO - done ingest for /app/data/T0002/210888/b48252o/odoo-210888/doc/migrate/3.4.0-4.0.0/pre.py
2026-02-03 10:02:45,951 - Knowledge - INFO - process ingested knowledge for /app/data/T0002/210888/b48252o/odoo-210888/addons/base_module_quality/pylint_test/__init__.py
2026-02-03 10:02:46,067 - Knowledge - INFO - Async storage completed for 10 embeddings
2026-02-03 10:02:46,883 - Knowledge - INFO - process ingested knowledge for /app/data/T0002/210888/b48252o/odoo-210888/addons/stock/wizard/wizard_track_line.py
2026-02-03 10:02:46,952 - Knowledge - INFO - [kw18] Queue=1023, InProgress=0, PendingWorkers=20/20, Completed=183/1263 (14.5%)
2026-02-03 10:02:47,036 - Knowledge - INFO - Batch sizing: calculated=10, max_allowed=10, queue=1023, active_workers=20/20
2026-02-03 10:02:47,046 - Knowledge - INFO - process ingested knowledge for /app/data/T0002/210888/b48252o/odoo-210888/addons/account_voucher/report/__init__.py
2026-02-03 10:02:48,154 - Knowledge - INFO - process ingested knowledge for /app/data/T0002/210888/b48252o/odoo-210888/addons/hr_attendance/wizard/print_attendance_error.py
2026-02-03 10:02:49,664 - Knowledge - INFO - process ingested knowledge for /app/data/T0002/210888/b48252o/odoo-210888/addons/base_module_quality/base_module_quality.py
2026-02-03 10:02:50,849 - Knowledge - INFO - process ingested knowledge for /app/data/T0002/210888/b48252o/odoo-210888/addons/stock/wizard/inventory_merge_zero.py
2026-02-03 10:02:50,958 - Knowledge - INFO - Async storing batch of 10 embeddings
2026-02-03 10:02:51,066 - Knowledge - INFO - Worker kw18 processing /app/data/T0002/210888/b48252o/odoo-210888/addons/account_tax_include/__terp__.py
2026-02-03 10:02:51,075 - Knowledge - INFO - Fast-tracked /app/data/T0002/210888/b48252o/odoo-210888/addons/account_tax_include/__terp__.py (ext=.py, size=1616)
2026-02-03 10:02:51,076 - Knowledge - INFO - Worker kw18 processing /app/data/T0002/210888/b48252o/odoo-210888/addons/account_tax_include/invoice_tax_incl.py
2026-02-03 10:02:51,356 - Knowledge - INFO - Worker kw18 processing /app/data/T0002/210888/b48252o/odoo-210888/addons/account_tax_include/invoice_tax_incl.xml
2026-02-03 10:02:51,456 - Knowledge - INFO - Fast-tracked /app/data/T0002/210888/b48252o/odoo-210888/addons/account_tax_include/invoice_tax_incl.xml (ext=.xml, size=3907)
2026-02-03 10:02:51,457 - Knowledge - INFO - Worker kw18 processing /app/data/T0002/210888/b48252o/odoo-210888/addons/account_tax_include/__init__.py
2026-02-03 10:02:51,546 - Knowledge - INFO - Fast-tracked /app/data/T0002/210888/b48252o/odoo-210888/addons/account_tax_include/__init__.py (ext=.py, size=1083)
2026-02-03 10:02:51,554 - Knowledge - INFO - Worker kw18 processing /app/data/T0002/210888/b48252o/odoo-210888/addons/board_sale/__terp__.py
2026-02-03 10:02:51,655 - Knowledge - INFO - Fast-tracked /app/data/T0002/210888/b48252o/odoo-210888/addons/board_sale/__terp__.py (ext=.py, size=1654)
2026-02-03 10:02:51,843 - Knowledge - INFO - Worker kw18 processing /app/data/T0002/210888/b48252o/odoo-210888/addons/board_sale/board_sale_view.xml
2026-02-03 10:02:52,143 - Knowledge - INFO - Fast-tracked /app/data/T0002/210888/b48252o/odoo-210888/addons/board_sale/board_sale_view.xml (ext=.xml, size=2163)
2026-02-03 10:02:52,164 - Knowledge - INFO - Worker kw18 processing /app/data/T0002/210888/b48252o/odoo-210888/addons/board_sale/__init__.py
2026-02-03 10:02:52,270 - Knowledge - INFO - Fast-tracked /app/data/T0002/210888/b48252o/odoo-210888/addons/board_sale/__init__.py (ext=.py, size=1059)
2026-02-03 10:02:52,340 - Knowledge - INFO - Worker kw18 processing /app/data/T0002/210888/b48252o/odoo-210888/addons/board_sale/board_sale_demo.xml
2026-02-03 10:02:52,359 - Knowledge - INFO - Fast-tracked /app/data/T0002/210888/b48252o/odoo-210888/addons/board_sale/board_sale_demo.xml (ext=.xml, size=528)
2026-02-03 10:02:52,365 - Knowledge - INFO - Worker kw18 processing /app/data/T0002/210888/b48252o/odoo-210888/addons/purchase_analytic_plans/__terp__.py
2026-02-03 10:02:52,436 - Knowledge - INFO - Fast-tracked /app/data/T0002/210888/b48252o/odoo-210888/addons/purchase_analytic_plans/__terp__.py (ext=.py, size=1595)
2026-02-03 10:02:52,437 - Knowledge - INFO - Worker kw18 processing /app/data/T0002/210888/b48252o/odoo-210888/addons/purchase_analytic_plans/purchase_analytic_plans_view.xml
2026-02-03 10:02:52,446 - Knowledge - INFO - process ingested knowledge for /app/data/T0002/210888/b48252o/odoo-210888/addons/hr_attendance/wizard/__init__.py
2026-02-03 10:02:52,575 - Knowledge - INFO - Fast-tracked /app/data/T0002/210888/b48252o/odoo-210888/addons/purchase_analytic_plans/purchase_analytic_plans_view.xml (ext=.xml, size=539)
2026-02-03 10:02:52,577 - Knowledge - INFO - Async storing batch of 10 embeddings
2026-02-03 10:02:52,579 - Knowledge - WARNING - Timeout processing /app/data/T0002/210888/b48252o/odoo-210888/setup.py after 90s - using fallback metadata
2026-02-03 10:02:52,737 - Knowledge - INFO - Worker kw3 processing /app/data/T0002/210888/b48252o/odoo-210888/addons/purchase_analytic_plans/purchase_analytic_plans.py
2026-02-03 10:02:52,846 - Knowledge - INFO - Fast-tracked /app/data/T0002/210888/b48252o/odoo-210888/addons/purchase_analytic_plans/purchase_analytic_plans.py (ext=.py, size=1744)
2026-02-03 10:02:52,855 - Knowledge - INFO - Worker kw3 processing /app/data/T0002/210888/b48252o/odoo-210888/addons/purchase_analytic_plans/__init__.py
2026-02-03 10:02:52,936 - Knowledge - INFO - Async storage completed for 10 embeddings
2026-02-03 10:02:52,944 - Knowledge - INFO - Fast-tracked /app/data/T0002/210888/b48252o/odoo-210888/addons/purchase_analytic_plans/__init__.py (ext=.py, size=1223)
2026-02-03 10:02:52,945 - Knowledge - INFO - Worker kw3 processing /app/data/T0002/210888/b48252o/odoo-210888/addons/membership/membership_data.xml
2026-02-03 10:02:52,976 - Knowledge - INFO - Fast-tracked /app/data/T0002/210888/b48252o/odoo-210888/addons/membership/membership_data.xml (ext=.xml, size=838)
2026-02-03 10:02:53,049 - Knowledge - INFO - Worker kw3 processing /app/data/T0002/210888/b48252o/odoo-210888/addons/membership/__terp__.py
2026-02-03 10:02:53,243 - Knowledge - INFO - Fast-tracked /app/data/T0002/210888/b48252o/odoo-210888/addons/membership/__terp__.py (ext=.py, size=1989)
2026-02-03 10:02:53,244 - Knowledge - INFO - Worker kw3 processing /app/data/T0002/210888/b48252o/odoo-210888/addons/membership/wizard/__init__.py
2026-02-03 10:02:53,345 - Knowledge - INFO - process ingested knowledge for /app/data/T0002/210888/b48252o/odoo-210888/addons/purchase_manual/__terp__.py
2026-02-03 10:02:53,347 - Knowledge - INFO - Fast-tracked /app/data/T0002/210888/b48252o/odoo-210888/addons/membership/wizard/__init__.py (ext=.py, size=1084)
2026-02-03 10:02:53,352 - Knowledge - INFO - Worker kw3 processing /app/data/T0002/210888/b48252o/odoo-210888/addons/membership/wizard/invoice_membership.py
2026-02-03 10:02:53,372 - Knowledge - INFO - Worker kw3 processing /app/data/T0002/210888/b48252o/odoo-210888/addons/membership/membership_view.xml
2026-02-03 10:02:53,444 - Knowledge - INFO - Fast-tracked /app/data/T0002/210888/b48252o/odoo-210888/addons/membership/membership_view.xml (ext=.xml, size=26267)
2026-02-03 10:02:53,444 - Knowledge - INFO - Worker kw3 processing /app/data/T0002/210888/b48252o/odoo-210888/addons/membership/demo_data.xml
2026-02-03 10:02:53,460 - Knowledge - INFO - Fast-tracked /app/data/T0002/210888/b48252o/odoo-210888/addons/membership/demo_data.xml (ext=.xml, size=7619)
2026-02-03 10:02:53,554 - Knowledge - INFO - Worker kw3 processing /app/data/T0002/210888/b48252o/odoo-210888/addons/membership/membership.py
2026-02-03 10:02:53,661 - Knowledge - INFO - Worker kw3 processing /app/data/T0002/210888/b48252o/odoo-210888/addons/membership/membership_wizard.xml
2026-02-03 10:02:53,687 - Knowledge - INFO - Fast-tracked /app/data/T0002/210888/b48252o/odoo-210888/addons/membership/membership_wizard.xml (ext=.xml, size=62)
2026-02-03 10:02:53,979 - Knowledge - INFO - process ingested knowledge for /app/data/T0002/210888/b48252o/odoo-210888/addons/purchase_manual/purchase_manual.py
2026-02-03 10:02:54,276 - Knowledge - INFO - Async storage completed for 10 embeddings
2026-02-03 10:02:54,777 - Knowledge - INFO - process ingested knowledge for /app/data/T0002/210888/b48252o/odoo-210888/addons/account_voucher/account_view.xml
2026-02-03 10:02:55,667 - Knowledge - INFO - process ingested knowledge for /app/data/T0002/210888/b48252o/odoo-210888/addons/hr_attendance/hr_attendance_view.xml
2026-02-03 10:02:55,759 - Knowledge - INFO - process ingested knowledge for /app/data/T0002/210888/b48252o/odoo-210888/addons/purchase_manual/wizard/wizard_purchase_line_invoice.py
2026-02-03 10:02:56,546 - Knowledge - INFO - process ingested knowledge for /app/data/T0002/210888/b48252o/odoo-210888/addons/project_retro_planning/__terp__.py
2026-02-03 10:02:56,876 - Knowledge - INFO - [LLM_CALL] Completed: stock.py:chunk1, Duration: 11125ms, PromptTokens: 15488, CompletionTokens: 1699, Cost: $0.00223
2026-02-03 10:02:57,650 - Knowledge - INFO - process ingested knowledge for /app/data/T0002/210888/b48252o/odoo-210888/addons/account_voucher/__terp__.py
2026-02-03 10:02:59,765 - Knowledge - INFO - process ingested knowledge for /app/data/T0002/210888/b48252o/odoo-210888/addons/purchase_manual/wizard/__init__.py
2026-02-03 10:03:01,473 - Knowledge - INFO - process ingested knowledge for /app/data/T0002/210888/b48252o/odoo-210888/addons/project_retro_planning/__init__.py
2026-02-03 10:03:02,349 - Knowledge - INFO - process ingested knowledge for /app/data/T0002/210888/b48252o/odoo-210888/addons/account_voucher/wizard/open_voucher.py
2026-02-03 10:03:05,153 - Knowledge - INFO - process ingested knowledge for /app/data/T0002/210888/b48252o/odoo-210888/addons/stock/wizard/stock_traceability.py
2026-02-03 10:03:06,641 - Knowledge - INFO - [LLM_CALL] Completed: invoice_membership.py:chunk1, Duration: 12805ms, PromptTokens: 3162, CompletionTokens: 354, Cost: $0.00046
2026-02-03 10:03:06,742 - Knowledge - INFO - done ingest for /app/data/T0002/210888/b48252o/odoo-210888/addons/membership/wizard/invoice_membership.py
2026-02-03 10:03:07,353 - Knowledge - INFO - process ingested knowledge for /app/data/T0002/210888/b48252o/odoo-210888/addons/project_retro_planning/project_retro_planning.py
2026-02-03 10:03:07,442 - Knowledge - INFO - process ingested knowledge for /app/data/T0002/210888/b48252o/odoo-210888/addons/account_voucher/wizard/__init__.py
2026-02-03 10:03:07,644 - Knowledge - INFO - Processing batch of 10 files
2026-02-03 10:03:07,737 - Knowledge - INFO - process ingested knowledge for /app/data/T0002/210888/b48252o/odoo-210888/addons/report_sale/report_sale_view.xml
2026-02-03 10:03:07,954 - Knowledge - INFO - done ingest for /app/data/T0002/210888/b48252o/odoo-210888/addons/stock_location/stock.py
2026-02-03 10:03:09,137 - Knowledge - INFO - process ingested knowledge for /app/data/T0002/210888/b48252o/odoo-210888/addons/stock/wizard/wizard_replacement.py
2026-02-03 10:03:09,968 - Knowledge - INFO - [LLM_CALL] Completed: wizard_followup_print.py:chunk1, Duration: 25012ms, PromptTokens: 7642, CompletionTokens: 440, Cost: $0.00094
2026-02-03 10:03:09,969 - Knowledge - INFO - done ingest for /app/data/T0002/210888/b48252o/odoo-210888/addons/account_followup/wizard/wizard_followup_print.py
2026-02-03 10:03:10,154 - Knowledge - WARNING - Timeout processing /app/data/T0002/210888/b48252o/odoo-210888/addons/stock/stock.py after 90s - using fallback metadata
2026-02-03 10:03:10,653 - Knowledge - INFO - process ingested knowledge for /app/data/T0002/210888/b48252o/odoo-210888/addons/report_account/report_receivable.py
2026-02-03 10:03:12,167 - Knowledge - INFO - [WEBSOCKET] Sent: Type=progress_update, Size: 294, Duration: 0ms
2026-02-03 10:03:12,242 - Knowledge - INFO - [WEBSOCKET] Sent: Type=unknown, Size: ?, Duration: 75ms
2026-02-03 10:03:12,265 - Knowledge - INFO - Progress: 16.1% | Files: 204/1263 | Rate: 0.79 files/sec | Queue: 1003
2026-02-03 10:03:12,352 - Knowledge - INFO - process ingested knowledge for /app/data/T0002/210888/b48252o/odoo-210888/addons/report_sale/report_sale.py
2026-02-03 10:03:12,362 - Knowledge - INFO - process ingested knowledge for /app/data/T0002/210888/b48252o/odoo-210888/addons/purchase_manual/purchase_manual_view.xml
2026-02-03 10:03:12,852 - Knowledge - INFO - Processing batch of 10 files
2026-02-03 10:03:12,857 - Knowledge - INFO - process ingested knowledge for /app/data/T0002/210888/b48252o/odoo-210888/addons/stock/report_stock.py
2026-02-03 10:03:13,373 - Knowledge - INFO - [LLM_CALL] Completed: invoice_tax_incl.py:chunk1, Duration: 20615ms, PromptTokens: 6234, CompletionTokens: 604, Cost: $0.00086
2026-02-03 10:03:13,437 - Knowledge - INFO - done ingest for /app/data/T0002/210888/b48252o/odoo-210888/addons/account_tax_include/invoice_tax_incl.py
2026-02-03 10:03:13,449 - Knowledge - INFO - process ingested knowledge for /app/data/T0002/210888/b48252o/odoo-210888/addons/stock/wizard/__init__.py
2026-02-03 10:03:14,348 - Knowledge - INFO - process ingested knowledge for /app/data/T0002/210888/b48252o/odoo-210888/addons/report_account/report_receivable_view.xml
2026-02-03 10:03:14,761 - Knowledge - INFO - [kw12] Queue=1003, InProgress=0, PendingWorkers=20/20, Completed=210/1263 (16.6%)
2026-02-03 10:03:14,762 - Knowledge - INFO - Batch sizing: calculated=10, max_allowed=10, queue=1003, active_workers=20/20
2026-02-03 10:03:14,765 - Knowledge - INFO - process ingested knowledge for /app/data/T0002/210888/b48252o/odoo-210888/addons/report_sale/__init__.py
2026-02-03 10:03:14,851 - Knowledge - INFO - process ingested knowledge for /app/data/T0002/210888/b48252o/odoo-210888/addons/stock/stock_incoterms.xml
2026-02-03 10:03:15,657 - Knowledge - INFO - process ingested knowledge for /app/data/T0002/210888/b48252o/odoo-210888/addons/account_voucher/voucher_view.xml
2026-02-03 10:03:16,437 - Knowledge - INFO - process ingested knowledge for /app/data/T0002/210888/b48252o/odoo-210888/addons/report_account/__terp__.py
2026-02-03 10:03:17,073 - Knowledge - INFO - process ingested knowledge for /app/data/T0002/210888/b48252o/odoo-210888/addons/purchase_manual/__init__.py
2026-02-03 10:03:17,140 - Knowledge - INFO - process ingested knowledge for /app/data/T0002/210888/b48252o/odoo-210888/addons/stock/wizard/wizard_return.py
2026-02-03 10:03:17,142 - Knowledge - INFO - process ingested knowledge for /app/data/T0002/210888/b48252o/odoo-210888/addons/analytic_user_function/__terp__.py
2026-02-03 10:03:17,745 - Knowledge - INFO - process ingested knowledge for /app/data/T0002/210888/b48252o/odoo-210888/addons/account_voucher/voucher_workflow.xml
2026-02-03 10:03:18,967 - Knowledge - INFO - process ingested knowledge for /app/data/T0002/210888/b48252o/odoo-210888/addons/report_account/__init__.py
2026-02-03 10:03:19,878 - Knowledge - INFO - [LLM_CALL] Completed: membership.py:chunk1, Duration: 25831ms, PromptTokens: 14030, CompletionTokens: 1124, Cost: $0.00185
2026-02-03 10:03:19,937 - Knowledge - INFO - done ingest for /app/data/T0002/210888/b48252o/odoo-210888/addons/membership/membership.py
2026-02-03 10:03:20,050 - Knowledge - INFO - process ingested knowledge for /app/data/T0002/210888/b48252o/odoo-210888/addons/stock/wizard/wizard_ups.py
2026-02-03 10:03:20,052 - Knowledge - INFO - process ingested knowledge for /app/data/T0002/210888/b48252o/odoo-210888/addons/analytic_user_function/analytic_user_function_view.xml
2026-02-03 10:03:20,054 - Knowledge - INFO - process ingested knowledge for /app/data/T0002/210888/b48252o/odoo-210888/addons/account_voucher/voucher.py
2026-02-03 10:03:20,138 - Knowledge - INFO - Processing batch of 10 files
2026-02-03 10:03:20,138 - Knowledge - INFO - process ingested knowledge for /app/data/T0002/210888/b48252o/odoo-210888/addons/base_module_quality/speed_test/speed_test.py
2026-02-03 10:03:20,340 - Knowledge - INFO - Async storing batch of 10 embeddings
2026-02-03 10:03:20,342 - Knowledge - INFO - Worker kw12 processing /app/data/T0002/210888/b48252o/odoo-210888/addons/membership/__init__.py
2026-02-03 10:03:20,344 - Knowledge - INFO - Fast-tracked /app/data/T0002/210888/b48252o/odoo-210888/addons/membership/__init__.py (ext=.py, size=1089)
2026-02-03 10:03:20,345 - Knowledge - INFO - Worker kw12 processing /app/data/T0002/210888/b48252o/odoo-210888/addons/membership/membership_demo.xml
2026-02-03 10:03:20,346 - Knowledge - INFO - Fast-tracked /app/data/T0002/210888/b48252o/odoo-210888/addons/membership/membership_demo.xml (ext=.xml, size=8091)
2026-02-03 10:03:20,348 - Knowledge - INFO - Worker kw12 processing /app/data/T0002/210888/b48252o/odoo-210888/addons/membership/process/membership_process.xml
2026-02-03 10:03:20,350 - Knowledge - INFO - Fast-tracked /app/data/T0002/210888/b48252o/odoo-210888/addons/membership/process/membership_process.xml (ext=.xml, size=7276)
2026-02-03 10:03:20,351 - Knowledge - INFO - Worker kw12 processing /app/data/T0002/210888/b48252o/odoo-210888/addons/event/security/event_security.xml
2026-02-03 10:03:20,354 - Knowledge - INFO - Fast-tracked /app/data/T0002/210888/b48252o/odoo-210888/addons/event/security/event_security.xml (ext=.xml, size=342)
2026-02-03 10:03:20,354 - Knowledge - INFO - Worker kw12 processing /app/data/T0002/210888/b48252o/odoo-210888/addons/event/event_data.xml
2026-02-03 10:03:20,357 - Knowledge - INFO - Fast-tracked /app/data/T0002/210888/b48252o/odoo-210888/addons/event/event_data.xml (ext=.xml, size=214)
2026-02-03 10:03:20,357 - Knowledge - INFO - Worker kw12 processing /app/data/T0002/210888/b48252o/odoo-210888/addons/event/__terp__.py
2026-02-03 10:03:20,359 - Knowledge - INFO - Worker kw12 processing /app/data/T0002/210888/b48252o/odoo-210888/addons/event/wizard/event_registrations_partner.py
2026-02-03 10:03:20,362 - Knowledge - INFO - Worker kw12 processing /app/data/T0002/210888/b48252o/odoo-210888/addons/event/wizard/make_invoice.py
2026-02-03 10:03:20,365 - Knowledge - INFO - Worker kw12 processing /app/data/T0002/210888/b48252o/odoo-210888/addons/event/wizard/event_registration.py
2026-02-03 10:03:20,370 - Knowledge - INFO - Fast-tracked /app/data/T0002/210888/b48252o/odoo-210888/addons/event/wizard/event_registration.py (ext=.py, size=1901)
2026-02-03 10:03:20,371 - Knowledge - INFO - Worker kw12 processing /app/data/T0002/210888/b48252o/odoo-210888/addons/event/wizard/__init__.py
2026-02-03 10:03:20,373 - Knowledge - INFO - Fast-tracked /app/data/T0002/210888/b48252o/odoo-210888/addons/event/wizard/__init__.py (ext=.py, size=1167)
2026-02-03 10:03:20,380 - Knowledge - INFO - Fast-tracked /app/data/T0002/210888/b48252o/odoo-210888/addons/event/__terp__.py (small file (2097 bytes))
2026-02-03 10:03:20,382 - Knowledge - INFO - Fast-tracked /app/data/T0002/210888/b48252o/odoo-210888/addons/event/wizard/event_registrations_partner.py (small file (2605 bytes))
2026-02-03 10:03:20,447 - Knowledge - INFO - Async storage completed for 10 embeddings
2026-02-03 10:03:20,843 - Knowledge - INFO - process ingested knowledge for /app/data/T0002/210888/b48252o/odoo-210888/addons/stock/stock_report.xml
2026-02-03 10:03:21,667 - Knowledge - INFO - process ingested knowledge for /app/data/T0002/210888/b48252o/odoo-210888/addons/stock/product_data.xml
2026-02-03 10:03:21,668 - Knowledge - INFO - process ingested knowledge for /app/data/T0002/210888/b48252o/odoo-210888/addons/analytic_user_function/__init__.py
2026-02-03 10:03:21,669 - Knowledge - INFO - process ingested knowledge for /app/data/T0002/210888/b48252o/odoo-210888/addons/base_module_quality/structure_test/__init__.py
2026-02-03 10:03:21,671 - Knowledge - INFO - [WEBSOCKET] Sent: Type=progress_update, Size: 295, Duration: 0ms
2026-02-03 10:03:21,673 - Knowledge - INFO - [WEBSOCKET] Sent: Type=unknown, Size: ?, Duration: 2ms
2026-02-03 10:03:21,673 - Knowledge - INFO - Progress: 18.3% | Files: 231/1263 | Rate: 0.85 files/sec | Queue: 993
2026-02-03 10:03:22,069 - Knowledge - INFO - process ingested knowledge for /app/data/T0002/210888/b48252o/odoo-210888/addons/stock/__terp__.py
2026-02-03 10:03:22,945 - Knowledge - INFO - process ingested knowledge for /app/data/T0002/210888/b48252o/odoo-210888/addons/account_report/account.py
2026-02-03 10:03:22,947 - Knowledge - INFO - process ingested knowledge for /app/data/T0002/210888/b48252o/odoo-210888/addons/account_voucher/voucher_sequence.xml
2026-02-03 10:03:22,948 - Knowledge - INFO - process ingested knowledge for /app/data/T0002/210888/b48252o/odoo-210888/addons/base_module_quality/structure_test/structure_test.py
2026-02-03 10:03:22,950 - Knowledge - INFO - [kw19] Queue=993, InProgress=0, PendingWorkers=20/20, Completed=234/1263 (18.5%)
2026-02-03 10:03:22,962 - Knowledge - INFO - Batch sizing: calculated=8, max_allowed=10, queue=993, active_workers=20/20
2026-02-03 10:03:23,240 - Knowledge - INFO - [kw14] Queue=993, InProgress=0, PendingWorkers=20/20, Completed=234/1263 (18.5%)
2026-02-03 10:03:23,241 - Knowledge - INFO - Batch sizing: calculated=8, max_allowed=10, queue=993, active_workers=20/20
2026-02-03 10:03:23,243 - Knowledge - INFO - Async storing batch of 10 embeddings
2026-02-03 10:03:23,243 - Knowledge - INFO - process ingested knowledge for /app/data/T0002/210888/b48252o/odoo-210888/addons/stock/wizard/wizard_location_product.py
2026-02-03 10:03:23,246 - Knowledge - INFO - Worker kw14 processing /app/data/T0002/210888/b48252o/odoo-210888/addons/event/wizard/confirm_registration.py
2026-02-03 10:03:23,257 - Knowledge - INFO - Worker kw14 processing /app/data/T0002/210888/b48252o/odoo-210888/addons/event/event_wizard.xml
2026-02-03 10:03:23,261 - Knowledge - INFO - Fast-tracked /app/data/T0002/210888/b48252o/odoo-210888/addons/event/event_wizard.xml (ext=.xml, size=834)
2026-02-03 10:03:23,261 - Knowledge - INFO - Worker kw14 processing /app/data/T0002/210888/b48252o/odoo-210888/addons/event/event_sequence.xml
2026-02-03 10:03:23,265 - Knowledge - INFO - Fast-tracked /app/data/T0002/210888/b48252o/odoo-210888/addons/event/event_sequence.xml (ext=.xml, size=467)
2026-02-03 10:03:23,265 - Knowledge - INFO - Worker kw14 processing /app/data/T0002/210888/b48252o/odoo-210888/addons/event/event.py
2026-02-03 10:03:23,270 - Knowledge - INFO - Worker kw14 processing /app/data/T0002/210888/b48252o/odoo-210888/addons/event/event_demo.xml
2026-02-03 10:03:23,271 - Knowledge - INFO - Fast-tracked /app/data/T0002/210888/b48252o/odoo-210888/addons/event/event_demo.xml (ext=.xml, size=4479)
2026-02-03 10:03:23,272 - Knowledge - INFO - Worker kw14 processing /app/data/T0002/210888/b48252o/odoo-210888/addons/event/event_view.xml
2026-02-03 10:03:23,274 - Knowledge - INFO - Fast-tracked /app/data/T0002/210888/b48252o/odoo-210888/addons/event/event_view.xml (ext=.xml, size=15037)
2026-02-03 10:03:23,275 - Knowledge - INFO - Worker kw14 processing /app/data/T0002/210888/b48252o/odoo-210888/addons/event/__init__.py
2026-02-03 10:03:23,340 - Knowledge - INFO - Fast-tracked /app/data/T0002/210888/b48252o/odoo-210888/addons/event/__init__.py (ext=.py, size=1084)
2026-02-03 10:03:23,340 - Knowledge - INFO - Worker kw14 processing /app/data/T0002/210888/b48252o/odoo-210888/addons/mrp_operations/mrp_operations_report.xml
2026-02-03 10:03:23,352 - Knowledge - INFO - Fast-tracked /app/data/T0002/210888/b48252o/odoo-210888/addons/mrp_operations/mrp_operations_report.xml (ext=.xml, size=461)
2026-02-03 10:03:23,355 - Knowledge - INFO - Fast-tracked /app/data/T0002/210888/b48252o/odoo-210888/addons/event/wizard/confirm_registration.py (small file (2921 bytes))
2026-02-03 10:03:23,366 - Knowledge - INFO - Async storage completed for 10 embeddings
2026-02-03 10:03:23,857 - Knowledge - INFO - process ingested knowledge for /app/data/T0002/210888/b48252o/odoo-210888/addons/stock/partner_view.xml
2026-02-03 10:03:23,863 - Knowledge - INFO - process ingested knowledge for /app/data/T0002/210888/b48252o/odoo-210888/addons/analytic_user_function/analytic_user_function.py
2026-02-03 10:03:23,864 - Knowledge - INFO - Processing batch of 10 files
2026-02-03 10:03:23,869 - Knowledge - INFO - process ingested knowledge for /app/data/T0002/210888/b48252o/odoo-210888/addons/base_module_quality/method_test/__init__.py
2026-02-03 10:03:23,869 - Knowledge - INFO - process ingested knowledge for /app/data/T0002/210888/b48252o/odoo-210888/addons/base_iban/base_iban_view.xml
2026-02-03 10:03:23,941 - Knowledge - INFO - [kw16] Queue=985, InProgress=0, PendingWorkers=20/20, Completed=239/1263 (18.9%)
2026-02-03 10:03:23,942 - Knowledge - INFO - process ingested knowledge for /app/data/T0002/210888/b48252o/odoo-210888/addons/stock/wizard/wizard_split_lot_line.py
2026-02-03 10:03:23,962 - Knowledge - INFO - Batch sizing: calculated=8, max_allowed=10, queue=985, active_workers=20/20
2026-02-03 10:03:24,037 - Knowledge - INFO - process ingested knowledge for /app/data/T0002/210888/b48252o/odoo-210888/addons/account_voucher/account.py
2026-02-03 10:03:24,450 - Knowledge - INFO - process ingested knowledge for /app/data/T0002/210888/b48252o/odoo-210888/addons/base_module_quality/method_test/method_test.py
2026-02-03 10:03:24,451 - Knowledge - INFO - process ingested knowledge for /app/data/T0002/210888/b48252o/odoo-210888/addons/base_iban/base_iban.py
2026-02-03 10:03:25,462 - Knowledge - INFO - process ingested knowledge for /app/data/T0002/210888/b48252o/odoo-210888/addons/stock/wizard/wizard_partial_picking.py
2026-02-03 10:03:25,564 - Knowledge - INFO - Processing batch of 10 files
2026-02-03 10:03:25,564 - Knowledge - INFO - process ingested knowledge for /app/data/T0002/210888/b48252o/odoo-210888/setup.py
2026-02-03 10:03:26,348 - Knowledge - INFO - Async storing batch of 10 embeddings
2026-02-03 10:03:26,351 - Knowledge - INFO - process ingested knowledge for /app/data/T0002/210888/b48252o/odoo-210888/addons/account_voucher/report/rml_parse.py
2026-02-03 10:03:26,367 - Knowledge - INFO - Worker kw16 processing /app/data/T0002/210888/b48252o/odoo-210888/addons/mrp_operations/report/mrp_wc_barcode.py
2026-02-03 10:03:26,466 - Knowledge - INFO - Fast-tracked /app/data/T0002/210888/b48252o/odoo-210888/addons/mrp_operations/report/mrp_wc_barcode.py (ext=.py, size=1510)
2026-02-03 10:03:26,542 - Knowledge - INFO - Worker kw16 processing /app/data/T0002/210888/b48252o/odoo-210888/addons/mrp_operations/report/__init__.py
2026-02-03 10:03:26,740 - Knowledge - INFO - Fast-tracked /app/data/T0002/210888/b48252o/odoo-210888/addons/mrp_operations/report/__init__.py (ext=.py, size=1104)
2026-02-03 10:03:26,741 - Knowledge - INFO - Worker kw16 processing /app/data/T0002/210888/b48252o/odoo-210888/addons/mrp_operations/report/mrp_code_barcode.py
2026-02-03 10:03:26,762 - Knowledge - INFO - Fast-tracked /app/data/T0002/210888/b48252o/odoo-210888/addons/mrp_operations/report/mrp_code_barcode.py (ext=.py, size=1520)
2026-02-03 10:03:26,772 - Knowledge - INFO - Worker kw16 processing /app/data/T0002/210888/b48252o/odoo-210888/addons/mrp_operations/__terp__.py
2026-02-03 10:03:26,861 - Knowledge - INFO - Worker kw16 processing /app/data/T0002/210888/b48252o/odoo-210888/addons/mrp_operations/mrp_operations.py
2026-02-03 10:03:27,053 - Knowledge - INFO - Worker kw16 processing /app/data/T0002/210888/b48252o/odoo-210888/addons/mrp_operations/mrp_operations_workflow.xml
2026-02-03 10:03:27,059 - Knowledge - INFO - Fast-tracked /app/data/T0002/210888/b48252o/odoo-210888/addons/mrp_operations/mrp_operations_workflow.xml (ext=.xml, size=4460)
2026-02-03 10:03:27,065 - Knowledge - INFO - Worker kw16 processing /app/data/T0002/210888/b48252o/odoo-210888/addons/mrp_operations/mrp_operations_view.xml
2026-02-03 10:03:27,068 - Knowledge - INFO - process ingested knowledge for /app/data/T0002/210888/b48252o/odoo-210888/addons/base_module_quality/pep8_test/pep8_test.py
2026-02-03 10:03:27,069 - Knowledge - INFO - process ingested knowledge for /app/data/T0002/210888/b48252o/odoo-210888/addons/base_iban/__init__.py
2026-02-03 10:03:27,070 - Knowledge - INFO - Fast-tracked /app/data/T0002/210888/b48252o/odoo-210888/addons/mrp_operations/mrp_operations_view.xml (ext=.xml, size=13711)
2026-02-03 10:03:27,137 - Knowledge - INFO - process ingested knowledge for /app/data/T0002/210888/b48252o/odoo-210888/addons/stock/wizard/inventory_merge.py
2026-02-03 10:03:27,143 - Knowledge - INFO - Worker kw16 processing /app/data/T0002/210888/b48252o/odoo-210888/addons/mrp_operations/__init__.py
2026-02-03 10:03:27,273 - Knowledge - INFO - Fast-tracked /app/data/T0002/210888/b48252o/odoo-210888/addons/mrp_operations/__init__.py (ext=.py, size=1094)
2026-02-03 10:03:27,366 - Knowledge - INFO - Fast-tracked /app/data/T0002/210888/b48252o/odoo-210888/addons/mrp_operations/__terp__.py (small file (2749 bytes))
2026-02-03 10:03:27,562 - Knowledge - INFO - Async storage completed for 10 embeddings
2026-02-03 10:03:28,145 - Knowledge - INFO - [LLM_CALL] Completed: make_invoice.py:chunk1, Duration: 7760ms, PromptTokens: 3896, CompletionTokens: 476, Cost: $0.00058
2026-02-03 10:03:28,161 - Knowledge - INFO - done ingest for /app/data/T0002/210888/b48252o/odoo-210888/addons/event/wizard/make_invoice.py
2026-02-03 10:03:29,078 - Knowledge - INFO - process ingested knowledge for /app/data/T0002/210888/b48252o/odoo-210888/addons/account_voucher/report/report_voucher.py
2026-02-03 10:03:29,662 - Knowledge - INFO - process ingested knowledge for /app/data/T0002/210888/b48252o/odoo-210888/addons/base_module_quality/pep8_test/__init__.py
2026-02-03 10:03:29,749 - Knowledge - INFO - [kw17] Queue=977, InProgress=0, PendingWorkers=20/20, Completed=248/1263 (19.6%)
2026-02-03 10:03:29,756 - Knowledge - INFO - Batch sizing: calculated=8, max_allowed=10, queue=977, active_workers=20/20
2026-02-03 10:03:29,772 - Knowledge - INFO - Async storing batch of 10 embeddings
2026-02-03 10:03:29,773 - Knowledge - INFO - process ingested knowledge for /app/data/T0002/210888/b48252o/odoo-210888/doc/migrate/3.4.0-4.0.0/pre.py
2026-02-03 10:03:29,776 - Knowledge - INFO - process ingested knowledge for /app/data/T0002/210888/b48252o/odoo-210888/addons/stock/wizard/wizard_invoice_onshipping.py
2026-02-03 10:03:29,962 - Knowledge - INFO - Processing batch of 10 files
2026-02-03 10:03:29,962 - Knowledge - INFO - process ingested knowledge for /app/data/T0002/210888/b48252o/odoo-210888/addons/stock/stock_view.xml
2026-02-03 10:03:30,037 - Knowledge - INFO - Worker kw19 processing /app/data/T0002/210888/b48252o/odoo-210888/addons/mrp_operations/mrp_operation_data.xml
2026-02-03 10:03:30,072 - Knowledge - INFO - Fast-tracked /app/data/T0002/210888/b48252o/odoo-210888/addons/mrp_operations/mrp_operation_data.xml (ext=.xml, size=1002)
2026-02-03 10:03:30,072 - Knowledge - INFO - Worker kw19 processing /app/data/T0002/210888/b48252o/odoo-210888/addons/mrp_operations/process/mrp_operation_process.xml
2026-02-03 10:03:30,136 - Knowledge - INFO - Fast-tracked /app/data/T0002/210888/b48252o/odoo-210888/addons/mrp_operations/process/mrp_operation_process.xml (ext=.xml, size=6111)
2026-02-03 10:03:30,138 - Knowledge - INFO - Worker kw19 processing /app/data/T0002/210888/b48252o/odoo-210888/addons/profile_crm/__terp__.py
2026-02-03 10:03:30,178 - Knowledge - INFO - Fast-tracked /app/data/T0002/210888/b48252o/odoo-210888/addons/profile_crm/__terp__.py (ext=.py, size=1386)
2026-02-03 10:03:30,239 - Knowledge - INFO - Worker kw19 processing /app/data/T0002/210888/b48252o/odoo-210888/addons/profile_crm/__init__.py
2026-02-03 10:03:30,249 - Knowledge - INFO - Fast-tracked /app/data/T0002/210888/b48252o/odoo-210888/addons/profile_crm/__init__.py (ext=.py, size=1058)
2026-02-03 10:03:30,268 - Knowledge - INFO - Worker kw19 processing /app/data/T0002/210888/b48252o/odoo-210888/addons/crm/scripts/openerp-mailgate/openerp-mailgate.py
2026-02-03 10:03:30,343 - Knowledge - INFO - Worker kw19 processing /app/data/T0002/210888/b48252o/odoo-210888/addons/crm/security/crm_security.xml
2026-02-03 10:03:30,373 - Knowledge - INFO - Fast-tracked /app/data/T0002/210888/b48252o/odoo-210888/addons/crm/security/crm_security.xml (ext=.xml, size=631)
2026-02-03 10:03:30,444 - Knowledge - INFO - Worker kw19 processing /app/data/T0002/210888/b48252o/odoo-210888/addons/crm/crm_report.xml
2026-02-03 10:03:30,557 - Knowledge - INFO - Fast-tracked /app/data/T0002/210888/b48252o/odoo-210888/addons/crm/crm_report.xml (ext=.xml, size=272)
2026-02-03 10:03:30,566 - Knowledge - INFO - Worker kw19 processing /app/data/T0002/210888/b48252o/odoo-210888/addons/crm/report/report_businessopp.py
2026-02-03 10:03:30,965 - Knowledge - INFO - Async storage completed for 10 embeddings
2026-02-03 10:03:31,672 - Knowledge - INFO - process ingested knowledge for /app/data/T0002/210888/b48252o/odoo-210888/addons/account_followup/followup_data.xml
2026-02-03 10:03:31,742 - Knowledge - INFO - process ingested knowledge for /app/data/T0002/210888/b48252o/odoo-210888/addons/base_module_quality/README.txt
2026-02-03 10:03:31,843 - Knowledge - INFO - Async storing batch of 10 embeddings
2026-02-03 10:03:31,847 - Knowledge - INFO - process ingested knowledge for /app/data/T0002/210888/b48252o/odoo-210888/doc/migrate/3.4.0-4.0.0/post-tiny.py
2026-02-03 10:03:31,850 - Knowledge - INFO - process ingested knowledge for /app/data/T0002/210888/b48252o/odoo-210888/addons/stock/wizard/wizard_picking_make.py
2026-02-03 10:03:31,856 - Knowledge - INFO - process ingested knowledge for /app/data/T0002/210888/b48252o/odoo-210888/addons/stock/stock_workflow.xml
2026-02-03 10:03:31,937 - Knowledge - INFO - [kw9] Queue=961, InProgress=0, PendingWorkers=20/20, Completed=252/1263 (20.0%)
2026-02-03 10:03:31,986 - Knowledge - INFO - Worker kw17 processing /app/data/T0002/210888/b48252o/odoo-210888/addons/crm/report/__init__.py
2026-02-03 10:03:32,044 - Knowledge - INFO - Batch sizing: calculated=8, max_allowed=10, queue=961, active_workers=20/20
2026-02-03 10:03:32,140 - Knowledge - INFO - Fast-tracked /app/data/T0002/210888/b48252o/odoo-210888/addons/crm/report/__init__.py (ext=.py, size=1085)
2026-02-03 10:03:32,144 - Knowledge - INFO - Worker kw17 processing /app/data/T0002/210888/b48252o/odoo-210888/addons/crm/crm_data.xml
2026-02-03 10:03:32,175 - Knowledge - INFO - Fast-tracked /app/data/T0002/210888/b48252o/odoo-210888/addons/crm/crm_data.xml (ext=.xml, size=2629)
2026-02-03 10:03:32,236 - Knowledge - INFO - Worker kw17 processing /app/data/T0002/210888/b48252o/odoo-210888/addons/crm/crm_segmentation.py
2026-02-03 10:03:32,336 - Knowledge - INFO - Worker kw17 processing /app/data/T0002/210888/b48252o/odoo-210888/addons/crm/__terp__.py
2026-02-03 10:03:32,354 - Knowledge - INFO - Worker kw17 processing /app/data/T0002/210888/b48252o/odoo-210888/addons/crm/wizard/crm_wizard.py
2026-02-03 10:03:32,454 - Knowledge - INFO - Worker kw17 processing /app/data/T0002/210888/b48252o/odoo-210888/addons/crm/wizard/__init__.py
2026-02-03 10:03:32,638 - Knowledge - INFO - Fast-tracked /app/data/T0002/210888/b48252o/odoo-210888/addons/crm/wizard/__init__.py (ext=.py, size=1077)
2026-02-03 10:03:32,658 - Knowledge - INFO - Worker kw17 processing /app/data/T0002/210888/b48252o/odoo-210888/addons/crm/crm_wizard.xml
2026-02-03 10:03:32,761 - Knowledge - INFO - Fast-tracked /app/data/T0002/210888/b48252o/odoo-210888/addons/crm/crm_wizard.xml (ext=.xml, size=374)
2026-02-03 10:03:32,854 - Knowledge - INFO - Worker kw17 processing /app/data/T0002/210888/b48252o/odoo-210888/addons/crm/crm.py
2026-02-03 10:03:33,061 - Knowledge - INFO - process ingested knowledge for /app/data/T0002/210888/b48252o/odoo-210888/addons/account_followup/report/report_followup_print.py
2026-02-03 10:03:33,543 - Knowledge - INFO - Fast-tracked /app/data/T0002/210888/b48252o/odoo-210888/addons/crm/__terp__.py (small file (2603 bytes))
2026-02-03 10:03:34,450 - Knowledge - INFO - Async storage completed for 10 embeddings
2026-02-03 10:03:36,256 - Knowledge - INFO - Processing batch of 10 files
2026-02-03 10:03:36,262 - Knowledge - INFO - process ingested knowledge for /app/data/T0002/210888/b48252o/odoo-210888/addons/account_followup/wizard/wizard_followup_print.py
2026-02-03 10:03:36,749 - Knowledge - INFO - process ingested knowledge for /app/data/T0002/210888/b48252o/odoo-210888/doc/migrate/3.4.0-4.0.0/post.py
2026-02-03 10:03:36,867 - Knowledge - INFO - Processing batch of 10 files
2026-02-03 10:03:36,868 - Knowledge - INFO - Async storing batch of 10 embeddings
2026-02-03 10:03:36,870 - Knowledge - INFO - process ingested knowledge for /app/data/T0002/210888/b48252o/odoo-210888/addons/account_tax_include/__terp__.py
2026-02-03 10:03:36,870 - Knowledge - INFO - process ingested knowledge for /app/data/T0002/210888/b48252o/odoo-210888/addons/base_module_quality/terp_test/terp_test.py
2026-02-03 10:03:36,878 - Knowledge - INFO - process ingested knowledge for /app/data/T0002/210888/b48252o/odoo-210888/addons/account_followup/report/__init__.py
2026-02-03 10:03:37,152 - Knowledge - INFO - Worker kw9 processing /app/data/T0002/210888/b48252o/odoo-210888/addons/crm/crm_demo.xml
2026-02-03 10:03:37,167 - Knowledge - INFO - Fast-tracked /app/data/T0002/210888/b48252o/odoo-210888/addons/crm/crm_demo.xml (ext=.xml, size=98)
2026-02-03 10:03:37,257 - Knowledge - INFO - Worker kw9 processing /app/data/T0002/210888/b48252o/odoo-210888/addons/crm/crm_view.xml
2026-02-03 10:03:37,337 - Knowledge - INFO - Fast-tracked /app/data/T0002/210888/b48252o/odoo-210888/addons/crm/crm_view.xml (ext=.xml, size=31164)
2026-02-03 10:03:37,343 - Knowledge - INFO - Worker kw9 processing /app/data/T0002/210888/b48252o/odoo-210888/addons/crm/crm_operators.py
2026-02-03 10:03:37,451 - Knowledge - INFO - Worker kw9 processing /app/data/T0002/210888/b48252o/odoo-210888/addons/crm/__init__.py
2026-02-03 10:03:37,470 - Knowledge - INFO - Fast-tracked /app/data/T0002/210888/b48252o/odoo-210888/addons/crm/__init__.py (ext=.py, size=1123)
2026-02-03 10:03:37,564 - Knowledge - INFO - Worker kw9 processing /app/data/T0002/210888/b48252o/odoo-210888/addons/l10n_fr/l10n_fr_pcg_view.xml
2026-02-03 10:03:37,666 - Knowledge - INFO - Fast-tracked /app/data/T0002/210888/b48252o/odoo-210888/addons/l10n_fr/l10n_fr_pcg_view.xml (ext=.xml, size=392)
2026-02-03 10:03:37,666 - Knowledge - INFO - Worker kw9 processing /app/data/T0002/210888/b48252o/odoo-210888/addons/l10n_fr/tax.xml
2026-02-03 10:03:37,752 - Knowledge - INFO - Fast-tracked /app/data/T0002/210888/b48252o/odoo-210888/addons/l10n_fr/tax.xml (ext=.xml, size=29782)
2026-02-03 10:03:37,942 - Knowledge - INFO - Worker kw9 processing /app/data/T0002/210888/b48252o/odoo-210888/addons/l10n_fr/report/cdr.py
2026-02-03 10:03:37,971 - Knowledge - INFO - Fast-tracked /app/data/T0002/210888/b48252o/odoo-210888/addons/l10n_fr/report/cdr.py (ext=.py, size=1719)
2026-02-03 10:03:38,063 - Knowledge - INFO - Worker kw9 processing /app/data/T0002/210888/b48252o/odoo-210888/addons/l10n_fr/report/base_report.py
2026-02-03 10:03:38,348 - Knowledge - INFO - Fast-tracked /app/data/T0002/210888/b48252o/odoo-210888/addons/crm/crm_operators.py (small file (2216 bytes))
2026-02-03 10:03:38,854 - Knowledge - INFO - Async storage completed for 10 embeddings
2026-02-03 10:03:39,073 - Knowledge - INFO - process ingested knowledge for /app/data/T0002/210888/b48252o/odoo-210888/addons/account_followup/wizard/__init__.py
2026-02-03 10:03:39,937 - Knowledge - INFO - process ingested knowledge for /app/data/T0002/210888/b48252o/odoo-210888/doc/migrate/3.4.0-4.0.0/pre-tiny.py
2026-02-03 10:03:41,771 - Knowledge - INFO - process ingested knowledge for /app/data/T0002/210888/b48252o/odoo-210888/addons/account_tax_include/invoice_tax_incl.py
2026-02-03 10:03:42,658 - Knowledge - INFO - [LLM_CALL] Completed: event.py:chunk1, Duration: 19297ms, PromptTokens: 11438, CompletionTokens: 928, Cost: $0.00151
2026-02-03 10:03:42,766 - Knowledge - INFO - done ingest for /app/data/T0002/210888/b48252o/odoo-210888/addons/event/event.py
2026-02-03 10:03:44,736 - Knowledge - INFO - process ingested knowledge for /app/data/T0002/210888/b48252o/odoo-210888/addons/account_followup/followup_view.xml
2026-02-03 10:03:45,566 - Knowledge - INFO - process ingested knowledge for /app/data/T0002/210888/b48252o/odoo-210888/doc/migrate/3.3.0-3.4.0/pre.py
2026-02-03 10:03:49,377 - Knowledge - INFO - process ingested knowledge for /app/data/T0002/210888/b48252o/odoo-210888/addons/stock/stock_wizard.xml
2026-02-03 10:03:49,444 - Knowledge - INFO - process ingested knowledge for /app/data/T0002/210888/b48252o/odoo-210888/addons/account_followup/followup_demo.xml
2026-02-03 10:03:51,574 - Knowledge - INFO - process ingested knowledge for /app/data/T0002/210888/b48252o/odoo-210888/addons/account_followup/followup_report_view.xml
2026-02-03 10:03:51,637 - Knowledge - INFO - process ingested knowledge for /app/data/T0002/210888/b48252o/odoo-210888/addons/account_tax_include/invoice_tax_incl.xml
2026-02-03 10:03:54,762 - Knowledge - INFO - process ingested knowledge for /app/data/T0002/210888/b48252o/odoo-210888/addons/stock/partner.py
2026-02-03 10:03:54,847 - Knowledge - INFO - process ingested knowledge for /app/data/T0002/210888/b48252o/odoo-210888/addons/account_followup/__init__.py
2026-02-03 10:03:55,248 - Knowledge - INFO - [LLM_CALL] Completed: report_businessopp.py:chunk1, Duration: 24304ms, PromptTokens: 3740, CompletionTokens: 406, Cost: $0.00054
2026-02-03 10:03:55,347 - Knowledge - INFO - done ingest for /app/data/T0002/210888/b48252o/odoo-210888/addons/crm/report/report_businessopp.py
2026-02-03 10:03:57,158 - Knowledge - INFO - process ingested knowledge for /app/data/T0002/210888/b48252o/odoo-210888/addons/base_module_quality/terp_test/__init__.py
2026-02-03 10:03:57,360 - Knowledge - INFO - process ingested knowledge for /app/data/T0002/210888/b48252o/odoo-210888/addons/account_followup/followup_report.py
2026-02-03 10:03:58,585 - Knowledge - INFO - [LLM_CALL] Completed: base_report.py:chunk1, Duration: 20113ms, PromptTokens: 3166, CompletionTokens: 459, Cost: $0.00050
2026-02-03 10:03:58,638 - Knowledge - INFO - done ingest for /app/data/T0002/210888/b48252o/odoo-210888/addons/l10n_fr/report/base_report.py
2026-02-03 10:03:59,036 - Knowledge - INFO - Processing batch of 10 files
2026-02-03 10:03:59,037 - Knowledge - INFO - process ingested knowledge for /app/data/T0002/210888/b48252o/odoo-210888/addons/purchase_analytic_plans/purchase_analytic_plans.py
2026-02-03 10:04:00,670 - Knowledge - INFO - [LLM_CALL] Completed: mrp_operations.py:chunk1, Duration: 33213ms, PromptTokens: 12088, CompletionTokens: 1234, Cost: $0.00170
2026-02-03 10:04:00,671 - Knowledge - INFO - done ingest for /app/data/T0002/210888/b48252o/odoo-210888/addons/mrp_operations/mrp_operations.py
2026-02-03 10:04:01,749 - Knowledge - INFO - process ingested knowledge for /app/data/T0002/210888/b48252o/odoo-210888/doc/migrate/3.3.0-3.4.0/post.py
2026-02-03 10:04:02,375 - Knowledge - INFO - process ingested knowledge for /app/data/T0002/210888/b48252o/odoo-210888/addons/account_followup/followup.py
2026-02-03 10:04:02,489 - Knowledge - INFO - [LLM_CALL] Completed: crm_segmentation.py:chunk1, Duration: 29440ms, PromptTokens: 4800, CompletionTokens: 367, Cost: $0.00063
2026-02-03 10:04:02,537 - Knowledge - INFO - done ingest for /app/data/T0002/210888/b48252o/odoo-210888/addons/crm/crm_segmentation.py
2026-02-03 10:04:03,570 - Knowledge - INFO - process ingested knowledge for /app/data/T0002/210888/b48252o/odoo-210888/addons/account_tax_include/__init__.py
2026-02-03 10:04:03,578 - Knowledge - INFO - process ingested knowledge for /app/data/T0002/210888/b48252o/odoo-210888/addons/account_followup/__terp__.py
2026-02-03 10:04:05,275 - Knowledge - INFO - [WEBSOCKET] Sent: Type=progress_update, Size: 296, Duration: 0ms
2026-02-03 10:04:05,367 - Knowledge - INFO - process ingested knowledge for /app/data/T0002/210888/b48252o/odoo-210888/addons/stock/stock.py
2026-02-03 10:04:05,379 - Knowledge - INFO - process ingested knowledge for /app/data/T0002/210888/b48252o/odoo-210888/doc/migrate/4.2.0-4.4.0/pre.py
2026-02-03 10:04:05,458 - Knowledge - INFO - [WEBSOCKET] Sent: Type=unknown, Size: ?, Duration: 183ms
2026-02-03 10:04:05,466 - Knowledge - INFO - Progress: 21.7% | Files: 275/1263 | Rate: 0.88 files/sec | Queue: 953
2026-02-03 10:04:06,160 - Knowledge - INFO - process ingested knowledge for /app/data/T0002/210888/b48252o/odoo-210888/addons/purchase_analytic_plans/__init__.py
2026-02-03 10:04:06,239 - Knowledge - INFO - process ingested knowledge for /app/data/T0002/210888/b48252o/odoo-210888/addons/board_sale/__terp__.py
2026-02-03 10:04:07,467 - Knowledge - INFO - [LLM_CALL] Completed: crm_wizard.py:chunk1, Duration: 33802ms, PromptTokens: 4526, CompletionTokens: 294, Cost: $0.00057
2026-02-03 10:04:07,536 - Knowledge - INFO - done ingest for /app/data/T0002/210888/b48252o/odoo-210888/addons/crm/wizard/crm_wizard.py
2026-02-03 10:04:07,644 - Knowledge - INFO - process ingested knowledge for /app/data/T0002/210888/b48252o/odoo-210888/addons/stock_location/__terp__.py
2026-02-03 10:04:08,046 - Knowledge - INFO - [LLM_CALL] Completed: openerp-mailgate.py:chunk1, Duration: 37292ms, PromptTokens: 7064, CompletionTokens: 909, Cost: $0.00107
2026-02-03 10:04:08,052 - Knowledge - INFO - done ingest for /app/data/T0002/210888/b48252o/odoo-210888/addons/crm/scripts/openerp-mailgate/openerp-mailgate.py
2026-02-03 10:04:08,061 - Knowledge - INFO - process ingested knowledge for /app/data/T0002/210888/b48252o/odoo-210888/addons/stock/stock_sequence.xml
2026-02-03 10:04:08,064 - Knowledge - INFO - process ingested knowledge for /app/data/T0002/210888/b48252o/odoo-210888/doc/migrate/4.0.0-4.2.0/tiny/pre-tiny.py
2026-02-03 10:04:08,751 - Knowledge - INFO - process ingested knowledge for /app/data/T0002/210888/b48252o/odoo-210888/addons/account_followup/wizard/wizard_view.xml
2026-02-03 10:04:09,374 - Knowledge - INFO - process ingested knowledge for /app/data/T0002/210888/b48252o/odoo-210888/addons/board_sale/board_sale_view.xml
2026-02-03 10:04:10,760 - Knowledge - INFO - [LLM_CALL] Completed: crm.py:chunk1, Duration: 36521ms, PromptTokens: 19726, CompletionTokens: 827, Cost: $0.00230
2026-02-03 10:04:10,766 - Knowledge - INFO - done ingest for /app/data/T0002/210888/b48252o/odoo-210888/addons/crm/crm.py
2026-02-03 10:04:10,768 - Knowledge - INFO - process ingested knowledge for /app/data/T0002/210888/b48252o/odoo-210888/addons/stock_location/stock_view.xml
2026-02-03 10:04:11,039 - Knowledge - INFO - process ingested knowledge for /app/data/T0002/210888/b48252o/odoo-210888/addons/stock/__init__.py
2026-02-03 10:04:11,238 - Knowledge - INFO - [kw11] Queue=953, InProgress=0, PendingWorkers=20/20, Completed=285/1263 (22.6%)
2026-02-03 10:04:11,240 - Knowledge - INFO - Batch sizing: calculated=8, max_allowed=10, queue=953, active_workers=20/20
2026-02-03 10:04:11,541 - Knowledge - INFO - [kw4] Queue=953, InProgress=0, PendingWorkers=20/20, Completed=285/1263 (22.6%)
2026-02-03 10:04:11,541 - Knowledge - INFO - process ingested knowledge for /app/data/T0002/210888/b48252o/odoo-210888/addons/stock_location/stock.py
2026-02-03 10:04:11,545 - Knowledge - INFO - Batch sizing: calculated=8, max_allowed=10, queue=953, active_workers=20/20
2026-02-03 10:04:11,750 - Knowledge - INFO - process ingested knowledge for /app/data/T0002/210888/b48252o/odoo-210888/addons/membership/membership_data.xml
2026-02-03 10:04:11,753 - Knowledge - INFO - [kw10] Queue=953, InProgress=0, PendingWorkers=20/20, Completed=286/1263 (22.6%)
2026-02-03 10:04:11,755 - Knowledge - INFO - [kw13] Queue=953, InProgress=0, PendingWorkers=20/20, Completed=286/1263 (22.6%)
2026-02-03 10:04:11,756 - Knowledge - INFO - Batch sizing: calculated=8, max_allowed=10, queue=953, active_workers=20/20
2026-02-03 10:04:11,757 - Knowledge - INFO - Batch sizing: calculated=8, max_allowed=10, queue=953, active_workers=20/20
2026-02-03 10:04:11,758 - Knowledge - INFO - Async storing batch of 10 embeddings
2026-02-03 10:04:11,763 - Knowledge - INFO - Worker kw11 processing /app/data/T0002/210888/b48252o/odoo-210888/addons/l10n_fr/report/bilan.py
2026-02-03 10:04:11,765 - Knowledge - INFO - Fast-tracked /app/data/T0002/210888/b48252o/odoo-210888/addons/l10n_fr/report/bilan.py (ext=.py, size=1729)
2026-02-03 10:04:11,766 - Knowledge - INFO - Worker kw11 processing /app/data/T0002/210888/b48252o/odoo-210888/addons/l10n_fr/report/__init__.py
2026-02-03 10:04:11,768 - Knowledge - INFO - Fast-tracked /app/data/T0002/210888/b48252o/odoo-210888/addons/l10n_fr/report/__init__.py (ext=.py, size=1445)
2026-02-03 10:04:11,769 - Knowledge - INFO - Worker kw11 processing /app/data/T0002/210888/b48252o/odoo-210888/addons/l10n_fr/l10n_fr_pcg_wizard.xml
2026-02-03 10:04:11,771 - Knowledge - INFO - Fast-tracked /app/data/T0002/210888/b48252o/odoo-210888/addons/l10n_fr/l10n_fr_pcg_wizard.xml (ext=.xml, size=1189)
2026-02-03 10:04:11,771 - Knowledge - INFO - Worker kw11 processing /app/data/T0002/210888/b48252o/odoo-210888/addons/l10n_fr/fiscal_templates_fr.xml
2026-02-03 10:04:11,774 - Knowledge - INFO - Fast-tracked /app/data/T0002/210888/b48252o/odoo-210888/addons/l10n_fr/fiscal_templates_fr.xml (ext=.xml, size=8715)
2026-02-03 10:04:11,774 - Knowledge - INFO - Worker kw11 processing /app/data/T0002/210888/b48252o/odoo-210888/addons/l10n_fr/__terp__.py
2026-02-03 10:04:11,776 - Knowledge - INFO - Worker kw11 processing /app/data/T0002/210888/b48252o/odoo-210888/addons/l10n_fr/l10n_fr_pcg_taxes.xml
2026-02-03 10:04:11,777 - Knowledge - INFO - Fast-tracked /app/data/T0002/210888/b48252o/odoo-210888/addons/l10n_fr/l10n_fr_pcg_taxes.xml (ext=.xml, size=47334)
2026-02-03 10:04:11,839 - Knowledge - INFO - Processing batch of 10 files
2026-02-03 10:04:11,841 - Knowledge - INFO - Worker kw11 processing /app/data/T0002/210888/b48252o/odoo-210888/addons/l10n_fr/wizard/cdr.py
2026-02-03 10:04:11,843 - Knowledge - INFO - process ingested knowledge for /app/data/T0002/210888/b48252o/odoo-210888/addons/membership/__init__.py
2026-02-03 10:04:11,846 - Knowledge - INFO - Worker kw11 processing /app/data/T0002/210888/b48252o/odoo-210888/addons/l10n_fr/wizard/bilan.py
2026-02-03 10:04:11,851 - Knowledge - INFO - Fast-tracked /app/data/T0002/210888/b48252o/odoo-210888/addons/l10n_fr/__terp__.py (small file (2285 bytes))
2026-02-03 10:04:11,856 - Knowledge - INFO - Fast-tracked /app/data/T0002/210888/b48252o/odoo-210888/addons/l10n_fr/wizard/cdr.py (small file (2344 bytes))
2026-02-03 10:04:11,859 - Knowledge - INFO - Fast-tracked /app/data/T0002/210888/b48252o/odoo-210888/addons/l10n_fr/wizard/bilan.py (small file (2345 bytes))
2026-02-03 10:04:11,860 - Knowledge - INFO - Async storage completed for 10 embeddings
2026-02-03 10:04:12,046 - Knowledge - INFO - [kw8] Queue=945, InProgress=0, PendingWorkers=20/20, Completed=288/1263 (22.8%)
2026-02-03 10:04:12,046 - Knowledge - INFO - Batch sizing: calculated=8, max_allowed=10, queue=945, active_workers=20/20
2026-02-03 10:04:12,047 - Knowledge - INFO - process ingested knowledge for /app/data/T0002/210888/b48252o/odoo-210888/addons/stock_location/__init__.py
2026-02-03 10:04:12,194 - Knowledge - INFO - process ingested knowledge for /app/data/T0002/210888/b48252o/odoo-210888/addons/stock/stock_demo.xml
2026-02-03 10:04:12,244 - Knowledge - INFO - Processing batch of 8 files
2026-02-03 10:04:12,245 - Knowledge - INFO - process ingested knowledge for /app/data/T0002/210888/b48252o/odoo-210888/addons/event/wizard/confirm_registration.py
2026-02-03 10:04:12,246 - Knowledge - INFO - process ingested knowledge for /app/data/T0002/210888/b48252o/odoo-210888/addons/board_sale/__init__.py
2026-02-03 10:04:12,249 - Knowledge - INFO - Async storing batch of 10 embeddings
2026-02-03 10:04:12,250 - Knowledge - INFO - process ingested knowledge for /app/data/T0002/210888/b48252o/odoo-210888/addons/membership/membership_demo.xml
2026-02-03 10:04:12,254 - Knowledge - INFO - Worker kw13 processing /app/data/T0002/210888/b48252o/odoo-210888/addons/l10n_fr/wizard/__init__.py
2026-02-03 10:04:12,259 - Knowledge - INFO - Fast-tracked /app/data/T0002/210888/b48252o/odoo-210888/addons/l10n_fr/wizard/__init__.py (ext=.py, size=1426)
2026-02-03 10:04:12,260 - Knowledge - INFO - Worker kw13 processing /app/data/T0002/210888/b48252o/odoo-210888/addons/l10n_fr/l10n_fr_pcg_account_report.xml
2026-02-03 10:04:12,263 - Knowledge - INFO - Fast-tracked /app/data/T0002/210888/b48252o/odoo-210888/addons/l10n_fr/l10n_fr_pcg_account_report.xml (ext=.xml, size=47910)
2026-02-03 10:04:12,264 - Knowledge - INFO - Worker kw13 processing /app/data/T0002/210888/b48252o/odoo-210888/addons/l10n_fr/l10n_fr.py
2026-02-03 10:04:12,266 - Knowledge - INFO - Worker kw13 processing /app/data/T0002/210888/b48252o/odoo-210888/addons/l10n_fr/pcg.xml
2026-02-03 10:04:12,268 - Knowledge - INFO - Fast-tracked /app/data/T0002/210888/b48252o/odoo-210888/addons/l10n_fr/pcg.xml (ext=.xml, size=342086)
2026-02-03 10:04:12,268 - Knowledge - INFO - Worker kw13 processing /app/data/T0002/210888/b48252o/odoo-210888/addons/l10n_fr/l10n_fr_pcg_report.xml
2026-02-03 10:04:12,274 - Knowledge - INFO - Fast-tracked /app/data/T0002/210888/b48252o/odoo-210888/addons/l10n_fr/l10n_fr_pcg_report.xml (ext=.xml, size=449)
2026-02-03 10:04:12,276 - Knowledge - INFO - Worker kw13 processing /app/data/T0002/210888/b48252o/odoo-210888/addons/l10n_fr/report.xml
2026-02-03 10:04:12,278 - Knowledge - INFO - Fast-tracked /app/data/T0002/210888/b48252o/odoo-210888/addons/l10n_fr/report.xml (ext=.xml, size=44132)
2026-02-03 10:04:12,336 - Knowledge - INFO - Worker kw13 processing /app/data/T0002/210888/b48252o/odoo-210888/addons/l10n_fr/__init__.py
2026-02-03 10:04:12,342 - Knowledge - INFO - Fast-tracked /app/data/T0002/210888/b48252o/odoo-210888/addons/l10n_fr/__init__.py (ext=.py, size=1445)
2026-02-03 10:04:12,345 - Knowledge - INFO - Worker kw13 processing /app/data/T0002/210888/b48252o/odoo-210888/addons/account_balance/account_wizard.xml
2026-02-03 10:04:12,348 - Knowledge - INFO - Fast-tracked /app/data/T0002/210888/b48252o/odoo-210888/addons/account_balance/account_wizard.xml (ext=.xml, size=327)
2026-02-03 10:04:12,354 - Knowledge - INFO - Fast-tracked /app/data/T0002/210888/b48252o/odoo-210888/addons/l10n_fr/l10n_fr.py (small file (2047 bytes))
2026-02-03 10:04:12,354 - Knowledge - INFO - Async storage completed for 10 embeddings
2026-02-03 10:04:12,461 - Knowledge - INFO - process ingested knowledge for /app/data/T0002/210888/b48252o/odoo-210888/doc/migrate/4.0.0-4.2.0/pre.py
2026-02-03 10:04:12,462 - Knowledge - INFO - Async storing batch of 10 embeddings
2026-02-03 10:04:12,464 - Knowledge - INFO - Worker kw4 processing /app/data/T0002/210888/b48252o/odoo-210888/addons/account_balance/report/rml_parse.py
2026-02-03 10:04:12,467 - Knowledge - INFO - Worker kw4 processing /app/data/T0002/210888/b48252o/odoo-210888/addons/account_balance/report/account_balance.py
2026-02-03 10:04:12,468 - Knowledge - INFO - Worker kw4 processing /app/data/T0002/210888/b48252o/odoo-210888/addons/account_balance/report/account_balance_landscape.py
2026-02-03 10:04:12,470 - Knowledge - INFO - Worker kw4 processing /app/data/T0002/210888/b48252o/odoo-210888/addons/account_balance/report/__init__.py
2026-02-03 10:04:12,472 - Knowledge - INFO - Fast-tracked /app/data/T0002/210888/b48252o/odoo-210888/addons/account_balance/report/__init__.py (ext=.py, size=1113)
2026-02-03 10:04:12,472 - Knowledge - INFO - Worker kw4 processing /app/data/T0002/210888/b48252o/odoo-210888/addons/account_balance/__terp__.py
2026-02-03 10:04:12,474 - Knowledge - INFO - Worker kw4 processing /app/data/T0002/210888/b48252o/odoo-210888/addons/account_balance/wizard/wizard_account_balance_report.py
2026-02-03 10:04:12,478 - Knowledge - INFO - Worker kw4 processing /app/data/T0002/210888/b48252o/odoo-210888/addons/account_balance/wizard/__init__.py
2026-02-03 10:04:12,483 - Knowledge - INFO - Fast-tracked /app/data/T0002/210888/b48252o/odoo-210888/addons/account_balance/wizard/__init__.py (ext=.py, size=1094)
2026-02-03 10:04:12,484 - Knowledge - INFO - Worker kw4 processing /app/data/T0002/210888/b48252o/odoo-210888/addons/account_balance/account_move_line.py
2026-02-03 10:04:12,641 - Knowledge - INFO - Fast-tracked /app/data/T0002/210888/b48252o/odoo-210888/addons/account_balance/__terp__.py (small file (2052 bytes))
2026-02-03 10:04:12,661 - Knowledge - INFO - Async storage completed for 10 embeddings
2026-02-03 10:04:12,839 - Knowledge - INFO - process ingested knowledge for /app/data/T0002/210888/b48252o/odoo-210888/addons/membership/__terp__.py
2026-02-03 10:04:12,839 - Knowledge - INFO - process ingested knowledge for /app/data/T0002/210888/b48252o/odoo-210888/addons/base_iban/base_iban_data.xml
2026-02-03 10:04:12,840 - Knowledge - INFO - process ingested knowledge for /app/data/T0002/210888/b48252o/odoo-210888/addons/board_sale/board_sale_demo.xml
2026-02-03 10:04:13,069 - Knowledge - INFO - Async storing batch of 10 embeddings
2026-02-03 10:04:13,072 - Knowledge - INFO - Worker kw8 processing /app/data/T0002/210888/b48252o/odoo-210888/addons/account_balance/__init__.py
2026-02-03 10:04:13,074 - Knowledge - INFO - Fast-tracked /app/data/T0002/210888/b48252o/odoo-210888/addons/account_balance/__init__.py (ext=.py, size=1125)
2026-02-03 10:04:13,074 - Knowledge - INFO - Worker kw8 processing /app/data/T0002/210888/b48252o/odoo-210888/addons/account_balance/account_report.xml
2026-02-03 10:04:13,076 - Knowledge - INFO - Fast-tracked /app/data/T0002/210888/b48252o/odoo-210888/addons/account_balance/account_report.xml (ext=.xml, size=527)
2026-02-03 10:04:13,076 - Knowledge - INFO - Worker kw8 processing /app/data/T0002/210888/b48252o/odoo-210888/addons/point_of_sale/security/point_of_sale_security.xml
2026-02-03 10:04:13,079 - Knowledge - INFO - Fast-tracked /app/data/T0002/210888/b48252o/odoo-210888/addons/point_of_sale/security/point_of_sale_security.xml (ext=.xml, size=508)
2026-02-03 10:04:13,080 - Knowledge - INFO - Worker kw8 processing /app/data/T0002/210888/b48252o/odoo-210888/addons/point_of_sale/sale_wizard.xml
2026-02-03 10:04:13,140 - Knowledge - INFO - Fast-tracked /app/data/T0002/210888/b48252o/odoo-210888/addons/point_of_sale/sale_wizard.xml (ext=.xml, size=154)
2026-02-03 10:04:13,141 - Knowledge - INFO - Worker kw8 processing /app/data/T0002/210888/b48252o/odoo-210888/addons/point_of_sale/pos_report.xml
2026-02-03 10:04:13,143 - Knowledge - INFO - Fast-tracked /app/data/T0002/210888/b48252o/odoo-210888/addons/point_of_sale/pos_report.xml (ext=.xml, size=1118)
2026-02-03 10:04:13,143 - Knowledge - INFO - Worker kw8 processing /app/data/T0002/210888/b48252o/odoo-210888/addons/point_of_sale/report/pos_receipt.py
2026-02-03 10:04:13,146 - Knowledge - INFO - Worker kw8 processing /app/data/T0002/210888/b48252o/odoo-210888/addons/point_of_sale/report/pos_details.py
2026-02-03 10:04:13,148 - Knowledge - INFO - Worker kw8 processing /app/data/T0002/210888/b48252o/odoo-210888/addons/point_of_sale/report/pos_invoice.py
2026-02-03 10:04:13,152 - Knowledge - INFO - Fast-tracked /app/data/T0002/210888/b48252o/odoo-210888/addons/point_of_sale/report/pos_receipt.py (small file (2585 bytes))
2026-02-03 10:04:13,169 - Knowledge - INFO - Fast-tracked /app/data/T0002/210888/b48252o/odoo-210888/addons/point_of_sale/report/pos_invoice.py (small file (2226 bytes))
2026-02-03 10:04:13,240 - Knowledge - INFO - Async storage completed for 10 embeddings
2026-02-03 10:04:13,874 - Knowledge - INFO - process ingested knowledge for /app/data/T0002/210888/b48252o/odoo-210888/addons/event/event_wizard.xml
2026-02-03 10:04:13,874 - Knowledge - INFO - Async storing batch of 10 embeddings
2026-02-03 10:04:13,876 - Knowledge - INFO - process ingested knowledge for /app/data/T0002/210888/b48252o/odoo-210888/addons/membership/process/membership_process.xml
2026-02-03 10:04:13,944 - Knowledge - INFO - process ingested knowledge for /app/data/T0002/210888/b48252o/odoo-210888/addons/purchase_analytic_plans/__terp__.py
2026-02-03 10:04:14,048 - Knowledge - INFO - Worker kw10 processing /app/data/T0002/210888/b48252o/odoo-210888/addons/point_of_sale/report/pos_lines.py
2026-02-03 10:04:14,149 - Knowledge - INFO - Worker kw10 processing /app/data/T0002/210888/b48252o/odoo-210888/addons/point_of_sale/report/pos_details_summary.py
2026-02-03 10:04:14,158 - Knowledge - INFO - Worker kw10 processing /app/data/T0002/210888/b48252o/odoo-210888/addons/point_of_sale/report/__init__.py
2026-02-03 10:04:14,258 - Knowledge - INFO - Fast-tracked /app/data/T0002/210888/b48252o/odoo-210888/addons/point_of_sale/report/__init__.py (ext=.py, size=1160)
2026-02-03 10:04:14,339 - Knowledge - INFO - Worker kw10 processing /app/data/T0002/210888/b48252o/odoo-210888/addons/point_of_sale/pos_data.xml
2026-02-03 10:04:14,368 - Knowledge - INFO - Fast-tracked /app/data/T0002/210888/b48252o/odoo-210888/addons/point_of_sale/pos_data.xml (ext=.xml, size=953)
2026-02-03 10:04:14,369 - Knowledge - INFO - Worker kw10 processing /app/data/T0002/210888/b48252o/odoo-210888/addons/point_of_sale/__terp__.py
2026-02-03 10:04:14,459 - Knowledge - INFO - Fast-tracked /app/data/T0002/210888/b48252o/odoo-210888/addons/point_of_sale/__terp__.py (ext=.py, size=1997)
2026-02-03 10:04:14,466 - Knowledge - INFO - Worker kw10 processing /app/data/T0002/210888/b48252o/odoo-210888/addons/point_of_sale/wizard/wizard_add_product.py
2026-02-03 10:04:14,555 - Knowledge - INFO - Worker kw10 processing /app/data/T0002/210888/b48252o/odoo-210888/addons/point_of_sale/wizard/wizard_discount.py
2026-02-03 10:04:14,652 - Knowledge - INFO - Worker kw10 processing /app/data/T0002/210888/b48252o/odoo-210888/addons/point_of_sale/wizard/wizard_scan_product.py
2026-02-03 10:04:14,766 - Knowledge - INFO - Fast-tracked /app/data/T0002/210888/b48252o/odoo-210888/addons/point_of_sale/report/pos_lines.py (small file (2249 bytes))
2026-02-03 10:04:14,948 - Knowledge - INFO - Fast-tracked /app/data/T0002/210888/b48252o/odoo-210888/addons/point_of_sale/wizard/wizard_add_product.py (small file (2455 bytes))
2026-02-03 10:04:14,962 - Knowledge - INFO - Fast-tracked /app/data/T0002/210888/b48252o/odoo-210888/addons/point_of_sale/wizard/wizard_discount.py (small file (2462 bytes))
2026-02-03 10:04:14,973 - Knowledge - INFO - Fast-tracked /app/data/T0002/210888/b48252o/odoo-210888/addons/point_of_sale/wizard/wizard_scan_product.py (small file (2403 bytes))
2026-02-03 10:04:14,977 - Knowledge - INFO - Async storage completed for 10 embeddings
2026-02-03 10:04:16,872 - Knowledge - INFO - process ingested knowledge for /app/data/T0002/210888/b48252o/odoo-210888/addons/membership/wizard/__init__.py
2026-02-03 10:04:16,936 - Knowledge - INFO - process ingested knowledge for /app/data/T0002/210888/b48252o/odoo-210888/addons/event/event_sequence.xml
2026-02-03 10:04:17,137 - Knowledge - INFO - process ingested knowledge for /app/data/T0002/210888/b48252o/odoo-210888/addons/event/security/event_security.xml
2026-02-03 10:04:17,249 - Knowledge - INFO - process ingested knowledge for /app/data/T0002/210888/b48252o/odoo-210888/addons/purchase_analytic_plans/purchase_analytic_plans_view.xml
2026-02-03 10:04:17,353 - Knowledge - INFO - [WEBSOCKET] Sent: Type=progress_update, Size: 296, Duration: 0ms
2026-02-03 10:04:17,437 - Knowledge - INFO - [WEBSOCKET] Sent: Type=unknown, Size: ?, Duration: 83ms
2026-02-03 10:04:17,437 - Knowledge - INFO - Progress: 24.4% | Files: 308/1263 | Rate: 0.95 files/sec | Queue: 913
2026-02-03 10:04:17,447 - Knowledge - INFO - Processing batch of 8 files
2026-02-03 10:04:17,458 - Knowledge - INFO - process ingested knowledge for /app/data/T0002/210888/b48252o/odoo-210888/addons/mrp_operations/report/mrp_wc_barcode.py
2026-02-03 10:04:20,038 - Knowledge - INFO - process ingested knowledge for /app/data/T0002/210888/b48252o/odoo-210888/addons/base_iban/__terp__.py
2026-02-03 10:04:20,389 - Knowledge - INFO - Processing batch of 8 files
2026-02-03 10:04:20,450 - Knowledge - INFO - process ingested knowledge for /app/data/T0002/210888/b48252o/odoo-210888/addons/mrp_operations/mrp_operation_data.xml
2026-02-03 10:04:21,549 - Knowledge - INFO - process ingested knowledge for /app/data/T0002/210888/b48252o/odoo-210888/addons/event/event_data.xml
2026-02-03 10:04:22,066 - Knowledge - INFO - [kw5] Queue=913, InProgress=0, PendingWorkers=20/20, Completed=313/1263 (24.8%)
2026-02-03 10:04:22,073 - Knowledge - INFO - Batch sizing: calculated=8, max_allowed=10, queue=913, active_workers=20/20
2026-02-03 10:04:22,642 - Knowledge - INFO - process ingested knowledge for /app/data/T0002/210888/b48252o/odoo-210888/addons/membership/wizard/invoice_membership.py
2026-02-03 10:04:22,653 - Knowledge - INFO - process ingested knowledge for /app/data/T0002/210888/b48252o/odoo-210888/addons/event/event.py
2026-02-03 10:04:22,664 - Knowledge - INFO - process ingested knowledge for /app/data/T0002/210888/b48252o/odoo-210888/addons/mrp_operations/process/mrp_operation_process.xml
2026-02-03 10:04:22,836 - Knowledge - INFO - Processing batch of 8 files
2026-02-03 10:04:22,837 - Knowledge - INFO - process ingested knowledge for /app/data/T0002/210888/b48252o/odoo-210888/addons/crm/crm_demo.xml
2026-02-03 10:04:23,280 - Knowledge - INFO - process ingested knowledge for /app/data/T0002/210888/b48252o/odoo-210888/addons/mrp_operations/report/__init__.py
2026-02-03 10:04:24,272 - Knowledge - INFO - Async storing batch of 10 embeddings
2026-02-03 10:04:24,360 - Knowledge - INFO - Worker kw5 processing /app/data/T0002/210888/b48252o/odoo-210888/addons/point_of_sale/wizard/wizard_default_journal.py
2026-02-03 10:04:24,455 - Knowledge - INFO - Worker kw5 processing /app/data/T0002/210888/b48252o/odoo-210888/addons/point_of_sale/wizard/wizard_pos_payment.py
2026-02-03 10:04:24,537 - Knowledge - INFO - Worker kw5 processing /app/data/T0002/210888/b48252o/odoo-210888/addons/point_of_sale/wizard/wizard_refund_order.py
2026-02-03 10:04:24,658 - Knowledge - INFO - Worker kw5 processing /app/data/T0002/210888/b48252o/odoo-210888/addons/point_of_sale/wizard/wizard_confirm.py
2026-02-03 10:04:24,674 - Knowledge - INFO - Fast-tracked /app/data/T0002/210888/b48252o/odoo-210888/addons/point_of_sale/wizard/wizard_confirm.py (ext=.py, size=1532)
2026-02-03 10:04:24,683 - Knowledge - INFO - Worker kw5 processing /app/data/T0002/210888/b48252o/odoo-210888/addons/point_of_sale/wizard/wizard_get_sale.py
2026-02-03 10:04:24,856 - Knowledge - INFO - Worker kw5 processing /app/data/T0002/210888/b48252o/odoo-210888/addons/point_of_sale/wizard/__init__.py
2026-02-03 10:04:24,868 - Knowledge - INFO - Fast-tracked /app/data/T0002/210888/b48252o/odoo-210888/addons/point_of_sale/wizard/__init__.py (ext=.py, size=1230)
2026-02-03 10:04:24,871 - Knowledge - INFO - Worker kw5 processing /app/data/T0002/210888/b48252o/odoo-210888/addons/point_of_sale/pos_wizard.xml
2026-02-03 10:04:25,045 - Knowledge - INFO - Fast-tracked /app/data/T0002/210888/b48252o/odoo-210888/addons/point_of_sale/pos_wizard.xml (ext=.xml, size=1080)
2026-02-03 10:04:25,057 - Knowledge - INFO - Worker kw5 processing /app/data/T0002/210888/b48252o/odoo-210888/addons/point_of_sale/pos_sequence.xml
2026-02-03 10:04:25,183 - Knowledge - INFO - Fast-tracked /app/data/T0002/210888/b48252o/odoo-210888/addons/point_of_sale/pos_sequence.xml (ext=.xml, size=1230)
2026-02-03 10:04:25,873 - Knowledge - INFO - process ingested knowledge for /app/data/T0002/210888/b48252o/odoo-210888/addons/event/event_demo.xml
2026-02-03 10:04:26,050 - Knowledge - INFO - process ingested knowledge for /app/data/T0002/210888/b48252o/odoo-210888/addons/event/__terp__.py
2026-02-03 10:04:26,071 - Knowledge - INFO - process ingested knowledge for /app/data/T0002/210888/b48252o/odoo-210888/addons/crm/crm_view.xml
2026-02-03 10:04:26,084 - Knowledge - INFO - Fast-tracked /app/data/T0002/210888/b48252o/odoo-210888/addons/point_of_sale/wizard/wizard_refund_order.py (small file (2868 bytes))
2026-02-03 10:04:26,547 - Knowledge - INFO - Async storage completed for 10 embeddings
2026-02-03 10:04:26,956 - Knowledge - INFO - process ingested knowledge for /app/data/T0002/210888/b48252o/odoo-210888/addons/mrp_operations/report/mrp_code_barcode.py
2026-02-03 10:04:26,972 - Knowledge - INFO - process ingested knowledge for /app/data/T0002/210888/b48252o/odoo-210888/addons/membership/membership_view.xml
2026-02-03 10:04:27,753 - Knowledge - INFO - [LLM_CALL] Completed: pos_details.py:chunk1, Duration: 14598ms, PromptTokens: 3232, CompletionTokens: 561, Cost: $0.00055
2026-02-03 10:04:27,753 - Knowledge - INFO - done ingest for /app/data/T0002/210888/b48252o/odoo-210888/addons/point_of_sale/report/pos_details.py
2026-02-03 10:04:27,965 - Knowledge - INFO - Processing batch of 8 files
2026-02-03 10:04:27,966 - Knowledge - INFO - process ingested knowledge for /app/data/T0002/210888/b48252o/odoo-210888/addons/l10n_fr/wizard/__init__.py
2026-02-03 10:04:27,969 - Knowledge - INFO - process ingested knowledge for /app/data/T0002/210888/b48252o/odoo-210888/addons/event/event_view.xml
2026-02-03 10:04:28,048 - Knowledge - INFO - process ingested knowledge for /app/data/T0002/210888/b48252o/odoo-210888/addons/profile_crm/__terp__.py
2026-02-03 10:04:28,066 - Knowledge - INFO - process ingested knowledge for /app/data/T0002/210888/b48252o/odoo-210888/addons/crm/crm_operators.py
2026-02-03 10:04:29,370 - Knowledge - INFO - [LLM_CALL] Completed: pos_details_summary.py:chunk1, Duration: 14501ms, PromptTokens: 3236, CompletionTokens: 561, Cost: $0.00055
2026-02-03 10:04:29,446 - Knowledge - INFO - done ingest for /app/data/T0002/210888/b48252o/odoo-210888/addons/point_of_sale/report/pos_details_summary.py
2026-02-03 10:04:29,765 - Knowledge - INFO - process ingested knowledge for /app/data/T0002/210888/b48252o/odoo-210888/addons/mrp_operations/__terp__.py
2026-02-03 10:04:30,072 - Knowledge - INFO - [LLM_CALL] Completed: wizard_account_balance_report.py:chunk1, Duration: 17428ms, PromptTokens: 4504, CompletionTokens: 268, Cost: $0.00056
2026-02-03 10:04:30,086 - Knowledge - INFO - done ingest for /app/data/T0002/210888/b48252o/odoo-210888/addons/account_balance/wizard/wizard_account_balance_report.py
2026-02-03 10:04:31,636 - Knowledge - INFO - Processing batch of 8 files
2026-02-03 10:04:31,637 - Knowledge - INFO - process ingested knowledge for /app/data/T0002/210888/b48252o/odoo-210888/addons/l10n_fr/report/bilan.py
2026-02-03 10:04:32,348 - Knowledge - INFO - process ingested knowledge for /app/data/T0002/210888/b48252o/odoo-210888/addons/l10n_fr/l10n_fr_pcg_account_report.xml
2026-02-03 10:04:32,353 - Knowledge - INFO - process ingested knowledge for /app/data/T0002/210888/b48252o/odoo-210888/addons/event/wizard/event_registrations_partner.py
2026-02-03 10:04:32,972 - Knowledge - INFO - process ingested knowledge for /app/data/T0002/210888/b48252o/odoo-210888/addons/crm/__init__.py
2026-02-03 10:04:33,381 - Knowledge - INFO - [LLM_CALL] Completed: wizard_default_journal.py:chunk1, Duration: 8039ms, PromptTokens: 3110, CompletionTokens: 299, Cost: $0.00043
2026-02-03 10:04:33,381 - Knowledge - INFO - done ingest for /app/data/T0002/210888/b48252o/odoo-210888/addons/point_of_sale/wizard/wizard_default_journal.py
2026-02-03 10:04:34,146 - Knowledge - INFO - process ingested knowledge for /app/data/T0002/210888/b48252o/odoo-210888/addons/membership/demo_data.xml
2026-02-03 10:04:36,172 - Knowledge - INFO - process ingested knowledge for /app/data/T0002/210888/b48252o/odoo-210888/addons/l10n_fr/l10n_fr.py
2026-02-03 10:04:36,260 - Knowledge - INFO - process ingested knowledge for /app/data/T0002/210888/b48252o/odoo-210888/addons/l10n_fr/l10n_fr_pcg_view.xml
2026-02-03 10:04:36,860 - Knowledge - INFO - [LLM_CALL] Completed: account_balance.py:chunk1, Duration: 24302ms, PromptTokens: 11690, CompletionTokens: 542, Cost: $0.00139
2026-02-03 10:04:36,870 - Knowledge - INFO - done ingest for /app/data/T0002/210888/b48252o/odoo-210888/addons/account_balance/report/account_balance.py
2026-02-03 10:04:37,136 - Knowledge - INFO - process ingested knowledge for /app/data/T0002/210888/b48252o/odoo-210888/addons/mrp_operations/mrp_operations.py
2026-02-03 10:04:37,146 - Knowledge - INFO - process ingested knowledge for /app/data/T0002/210888/b48252o/odoo-210888/addons/membership/membership.py
2026-02-03 10:04:37,486 - Knowledge - INFO - [LLM_CALL] Completed: account_move_line.py:chunk1, Duration: 24831ms, PromptTokens: 2540, CompletionTokens: 356, Cost: $0.00040
2026-02-03 10:04:37,536 - Knowledge - INFO - done ingest for /app/data/T0002/210888/b48252o/odoo-210888/addons/account_balance/account_move_line.py
2026-02-03 10:04:38,345 - Knowledge - INFO - process ingested knowledge for /app/data/T0002/210888/b48252o/odoo-210888/addons/l10n_fr/report/__init__.py
2026-02-03 10:04:38,452 - Knowledge - INFO - process ingested knowledge for /app/data/T0002/210888/b48252o/odoo-210888/addons/event/__init__.py
2026-02-03 10:04:38,453 - Knowledge - INFO - process ingested knowledge for /app/data/T0002/210888/b48252o/odoo-210888/addons/profile_crm/__init__.py
2026-02-03 10:04:38,454 - Knowledge - INFO - process ingested knowledge for /app/data/T0002/210888/b48252o/odoo-210888/addons/l10n_fr/pcg.xml
2026-02-03 10:04:39,566 - Knowledge - INFO - process ingested knowledge for /app/data/T0002/210888/b48252o/odoo-210888/addons/mrp_operations/mrp_operations_workflow.xml
2026-02-03 10:04:39,742 - Knowledge - INFO - Processing batch of 8 files
2026-02-03 10:04:39,742 - Knowledge - INFO - process ingested knowledge for /app/data/T0002/210888/b48252o/odoo-210888/addons/crm/report/__init__.py
2026-02-03 10:04:40,553 - Knowledge - INFO - process ingested knowledge for /app/data/T0002/210888/b48252o/odoo-210888/addons/event/wizard/make_invoice.py
2026-02-03 10:04:40,556 - Knowledge - INFO - process ingested knowledge for /app/data/T0002/210888/b48252o/odoo-210888/addons/l10n_fr/l10n_fr_pcg_wizard.xml
2026-02-03 10:04:40,562 - Knowledge - INFO - process ingested knowledge for /app/data/T0002/210888/b48252o/odoo-210888/addons/l10n_fr/tax.xml
2026-02-03 10:04:40,653 - Knowledge - INFO - process ingested knowledge for /app/data/T0002/210888/b48252o/odoo-210888/addons/mrp_operations/mrp_operations_report.xml
2026-02-03 10:04:40,667 - Knowledge - INFO - process ingested knowledge for /app/data/T0002/210888/b48252o/odoo-210888/addons/l10n_fr/l10n_fr_pcg_report.xml
2026-02-03 10:04:41,862 - Knowledge - INFO - Processing batch of 8 files
2026-02-03 10:04:41,862 - Knowledge - INFO - process ingested knowledge for /app/data/T0002/210888/b48252o/odoo-210888/addons/account_balance/__init__.py
2026-02-03 10:04:42,165 - Knowledge - INFO - process ingested knowledge for /app/data/T0002/210888/b48252o/odoo-210888/addons/mrp_operations/mrp_operations_view.xml
2026-02-03 10:04:42,236 - Knowledge - INFO - process ingested knowledge for /app/data/T0002/210888/b48252o/odoo-210888/addons/membership/membership_wizard.xml
2026-02-03 10:04:43,036 - Knowledge - INFO - [WEBSOCKET] Sent: Type=progress_update, Size: 295, Duration: 0ms
2026-02-03 10:04:43,050 - Knowledge - INFO - [WEBSOCKET] Sent: Type=unknown, Size: ?, Duration: 14ms
2026-02-03 10:04:43,056 - Knowledge - INFO - Progress: 26.7% | Files: 337/1263 | Rate: 0.98 files/sec | Queue: 905
2026-02-03 10:04:43,766 - Knowledge - INFO - process ingested knowledge for /app/data/T0002/210888/b48252o/odoo-210888/addons/event/wizard/event_registration.py
2026-02-03 10:04:43,774 - Knowledge - INFO - process ingested knowledge for /app/data/T0002/210888/b48252o/odoo-210888/addons/crm/scripts/openerp-mailgate/openerp-mailgate.py
2026-02-03 10:04:44,740 - Knowledge - INFO - process ingested knowledge for /app/data/T0002/210888/b48252o/odoo-210888/addons/l10n_fr/report/cdr.py
2026-02-03 10:04:45,738 - Knowledge - INFO - process ingested knowledge for /app/data/T0002/210888/b48252o/odoo-210888/addons/crm/crm_data.xml
2026-02-03 10:04:45,750 - Knowledge - INFO - process ingested knowledge for /app/data/T0002/210888/b48252o/odoo-210888/addons/mrp_operations/__init__.py
2026-02-03 10:04:46,655 - Knowledge - INFO - [kw20] Queue=905, InProgress=0, PendingWorkers=20/20, Completed=337/1263 (26.7%)
2026-02-03 10:04:46,680 - Knowledge - INFO - process ingested knowledge for /app/data/T0002/210888/b48252o/odoo-210888/addons/l10n_fr/fiscal_templates_fr.xml
2026-02-03 10:04:46,737 - Knowledge - INFO - Batch sizing: calculated=8, max_allowed=10, queue=905, active_workers=20/20
2026-02-03 10:04:46,744 - Knowledge - INFO - process ingested knowledge for /app/data/T0002/210888/b48252o/odoo-210888/addons/crm/security/crm_security.xml
2026-02-03 10:04:46,765 - Knowledge - INFO - [LLM_CALL] Completed: wizard_pos_payment.py:chunk1, Duration: 21094ms, PromptTokens: 4306, CompletionTokens: 468, Cost: $0.00062
2026-02-03 10:04:46,785 - Knowledge - INFO - done ingest for /app/data/T0002/210888/b48252o/odoo-210888/addons/point_of_sale/wizard/wizard_pos_payment.py
2026-02-03 10:04:47,251 - Knowledge - INFO - [LLM_CALL] Completed: account_balance_landscape.py:chunk1, Duration: 34678ms, PromptTokens: 11722, CompletionTokens: 561, Cost: $0.00140
2026-02-03 10:04:47,259 - Knowledge - INFO - done ingest for /app/data/T0002/210888/b48252o/odoo-210888/addons/account_balance/report/account_balance_landscape.py
2026-02-03 10:04:47,550 - Knowledge - INFO - process ingested knowledge for /app/data/T0002/210888/b48252o/odoo-210888/addons/l10n_fr/report.xml
2026-02-03 10:04:47,559 - Knowledge - INFO - process ingested knowledge for /app/data/T0002/210888/b48252o/odoo-210888/addons/account_balance/account_report.xml
2026-02-03 10:04:47,571 - Knowledge - INFO - process ingested knowledge for /app/data/T0002/210888/b48252o/odoo-210888/addons/l10n_fr/report/base_report.py
2026-02-03 10:04:47,667 - Knowledge - INFO - process ingested knowledge for /app/data/T0002/210888/b48252o/odoo-210888/addons/crm/crm_segmentation.py
2026-02-03 10:04:47,973 - Knowledge - INFO - [LLM_CALL] Completed: wizard_get_sale.py:chunk1, Duration: 21729ms, PromptTokens: 2312, CompletionTokens: 291, Cost: $0.00035
2026-02-03 10:04:48,044 - Knowledge - INFO - done ingest for /app/data/T0002/210888/b48252o/odoo-210888/addons/point_of_sale/wizard/wizard_get_sale.py
2026-02-03 10:04:49,544 - Knowledge - INFO - process ingested knowledge for /app/data/T0002/210888/b48252o/odoo-210888/addons/event/wizard/__init__.py
2026-02-03 10:04:50,365 - Knowledge - INFO - Async storing batch of 10 embeddings
2026-02-03 10:04:50,368 - Knowledge - INFO - process ingested knowledge for /app/data/T0002/210888/b48252o/odoo-210888/addons/crm/crm_report.xml
2026-02-03 10:04:50,565 - Knowledge - INFO - Worker kw20 processing /app/data/T0002/210888/b48252o/odoo-210888/addons/point_of_sale/pos.py
2026-02-03 10:04:50,573 - Knowledge - INFO - Worker kw20 processing /app/data/T0002/210888/b48252o/odoo-210888/addons/point_of_sale/pos_workflow.xml
2026-02-03 10:04:50,656 - Knowledge - INFO - Fast-tracked /app/data/T0002/210888/b48252o/odoo-210888/addons/point_of_sale/pos_workflow.xml (ext=.xml, size=2595)
2026-02-03 10:04:50,658 - Knowledge - INFO - Worker kw20 processing /app/data/T0002/210888/b48252o/odoo-210888/addons/point_of_sale/stock.py
2026-02-03 10:04:50,676 - Knowledge - INFO - Fast-tracked /app/data/T0002/210888/b48252o/odoo-210888/addons/point_of_sale/stock.py (ext=.py, size=1281)
2026-02-03 10:04:50,757 - Knowledge - INFO - Worker kw20 processing /app/data/T0002/210888/b48252o/odoo-210888/addons/point_of_sale/pos_view.xml
2026-02-03 10:04:50,839 - Knowledge - INFO - Fast-tracked /app/data/T0002/210888/b48252o/odoo-210888/addons/point_of_sale/pos_view.xml (ext=.xml, size=17358)
2026-02-03 10:04:50,850 - Knowledge - INFO - Worker kw20 processing /app/data/T0002/210888/b48252o/odoo-210888/addons/point_of_sale/__init__.py
2026-02-03 10:04:50,859 - Knowledge - INFO - Fast-tracked /app/data/T0002/210888/b48252o/odoo-210888/addons/point_of_sale/__init__.py (ext=.py, size=1110)
2026-02-03 10:04:50,860 - Knowledge - INFO - Worker kw20 processing /app/data/T0002/210888/b48252o/odoo-210888/addons/report_project/__terp__.py
2026-02-03 10:04:50,954 - Knowledge - INFO - process ingested knowledge for /app/data/T0002/210888/b48252o/odoo-210888/addons/l10n_fr/__init__.py
2026-02-03 10:04:51,039 - Knowledge - INFO - Fast-tracked /app/data/T0002/210888/b48252o/odoo-210888/addons/report_project/__terp__.py (ext=.py, size=1645)
2026-02-03 10:04:51,040 - Knowledge - INFO - [kw6] Queue=897, InProgress=0, PendingWorkers=20/20, Completed=338/1263 (26.8%)
2026-02-03 10:04:51,043 - Knowledge - INFO - Worker kw20 processing /app/data/T0002/210888/b48252o/odoo-210888/addons/report_project/report_project.py
2026-02-03 10:04:51,063 - Knowledge - INFO - Batch sizing: calculated=8, max_allowed=10, queue=897, active_workers=20/20
2026-02-03 10:04:51,152 - Knowledge - INFO - Worker kw20 processing /app/data/T0002/210888/b48252o/odoo-210888/addons/report_project/report_project_view.xml
2026-02-03 10:04:51,240 - Knowledge - INFO - Fast-tracked /app/data/T0002/210888/b48252o/odoo-210888/addons/report_project/report_project_view.xml (ext=.xml, size=5639)
2026-02-03 10:04:51,678 - Knowledge - INFO - Async storage completed for 10 embeddings
2026-02-03 10:04:52,339 - Knowledge - INFO - process ingested knowledge for /app/data/T0002/210888/b48252o/odoo-210888/addons/l10n_fr/__terp__.py
2026-02-03 10:04:52,870 - Knowledge - INFO - [LLM_CALL] Completed: rml_parse.py:chunk1, Duration: 40327ms, PromptTokens: 3338, CompletionTokens: 664, Cost: $0.00060
2026-02-03 10:04:52,939 - Knowledge - INFO - done ingest for /app/data/T0002/210888/b48252o/odoo-210888/addons/account_balance/report/rml_parse.py
2026-02-03 10:04:53,151 - Knowledge - INFO - process ingested knowledge for /app/data/T0002/210888/b48252o/odoo-210888/addons/account_balance/account_wizard.xml
2026-02-03 10:04:53,152 - Knowledge - INFO - process ingested knowledge for /app/data/T0002/210888/b48252o/odoo-210888/addons/point_of_sale/security/point_of_sale_security.xml
2026-02-03 10:04:53,339 - Knowledge - INFO - [kw7] Queue=897, InProgress=0, PendingWorkers=20/20, Completed=340/1263 (26.9%)
2026-02-03 10:04:53,340 - Knowledge - INFO - Batch sizing: calculated=8, max_allowed=10, queue=897, active_workers=20/20
2026-02-03 10:04:53,861 - Knowledge - INFO - process ingested knowledge for /app/data/T0002/210888/b48252o/odoo-210888/addons/crm/report/report_businessopp.py
2026-02-03 10:04:53,861 - Knowledge - INFO - process ingested knowledge for /app/data/T0002/210888/b48252o/odoo-210888/addons/l10n_fr/l10n_fr_pcg_taxes.xml
2026-02-03 10:04:54,676 - Knowledge - INFO - Async storing batch of 10 embeddings
2026-02-03 10:04:54,677 - Knowledge - INFO - process ingested knowledge for /app/data/T0002/210888/b48252o/odoo-210888/addons/point_of_sale/sale_wizard.xml
2026-02-03 10:04:54,740 - Knowledge - INFO - Async storing batch of 10 embeddings
2026-02-03 10:04:54,844 - Knowledge - INFO - Worker kw6 processing /app/data/T0002/210888/b48252o/odoo-210888/addons/report_project/__init__.py
2026-02-03 10:04:54,853 - Knowledge - INFO - Worker kw7 processing /app/data/T0002/210888/b48252o/odoo-210888/addons/scrum/wizard/backlog_to_task.py
2026-02-03 10:04:54,853 - Knowledge - INFO - Fast-tracked /app/data/T0002/210888/b48252o/odoo-210888/addons/report_project/__init__.py (ext=.py, size=1081)
2026-02-03 10:04:54,854 - Knowledge - INFO - Worker kw6 processing /app/data/T0002/210888/b48252o/odoo-210888/addons/scrum/scrum_report.xml
2026-02-03 10:04:54,861 - Knowledge - INFO - Worker kw7 processing /app/data/T0002/210888/b48252o/odoo-210888/addons/scrum/wizard/__init__.py
2026-02-03 10:04:54,937 - Knowledge - INFO - Fast-tracked /app/data/T0002/210888/b48252o/odoo-210888/addons/scrum/scrum_report.xml (ext=.xml, size=321)
2026-02-03 10:04:54,945 - Knowledge - INFO - Fast-tracked /app/data/T0002/210888/b48252o/odoo-210888/addons/scrum/wizard/__init__.py (ext=.py, size=1082)
2026-02-03 10:04:54,945 - Knowledge - INFO - Worker kw6 processing /app/data/T0002/210888/b48252o/odoo-210888/addons/scrum/report/task_burndown.py
2026-02-03 10:04:54,946 - Knowledge - INFO - Worker kw7 processing /app/data/T0002/210888/b48252o/odoo-210888/addons/scrum/scrum_wizard.xml
2026-02-03 10:04:54,950 - Knowledge - INFO - Fast-tracked /app/data/T0002/210888/b48252o/odoo-210888/addons/scrum/scrum_wizard.xml (ext=.xml, size=226)
2026-02-03 10:04:54,951 - Knowledge - INFO - Worker kw7 processing /app/data/T0002/210888/b48252o/odoo-210888/addons/scrum/scrum_demo.xml
2026-02-03 10:04:54,951 - Knowledge - INFO - Worker kw6 processing /app/data/T0002/210888/b48252o/odoo-210888/addons/scrum/report/sprint_burndown.py
2026-02-03 10:04:54,953 - Knowledge - INFO - Worker kw6 processing /app/data/T0002/210888/b48252o/odoo-210888/addons/scrum/report/_burndown.py
2026-02-03 10:04:54,954 - Knowledge - INFO - Fast-tracked /app/data/T0002/210888/b48252o/odoo-210888/addons/scrum/scrum_demo.xml (ext=.xml, size=11927)
2026-02-03 10:04:54,954 - Knowledge - INFO - Worker kw7 processing /app/data/T0002/210888/b48252o/odoo-210888/addons/scrum/scrum_view.xml
2026-02-03 10:04:54,955 - Knowledge - INFO - Worker kw6 processing /app/data/T0002/210888/b48252o/odoo-210888/addons/scrum/report/__init__.py
2026-02-03 10:04:54,955 - Knowledge - INFO - Fast-tracked /app/data/T0002/210888/b48252o/odoo-210888/addons/scrum/scrum_view.xml (ext=.xml, size=22425)
2026-02-03 10:04:54,956 - Knowledge - INFO - Worker kw7 processing /app/data/T0002/210888/b48252o/odoo-210888/addons/scrum/__init__.py
2026-02-03 10:04:54,957 - Knowledge - INFO - Fast-tracked /app/data/T0002/210888/b48252o/odoo-210888/addons/scrum/report/__init__.py (ext=.py, size=1103)
2026-02-03 10:04:54,957 - Knowledge - INFO - Worker kw6 processing /app/data/T0002/210888/b48252o/odoo-210888/addons/scrum/__terp__.py
2026-02-03 10:04:54,958 - Knowledge - INFO - Fast-tracked /app/data/T0002/210888/b48252o/odoo-210888/addons/scrum/__init__.py (ext=.py, size=1100)
2026-02-03 10:04:54,958 - Knowledge - INFO - Worker kw7 processing /app/data/T0002/210888/b48252o/odoo-210888/addons/scrum/process/scrum_process.xml
2026-02-03 10:04:54,959 - Knowledge - INFO - Worker kw6 processing /app/data/T0002/210888/b48252o/odoo-210888/addons/scrum/scrum.py
2026-02-03 10:04:54,961 - Knowledge - INFO - Fast-tracked /app/data/T0002/210888/b48252o/odoo-210888/addons/scrum/process/scrum_process.xml (ext=.xml, size=1589)
2026-02-03 10:04:54,961 - Knowledge - INFO - Worker kw7 processing /app/data/T0002/210888/b48252o/odoo-210888/addons/hr/hr_department_demo.xml
2026-02-03 10:04:54,968 - Knowledge - INFO - Fast-tracked /app/data/T0002/210888/b48252o/odoo-210888/addons/hr/hr_department_demo.xml (ext=.xml, size=2596)
2026-02-03 10:04:55,052 - Knowledge - INFO - Fast-tracked /app/data/T0002/210888/b48252o/odoo-210888/addons/scrum/wizard/backlog_to_task.py (small file (2738 bytes))
2026-02-03 10:04:55,053 - Knowledge - INFO - Async storage completed for 10 embeddings
2026-02-03 10:04:55,247 - Knowledge - INFO - Fast-tracked /app/data/T0002/210888/b48252o/odoo-210888/addons/scrum/report/_burndown.py (small file (2716 bytes))
2026-02-03 10:04:55,344 - Knowledge - INFO - Fast-tracked /app/data/T0002/210888/b48252o/odoo-210888/addons/scrum/__terp__.py (small file (2345 bytes))
2026-02-03 10:04:55,549 - Knowledge - INFO - Async storage completed for 10 embeddings
2026-02-03 10:04:56,471 - Knowledge - INFO - process ingested knowledge for /app/data/T0002/210888/b48252o/odoo-210888/addons/l10n_fr/wizard/cdr.py
2026-02-03 10:04:57,258 - Knowledge - INFO - process ingested knowledge for /app/data/T0002/210888/b48252o/odoo-210888/addons/crm/__terp__.py
2026-02-03 10:04:59,964 - Knowledge - INFO - process ingested knowledge for /app/data/T0002/210888/b48252o/odoo-210888/addons/point_of_sale/pos_report.xml
2026-02-03 10:05:02,856 - Knowledge - INFO - process ingested knowledge for /app/data/T0002/210888/b48252o/odoo-210888/addons/l10n_fr/wizard/bilan.py
2026-02-03 10:05:04,161 - Knowledge - INFO - process ingested knowledge for /app/data/T0002/210888/b48252o/odoo-210888/addons/crm/wizard/crm_wizard.py
2026-02-03 10:05:05,860 - Knowledge - INFO - [LLM_CALL] Completed: report_project.py:chunk1, Duration: 14221ms, PromptTokens: 2784, CompletionTokens: 248, Cost: $0.00038
2026-02-03 10:05:05,937 - Knowledge - INFO - done ingest for /app/data/T0002/210888/b48252o/odoo-210888/addons/report_project/report_project.py
2026-02-03 10:05:08,342 - Knowledge - INFO - [LLM_CALL] Completed: sprint_burndown.py:chunk1, Duration: 13287ms, PromptTokens: 2446, CompletionTokens: 489, Cost: $0.00044
2026-02-03 10:05:08,352 - Knowledge - INFO - done ingest for /app/data/T0002/210888/b48252o/odoo-210888/addons/scrum/report/sprint_burndown.py
2026-02-03 10:05:10,641 - Knowledge - INFO - [LLM_CALL] Completed: pos.py:chunk1, Duration: 19294ms, PromptTokens: 20278, CompletionTokens: 782, Cost: $0.00234
2026-02-03 10:05:10,659 - Knowledge - INFO - done ingest for /app/data/T0002/210888/b48252o/odoo-210888/addons/point_of_sale/pos.py
2026-02-03 10:05:11,259 - Knowledge - INFO - [kw15] Queue=881, InProgress=0, PendingWorkers=20/20, Completed=348/1263 (27.6%)
2026-02-03 10:05:11,265 - Knowledge - INFO - Batch sizing: calculated=8, max_allowed=10, queue=881, active_workers=20/20
2026-02-03 10:05:11,270 - Knowledge - INFO - process ingested knowledge for /app/data/T0002/210888/b48252o/odoo-210888/addons/crm/wizard/__init__.py
2026-02-03 10:05:12,677 - Knowledge - INFO - [LLM_CALL] Completed: task_burndown.py:chunk1, Duration: 17715ms, PromptTokens: 3390, CompletionTokens: 490, Cost: $0.00053
2026-02-03 10:05:12,739 - Knowledge - INFO - done ingest for /app/data/T0002/210888/b48252o/odoo-210888/addons/scrum/report/task_burndown.py
2026-02-03 10:05:12,868 - Knowledge - INFO - [kw1] Queue=881, InProgress=0, PendingWorkers=20/20, Completed=352/1263 (27.9%)
2026-02-03 10:05:12,868 - Knowledge - INFO - Batch sizing: calculated=8, max_allowed=10, queue=881, active_workers=20/20
2026-02-03 10:05:13,954 - Knowledge - INFO - process ingested knowledge for /app/data/T0002/210888/b48252o/odoo-210888/addons/point_of_sale/report/pos_receipt.py
2026-02-03 10:05:13,978 - Knowledge - INFO - Async storing batch of 10 embeddings
2026-02-03 10:05:13,979 - Knowledge - INFO - process ingested knowledge for /app/data/T0002/210888/b48252o/odoo-210888/addons/crm/crm_wizard.xml
2026-02-03 10:05:14,139 - Knowledge - INFO - Worker kw15 processing /app/data/T0002/210888/b48252o/odoo-210888/addons/hr/security/hr_security.xml
2026-02-03 10:05:14,153 - Knowledge - INFO - Fast-tracked /app/data/T0002/210888/b48252o/odoo-210888/addons/hr/security/hr_security.xml (ext=.xml, size=340)
2026-02-03 10:05:14,159 - Knowledge - INFO - Worker kw15 processing /app/data/T0002/210888/b48252o/odoo-210888/addons/hr/hr_department.py
2026-02-03 10:05:14,246 - Knowledge - INFO - Worker kw15 processing /app/data/T0002/210888/b48252o/odoo-210888/addons/hr/hr_department_view.xml
2026-02-03 10:05:14,264 - Knowledge - INFO - Fast-tracked /app/data/T0002/210888/b48252o/odoo-210888/addons/hr/hr_department_view.xml (ext=.xml, size=3019)
2026-02-03 10:05:14,264 - Knowledge - INFO - Worker kw15 processing /app/data/T0002/210888/b48252o/odoo-210888/addons/hr/__terp__.py
2026-02-03 10:05:14,275 - Knowledge - INFO - Fast-tracked /app/data/T0002/210888/b48252o/odoo-210888/addons/hr/__terp__.py (ext=.py, size=1950)
2026-02-03 10:05:14,336 - Knowledge - INFO - Worker kw15 processing /app/data/T0002/210888/b48252o/odoo-210888/addons/hr/hr.py
2026-02-03 10:05:14,337 - Knowledge - INFO - Processing batch of 8 files
2026-02-03 10:05:14,345 - Knowledge - INFO - process ingested knowledge for /app/data/T0002/210888/b48252o/odoo-210888/addons/point_of_sale/report/pos_lines.py
2026-02-03 10:05:14,353 - Knowledge - INFO - Worker kw15 processing /app/data/T0002/210888/b48252o/odoo-210888/addons/hr/hr_demo.xml
2026-02-03 10:05:14,467 - Knowledge - INFO - Fast-tracked /app/data/T0002/210888/b48252o/odoo-210888/addons/hr/hr_demo.xml (ext=.xml, size=3691)
2026-02-03 10:05:14,467 - Knowledge - INFO - Worker kw15 processing /app/data/T0002/210888/b48252o/odoo-210888/addons/hr/hr_view.xml
2026-02-03 10:05:14,555 - Knowledge - INFO - Fast-tracked /app/data/T0002/210888/b48252o/odoo-210888/addons/hr/hr_view.xml (ext=.xml, size=12458)
2026-02-03 10:05:14,556 - Knowledge - INFO - Worker kw15 processing /app/data/T0002/210888/b48252o/odoo-210888/addons/hr/__init__.py
2026-02-03 10:05:14,739 - Knowledge - INFO - Fast-tracked /app/data/T0002/210888/b48252o/odoo-210888/addons/hr/__init__.py (ext=.py, size=1119)
2026-02-03 10:05:15,083 - Knowledge - INFO - Async storage completed for 10 embeddings
2026-02-03 10:05:18,445 - Knowledge - INFO - Async storing batch of 10 embeddings
2026-02-03 10:05:19,342 - Knowledge - INFO - Worker kw1 processing /app/data/T0002/210888/b48252o/odoo-210888/addons/hr/process/hr_process.xml
2026-02-03 10:05:19,352 - Knowledge - INFO - Fast-tracked /app/data/T0002/210888/b48252o/odoo-210888/addons/hr/process/hr_process.xml (ext=.xml, size=3185)
2026-02-03 10:05:19,363 - Knowledge - INFO - [LLM_CALL] Completed: scrum.py:chunk1, Duration: 23993ms, PromptTokens: 5630, CompletionTokens: 671, Cost: $0.00083
2026-02-03 10:05:19,369 - Knowledge - INFO - Worker kw1 processing /app/data/T0002/210888/b48252o/odoo-210888/addons/google_map/__terp__.py
2026-02-03 10:05:19,371 - Knowledge - INFO - [kw18] Queue=865, InProgress=0, PendingWorkers=20/20, Completed=357/1263 (28.3%)
2026-02-03 10:05:19,375 - Knowledge - INFO - done ingest for /app/data/T0002/210888/b48252o/odoo-210888/addons/scrum/scrum.py
2026-02-03 10:05:19,444 - Knowledge - INFO - Batch sizing: calculated=8, max_allowed=10, queue=865, active_workers=20/20
2026-02-03 10:05:19,556 - Knowledge - INFO - Fast-tracked /app/data/T0002/210888/b48252o/odoo-210888/addons/google_map/__terp__.py (ext=.py, size=1568)
2026-02-03 10:05:19,578 - Knowledge - INFO - Worker kw1 processing /app/data/T0002/210888/b48252o/odoo-210888/addons/google_map/wizard/google_map_launch.py
2026-02-03 10:05:19,639 - Knowledge - INFO - Worker kw1 processing /app/data/T0002/210888/b48252o/odoo-210888/addons/google_map/wizard/__init__.py
2026-02-03 10:05:19,643 - Knowledge - INFO - Fast-tracked /app/data/T0002/210888/b48252o/odoo-210888/addons/google_map/wizard/__init__.py (ext=.py, size=1083)
2026-02-03 10:05:19,650 - Knowledge - INFO - Worker kw1 processing /app/data/T0002/210888/b48252o/odoo-210888/addons/google_map/google_map.py
2026-02-03 10:05:19,736 - Knowledge - INFO - Fast-tracked /app/data/T0002/210888/b48252o/odoo-210888/addons/google_map/google_map.py (ext=.py, size=1391)
2026-02-03 10:05:19,737 - Knowledge - INFO - Worker kw1 processing /app/data/T0002/210888/b48252o/odoo-210888/addons/google_map/google_map_wizard.xml
2026-02-03 10:05:19,752 - Knowledge - INFO - Fast-tracked /app/data/T0002/210888/b48252o/odoo-210888/addons/google_map/google_map_wizard.xml (ext=.xml, size=222)
2026-02-03 10:05:19,752 - Knowledge - INFO - Worker kw1 processing /app/data/T0002/210888/b48252o/odoo-210888/addons/google_map/google_map_view.xml
2026-02-03 10:05:19,847 - Knowledge - INFO - Fast-tracked /app/data/T0002/210888/b48252o/odoo-210888/addons/google_map/google_map_view.xml (ext=.xml, size=1891)
2026-02-03 10:05:19,853 - Knowledge - INFO - Worker kw1 processing /app/data/T0002/210888/b48252o/odoo-210888/addons/google_map/__init__.py
2026-02-03 10:05:19,857 - Knowledge - INFO - Fast-tracked /app/data/T0002/210888/b48252o/odoo-210888/addons/google_map/__init__.py (ext=.py, size=1090)
2026-02-03 10:05:19,861 - Knowledge - INFO - Fast-tracked /app/data/T0002/210888/b48252o/odoo-210888/addons/google_map/wizard/google_map_launch.py (small file (2138 bytes))
2026-02-03 10:05:19,862 - Knowledge - INFO - Async storage completed for 10 embeddings
2026-02-03 10:05:20,547 - Knowledge - INFO - process ingested knowledge for /app/data/T0002/210888/b48252o/odoo-210888/addons/crm/crm.py
2026-02-03 10:05:21,248 - Knowledge - INFO - Processing batch of 8 files
2026-02-03 10:05:21,248 - Knowledge - INFO - process ingested knowledge for /app/data/T0002/210888/b48252o/odoo-210888/addons/scrum/wizard/backlog_to_task.py
2026-02-03 10:05:23,671 - Knowledge - INFO - [LLM_CALL] Completed: hr.py:chunk1, Duration: 8599ms, PromptTokens: 4612, CompletionTokens: 435, Cost: $0.00064
2026-02-03 10:05:23,738 - Knowledge - INFO - done ingest for /app/data/T0002/210888/b48252o/odoo-210888/addons/hr/hr.py
2026-02-03 10:05:23,968 - Knowledge - INFO - Async storing batch of 10 embeddings
2026-02-03 10:05:24,048 - Knowledge - INFO - Worker kw18 processing /app/data/T0002/210888/b48252o/odoo-210888/addons/account_payment/account_invoice.py
2026-02-03 10:05:24,052 - Knowledge - INFO - process ingested knowledge for /app/data/T0002/210888/b48252o/odoo-210888/addons/point_of_sale/report/pos_details_summary.py
2026-02-03 10:05:24,069 - Knowledge - INFO - Worker kw18 processing /app/data/T0002/210888/b48252o/odoo-210888/addons/account_payment/payment_report.xml
2026-02-03 10:05:24,143 - Knowledge - INFO - Fast-tracked /app/data/T0002/210888/b48252o/odoo-210888/addons/account_payment/payment_report.xml (ext=.xml, size=238)
2026-02-03 10:05:24,144 - Knowledge - INFO - Worker kw18 processing /app/data/T0002/210888/b48252o/odoo-210888/addons/account_payment/security/account_payment_security.xml
2026-02-03 10:05:24,159 - Knowledge - INFO - Fast-tracked /app/data/T0002/210888/b48252o/odoo-210888/addons/account_payment/security/account_payment_security.xml (ext=.xml, size=217)
2026-02-03 10:05:24,159 - Knowledge - INFO - Worker kw18 processing /app/data/T0002/210888/b48252o/odoo-210888/addons/account_payment/report/payment_order.py
2026-02-03 10:05:24,176 - Knowledge - INFO - Worker kw18 processing /app/data/T0002/210888/b48252o/odoo-210888/addons/account_payment/report/__init__.py
2026-02-03 10:05:24,247 - Knowledge - INFO - Fast-tracked /app/data/T0002/210888/b48252o/odoo-210888/addons/account_payment/report/__init__.py (ext=.py, size=1077)
2026-02-03 10:05:24,248 - Knowledge - INFO - Worker kw18 processing /app/data/T0002/210888/b48252o/odoo-210888/addons/account_payment/account_invoice_view.xml
2026-02-03 10:05:24,253 - Knowledge - INFO - Fast-tracked /app/data/T0002/210888/b48252o/odoo-210888/addons/account_payment/account_invoice_view.xml (ext=.xml, size=645)
2026-02-03 10:05:24,259 - Knowledge - INFO - Worker kw18 processing /app/data/T0002/210888/b48252o/odoo-210888/addons/account_payment/__terp__.py
2026-02-03 10:05:24,338 - Knowledge - INFO - Fast-tracked /app/data/T0002/210888/b48252o/odoo-210888/addons/account_payment/__terp__.py (ext=.py, size=1884)
2026-02-03 10:05:24,346 - Knowledge - INFO - Worker kw18 processing /app/data/T0002/210888/b48252o/odoo-210888/addons/account_payment/wizard/wizard_payment_order.py
2026-02-03 10:05:24,551 - Knowledge - INFO - Fast-tracked /app/data/T0002/210888/b48252o/odoo-210888/addons/account_payment/account_invoice.py (small file (2140 bytes))
2026-02-03 10:05:24,739 - Knowledge - INFO - Fast-tracked /app/data/T0002/210888/b48252o/odoo-210888/addons/account_payment/report/payment_order.py (small file (2988 bytes))
2026-02-03 10:05:24,853 - Knowledge - INFO - Async storage completed for 10 embeddings
2026-02-03 10:05:26,250 - Knowledge - INFO - [WEBSOCKET] Sent: Type=progress_update, Size: 296, Duration: 0ms
2026-02-03 10:05:26,343 - Knowledge - INFO - [WEBSOCKET] Sent: Type=unknown, Size: ?, Duration: 94ms
2026-02-03 10:05:26,451 - Knowledge - INFO - Progress: 29.1% | Files: 368/1263 | Rate: 0.93 files/sec | Queue: 857
2026-02-03 10:05:27,048 - Knowledge - INFO - [LLM_CALL] Completed: hr_department.py:chunk1, Duration: 12097ms, PromptTokens: 3198, CompletionTokens: 528, Cost: $0.00053
2026-02-03 10:05:27,065 - Knowledge - INFO - done ingest for /app/data/T0002/210888/b48252o/odoo-210888/addons/hr/hr_department.py
2026-02-03 10:05:27,647 - Knowledge - INFO - process ingested knowledge for /app/data/T0002/210888/b48252o/odoo-210888/addons/point_of_sale/report/pos_details.py
2026-02-03 10:05:29,153 - Knowledge - INFO - process ingested knowledge for /app/data/T0002/210888/b48252o/odoo-210888/addons/scrum/wizard/__init__.py
2026-02-03 10:05:30,657 - Knowledge - INFO - [LLM_CALL] Completed: wizard_payment_order.py:chunk1, Duration: 5899ms, PromptTokens: 3278, CompletionTokens: 349, Cost: $0.00047
2026-02-03 10:05:30,660 - Knowledge - INFO - done ingest for /app/data/T0002/210888/b48252o/odoo-210888/addons/account_payment/wizard/wizard_payment_order.py
2026-02-03 10:05:30,759 - Knowledge - INFO - Processing batch of 8 files
2026-02-03 10:05:30,760 - Knowledge - INFO - process ingested knowledge for /app/data/T0002/210888/b48252o/odoo-210888/addons/point_of_sale/wizard/wizard_default_journal.py
2026-02-03 10:05:30,977 - Knowledge - INFO - [kw2] Queue=857, InProgress=0, PendingWorkers=20/20, Completed=374/1263 (29.6%)
2026-02-03 10:05:31,039 - Knowledge - INFO - Batch sizing: calculated=8, max_allowed=10, queue=857, active_workers=20/20
2026-02-03 10:05:31,179 - Knowledge - INFO - process ingested knowledge for /app/data/T0002/210888/b48252o/odoo-210888/addons/point_of_sale/report/pos_invoice.py
2026-02-03 10:05:31,437 - Knowledge - INFO - process ingested knowledge for /app/data/T0002/210888/b48252o/odoo-210888/addons/point_of_sale/report/__init__.py
2026-02-03 10:05:31,437 - Knowledge - INFO - process ingested knowledge for /app/data/T0002/210888/b48252o/odoo-210888/addons/scrum/scrum_wizard.xml
2026-02-03 10:05:31,836 - Knowledge - INFO - [kw16] Queue=857, InProgress=0, PendingWorkers=20/20, Completed=377/1263 (29.8%)
2026-02-03 10:05:31,836 - Knowledge - INFO - Batch sizing: calculated=8, max_allowed=10, queue=857, active_workers=20/20
2026-02-03 10:05:32,147 - Knowledge - INFO - Async storing batch of 10 embeddings
2026-02-03 10:05:32,151 - Knowledge - INFO - Worker kw2 processing /app/data/T0002/210888/b48252o/odoo-210888/addons/account_payment/wizard/wizard_pay.py
2026-02-03 10:05:32,154 - Knowledge - INFO - Worker kw2 processing /app/data/T0002/210888/b48252o/odoo-210888/addons/account_payment/wizard/wizard_populate_statement.py
2026-02-03 10:05:32,156 - Knowledge - INFO - Worker kw2 processing /app/data/T0002/210888/b48252o/odoo-210888/addons/account_payment/wizard/__init__.py
2026-02-03 10:05:32,158 - Knowledge - INFO - Fast-tracked /app/data/T0002/210888/b48252o/odoo-210888/addons/account_payment/wizard/__init__.py (ext=.py, size=1138)
2026-02-03 10:05:32,158 - Knowledge - INFO - Worker kw2 processing /app/data/T0002/210888/b48252o/odoo-210888/addons/account_payment/account_move_line.py
2026-02-03 10:05:32,160 - Knowledge - INFO - Worker kw2 processing /app/data/T0002/210888/b48252o/odoo-210888/addons/account_payment/payment_sequence.xml
2026-02-03 10:05:32,161 - Knowledge - INFO - Fast-tracked /app/data/T0002/210888/b48252o/odoo-210888/addons/account_payment/payment_sequence.xml (ext=.xml, size=1121)
2026-02-03 10:05:32,161 - Knowledge - INFO - Worker kw2 processing /app/data/T0002/210888/b48252o/odoo-210888/addons/account_payment/payment.py
2026-02-03 10:05:32,163 - Knowledge - INFO - Worker kw2 processing /app/data/T0002/210888/b48252o/odoo-210888/addons/account_payment/payment_wizard.xml
2026-02-03 10:05:32,166 - Knowledge - INFO - Fast-tracked /app/data/T0002/210888/b48252o/odoo-210888/addons/account_payment/payment_wizard.xml (ext=.xml, size=517)
2026-02-03 10:05:32,167 - Knowledge - INFO - Worker kw2 processing /app/data/T0002/210888/b48252o/odoo-210888/addons/account_payment/payment_workflow.xml
2026-02-03 10:05:32,169 - Knowledge - INFO - Fast-tracked /app/data/T0002/210888/b48252o/odoo-210888/addons/account_payment/payment_workflow.xml (ext=.xml, size=2567)
2026-02-03 10:05:32,171 - Knowledge - INFO - Fast-tracked /app/data/T0002/210888/b48252o/odoo-210888/addons/account_payment/wizard/wizard_pay.py (small file (2423 bytes))
2026-02-03 10:05:32,258 - Knowledge - INFO - Async storage completed for 10 embeddings
2026-02-03 10:05:33,153 - Knowledge - INFO - process ingested knowledge for /app/data/T0002/210888/b48252o/odoo-210888/addons/point_of_sale/pos_data.xml
2026-02-03 10:05:33,153 - Knowledge - INFO - process ingested knowledge for /app/data/T0002/210888/b48252o/odoo-210888/addons/scrum/scrum_demo.xml
2026-02-03 10:05:33,644 - Knowledge - INFO - Async storing batch of 8 embeddings
2026-02-03 10:05:33,645 - Knowledge - INFO - Worker kw16 processing /app/data/T0002/210888/b48252o/odoo-210888/addons/account_payment/__init__.py
2026-02-03 10:05:33,659 - Knowledge - INFO - Fast-tracked /app/data/T0002/210888/b48252o/odoo-210888/addons/account_payment/__init__.py (ext=.py, size=1284)
2026-02-03 10:05:33,661 - Knowledge - INFO - Worker kw16 processing /app/data/T0002/210888/b48252o/odoo-210888/addons/account_payment/payment_view.xml
2026-02-03 10:05:33,765 - Knowledge - INFO - Fast-tracked /app/data/T0002/210888/b48252o/odoo-210888/addons/account_payment/payment_view.xml (ext=.xml, size=16372)
2026-02-03 10:05:33,766 - Knowledge - INFO - Worker kw16 processing /app/data/T0002/210888/b48252o/odoo-210888/addons/report_mrp/__terp__.py
2026-02-03 10:05:33,866 - Knowledge - INFO - Fast-tracked /app/data/T0002/210888/b48252o/odoo-210888/addons/report_mrp/__terp__.py (ext=.py, size=1563)
2026-02-03 10:05:33,869 - Knowledge - INFO - Worker kw16 processing /app/data/T0002/210888/b48252o/odoo-210888/addons/report_mrp/report_mrp.py
2026-02-03 10:05:33,937 - Knowledge - INFO - Worker kw16 processing /app/data/T0002/210888/b48252o/odoo-210888/addons/report_mrp/report_mrp_view.xml
2026-02-03 10:05:33,958 - Knowledge - INFO - Fast-tracked /app/data/T0002/210888/b48252o/odoo-210888/addons/report_mrp/report_mrp_view.xml (ext=.xml, size=4564)
2026-02-03 10:05:33,959 - Knowledge - INFO - Worker kw16 processing /app/data/T0002/210888/b48252o/odoo-210888/addons/report_mrp/__init__.py
2026-02-03 10:05:34,044 - Knowledge - INFO - Fast-tracked /app/data/T0002/210888/b48252o/odoo-210888/addons/report_mrp/__init__.py (ext=.py, size=1077)
2026-02-03 10:05:34,052 - Knowledge - INFO - Worker kw16 processing /app/data/T0002/210888/b48252o/odoo-210888/addons/analytic_journal_billing_rate/__terp__.py
2026-02-03 10:05:34,056 - Knowledge - INFO - Processing batch of 8 files
2026-02-03 10:05:34,140 - Knowledge - INFO - Worker kw16 processing /app/data/T0002/210888/b48252o/odoo-210888/addons/analytic_journal_billing_rate/analytic_journal_billing_rate.py
2026-02-03 10:05:34,141 - Knowledge - INFO - process ingested knowledge for /app/data/T0002/210888/b48252o/odoo-210888/addons/account_balance/report/rml_parse.py
2026-02-03 10:05:34,637 - Knowledge - INFO - Fast-tracked /app/data/T0002/210888/b48252o/odoo-210888/addons/analytic_journal_billing_rate/__terp__.py (small file (2049 bytes))
2026-02-03 10:05:34,974 - Knowledge - INFO - Async storage completed for 8 embeddings
2026-02-03 10:05:38,559 - Knowledge - INFO - process ingested knowledge for /app/data/T0002/210888/b48252o/odoo-210888/addons/point_of_sale/wizard/wizard_pos_payment.py
2026-02-03 10:05:38,651 - Knowledge - INFO - process ingested knowledge for /app/data/T0002/210888/b48252o/odoo-210888/addons/scrum/scrum_view.xml
2026-02-03 10:05:41,550 - Knowledge - INFO - process ingested knowledge for /app/data/T0002/210888/b48252o/odoo-210888/addons/account_balance/report/account_balance.py
2026-02-03 10:05:42,260 - Knowledge - INFO - [kw9] Queue=841, InProgress=0, PendingWorkers=20/20, Completed=387/1263 (30.6%)
2026-02-03 10:05:42,261 - Knowledge - INFO - Batch sizing: calculated=8, max_allowed=10, queue=841, active_workers=20/20
2026-02-03 10:05:42,262 - Knowledge - INFO - process ingested knowledge for /app/data/T0002/210888/b48252o/odoo-210888/addons/point_of_sale/__terp__.py
2026-02-03 10:05:42,272 - Knowledge - INFO - process ingested knowledge for /app/data/T0002/210888/b48252o/odoo-210888/addons/point_of_sale/wizard/wizard_refund_order.py
2026-02-03 10:05:42,776 - Knowledge - INFO - [LLM_CALL] Completed: wizard_populate_statement.py:chunk1, Duration: 10601ms, PromptTokens: 3270, CompletionTokens: 352, Cost: $0.00047
2026-02-03 10:05:42,840 - Knowledge - INFO - done ingest for /app/data/T0002/210888/b48252o/odoo-210888/addons/account_payment/wizard/wizard_populate_statement.py
2026-02-03 10:05:43,578 - Knowledge - INFO - Processing batch of 8 files
2026-02-03 10:05:43,642 - Knowledge - INFO - process ingested knowledge for /app/data/T0002/210888/b48252o/odoo-210888/addons/hr/process/hr_process.xml
2026-02-03 10:05:43,955 - Knowledge - INFO - process ingested knowledge for /app/data/T0002/210888/b48252o/odoo-210888/addons/account_balance/report/account_balance_landscape.py
2026-02-03 10:05:44,938 - Knowledge - INFO - [LLM_CALL] Completed: account_move_line.py:chunk1, Duration: 12692ms, PromptTokens: 2966, CompletionTokens: 354, Cost: $0.00044
2026-02-03 10:05:44,938 - Knowledge - INFO - done ingest for /app/data/T0002/210888/b48252o/odoo-210888/addons/account_payment/account_move_line.py
2026-02-03 10:05:45,654 - Knowledge - INFO - [kw19] Queue=841, InProgress=0, PendingWorkers=20/20, Completed=390/1263 (30.9%)
2026-02-03 10:05:45,661 - Knowledge - INFO - Batch sizing: calculated=8, max_allowed=10, queue=841, active_workers=20/20
2026-02-03 10:05:47,336 - Knowledge - INFO - process ingested knowledge for /app/data/T0002/210888/b48252o/odoo-210888/addons/scrum/__init__.py
2026-02-03 10:05:47,339 - Knowledge - INFO - process ingested knowledge for /app/data/T0002/210888/b48252o/odoo-210888/addons/point_of_sale/wizard/wizard_add_product.py
2026-02-03 10:05:47,342 - Knowledge - INFO - process ingested knowledge for /app/data/T0002/210888/b48252o/odoo-210888/addons/point_of_sale/wizard/wizard_confirm.py
2026-02-03 10:05:47,558 - Knowledge - INFO - [LLM_CALL] Completed: report_mrp.py:chunk1, Duration: 13210ms, PromptTokens: 2422, CompletionTokens: 325, Cost: $0.00037
2026-02-03 10:05:47,558 - Knowledge - INFO - done ingest for /app/data/T0002/210888/b48252o/odoo-210888/addons/report_mrp/report_mrp.py
2026-02-03 10:05:47,980 - Knowledge - INFO - process ingested knowledge for /app/data/T0002/210888/b48252o/odoo-210888/addons/google_map/__terp__.py
2026-02-03 10:05:49,943 - Knowledge - INFO - [LLM_CALL] Completed: analytic_journal_billing_rate.py:chunk1, Duration: 15186ms, PromptTokens: 3222, CompletionTokens: 490, Cost: $0.00052
2026-02-03 10:05:49,954 - Knowledge - INFO - done ingest for /app/data/T0002/210888/b48252o/odoo-210888/addons/analytic_journal_billing_rate/analytic_journal_billing_rate.py
2026-02-03 10:05:50,065 - Knowledge - INFO - Async storing batch of 8 embeddings
2026-02-03 10:05:50,155 - Knowledge - INFO - Worker kw19 processing /app/data/T0002/210888/b48252o/odoo-210888/addons/analytic_journal_billing_rate/analytic_journal_billing_rate_view.xml
2026-02-03 10:05:50,249 - Knowledge - INFO - Fast-tracked /app/data/T0002/210888/b48252o/odoo-210888/addons/analytic_journal_billing_rate/analytic_journal_billing_rate_view.xml (ext=.xml, size=4251)
2026-02-03 10:05:50,251 - Knowledge - INFO - Worker kw19 processing /app/data/T0002/210888/b48252o/odoo-210888/addons/analytic_journal_billing_rate/__init__.py
2026-02-03 10:05:50,264 - Knowledge - INFO - Fast-tracked /app/data/T0002/210888/b48252o/odoo-210888/addons/analytic_journal_billing_rate/__init__.py (ext=.py, size=1094)
2026-02-03 10:05:50,273 - Knowledge - INFO - Worker kw19 processing /app/data/T0002/210888/b48252o/odoo-210888/addons/report_document/__terp__.py
2026-02-03 10:05:50,361 - Knowledge - INFO - Fast-tracked /app/data/T0002/210888/b48252o/odoo-210888/addons/report_document/__terp__.py (ext=.py, size=1559)
2026-02-03 10:05:50,361 - Knowledge - INFO - Worker kw19 processing /app/data/T0002/210888/b48252o/odoo-210888/addons/report_document/report_document.py
2026-02-03 10:05:50,371 - Knowledge - INFO - Worker kw19 processing /app/data/T0002/210888/b48252o/odoo-210888/addons/report_document/report_document_view.xml
2026-02-03 10:05:50,448 - Knowledge - INFO - Fast-tracked /app/data/T0002/210888/b48252o/odoo-210888/addons/report_document/report_document_view.xml (ext=.xml, size=13244)
2026-02-03 10:05:50,459 - Knowledge - INFO - Worker kw19 processing /app/data/T0002/210888/b48252o/odoo-210888/addons/report_document/__init__.py
2026-02-03 10:05:50,540 - Knowledge - INFO - Fast-tracked /app/data/T0002/210888/b48252o/odoo-210888/addons/report_document/__init__.py (ext=.py, size=1080)
2026-02-03 10:05:50,636 - Knowledge - INFO - Worker kw19 processing /app/data/T0002/210888/b48252o/odoo-210888/addons/board_auction/__terp__.py
2026-02-03 10:05:50,652 - Knowledge - INFO - Fast-tracked /app/data/T0002/210888/b48252o/odoo-210888/addons/board_auction/__terp__.py (ext=.py, size=1511)
2026-02-03 10:05:50,658 - Knowledge - INFO - Worker kw19 processing /app/data/T0002/210888/b48252o/odoo-210888/addons/board_auction/board_auction_manager_view.xml
2026-02-03 10:05:50,745 - Knowledge - INFO - Fast-tracked /app/data/T0002/210888/b48252o/odoo-210888/addons/board_auction/board_auction_manager_view.xml (ext=.xml, size=2349)
2026-02-03 10:05:50,754 - Knowledge - INFO - Async storing batch of 8 embeddings
2026-02-03 10:05:50,762 - Knowledge - INFO - Worker kw9 processing /app/data/T0002/210888/b48252o/odoo-210888/addons/board_auction/board_auction_demo.xml
2026-02-03 10:05:50,763 - Knowledge - INFO - process ingested knowledge for /app/data/T0002/210888/b48252o/odoo-210888/addons/scrum/process/scrum_process.xml
2026-02-03 10:05:50,783 - Knowledge - INFO - Fast-tracked /app/data/T0002/210888/b48252o/odoo-210888/addons/board_auction/board_auction_demo.xml (ext=.xml, size=428)
2026-02-03 10:05:50,840 - Knowledge - INFO - Worker kw9 processing /app/data/T0002/210888/b48252o/odoo-210888/addons/board_auction/board_auction_view.xml
2026-02-03 10:05:50,849 - Knowledge - INFO - Fast-tracked /app/data/T0002/210888/b48252o/odoo-210888/addons/board_auction/board_auction_view.xml (ext=.xml, size=1953)
2026-02-03 10:05:50,858 - Knowledge - INFO - Worker kw9 processing /app/data/T0002/210888/b48252o/odoo-210888/addons/board_auction/__init__.py
2026-02-03 10:05:50,865 - Knowledge - INFO - Fast-tracked /app/data/T0002/210888/b48252o/odoo-210888/addons/board_auction/__init__.py (ext=.py, size=66)
2026-02-03 10:05:50,941 - Knowledge - INFO - Worker kw9 processing /app/data/T0002/210888/b48252o/odoo-210888/addons/warning/__terp__.py
2026-02-03 10:05:50,946 - Knowledge - INFO - Fast-tracked /app/data/T0002/210888/b48252o/odoo-210888/addons/warning/__terp__.py (ext=.py, size=1428)
2026-02-03 10:05:50,946 - Knowledge - INFO - Worker kw9 processing /app/data/T0002/210888/b48252o/odoo-210888/addons/warning/warning.py
2026-02-03 10:05:50,950 - Knowledge - INFO - Async storage completed for 8 embeddings
2026-02-03 10:05:50,952 - Knowledge - INFO - Worker kw9 processing /app/data/T0002/210888/b48252o/odoo-210888/addons/warning/__init__.py
2026-02-03 10:05:50,966 - Knowledge - INFO - Fast-tracked /app/data/T0002/210888/b48252o/odoo-210888/addons/warning/__init__.py (ext=.py, size=1074)
2026-02-03 10:05:50,967 - Knowledge - INFO - Worker kw9 processing /app/data/T0002/210888/b48252o/odoo-210888/addons/warning/warning_view.xml
2026-02-03 10:05:51,045 - Knowledge - INFO - Fast-tracked /app/data/T0002/210888/b48252o/odoo-210888/addons/warning/warning_view.xml (ext=.xml, size=3263)
2026-02-03 10:05:51,054 - Knowledge - INFO - Worker kw9 processing /app/data/T0002/210888/b48252o/odoo-210888/addons/base_contact/__terp__.py
2026-02-03 10:05:51,549 - Knowledge - INFO - Fast-tracked /app/data/T0002/210888/b48252o/odoo-210888/addons/base_contact/__terp__.py (small file (2207 bytes))
2026-02-03 10:05:51,573 - Knowledge - INFO - Async storage completed for 8 embeddings
2026-02-03 10:05:52,052 - Knowledge - INFO - process ingested knowledge for /app/data/T0002/210888/b48252o/odoo-210888/addons/account_balance/report/__init__.py
2026-02-03 10:05:52,056 - Knowledge - INFO - process ingested knowledge for /app/data/T0002/210888/b48252o/odoo-210888/addons/google_map/wizard/google_map_launch.py
2026-02-03 10:05:52,137 - Knowledge - INFO - [kw14] Queue=825, InProgress=0, PendingWorkers=20/20, Completed=398/1263 (31.5%)
2026-02-03 10:05:52,245 - Knowledge - INFO - Batch sizing: calculated=8, max_allowed=10, queue=825, active_workers=20/20
2026-02-03 10:05:52,568 - Knowledge - INFO - Processing batch of 8 files
2026-02-03 10:05:52,575 - Knowledge - INFO - process ingested knowledge for /app/data/T0002/210888/b48252o/odoo-210888/addons/report_project/__init__.py
2026-02-03 10:05:53,177 - Knowledge - INFO - process ingested knowledge for /app/data/T0002/210888/b48252o/odoo-210888/addons/point_of_sale/wizard/wizard_discount.py
2026-02-03 10:05:53,241 - Knowledge - INFO - process ingested knowledge for /app/data/T0002/210888/b48252o/odoo-210888/addons/hr/hr_department_demo.xml
2026-02-03 10:05:53,248 - Knowledge - INFO - process ingested knowledge for /app/data/T0002/210888/b48252o/odoo-210888/addons/point_of_sale/wizard/wizard_get_sale.py
2026-02-03 10:05:53,256 - Knowledge - INFO - [WEBSOCKET] Sent: Type=progress_update, Size: 296, Duration: 0ms
2026-02-03 10:05:53,564 - Knowledge - INFO - [WEBSOCKET] Sent: Type=unknown, Size: ?, Duration: 308ms
2026-02-03 10:05:53,569 - Knowledge - INFO - Progress: 31.5% | Files: 398/1263 | Rate: 0.94 files/sec | Queue: 825
2026-02-03 10:05:54,157 - Knowledge - INFO - process ingested knowledge for /app/data/T0002/210888/b48252o/odoo-210888/addons/account_balance/__terp__.py
2026-02-03 10:05:54,938 - Knowledge - INFO - Async storing batch of 8 embeddings
2026-02-03 10:05:54,940 - Knowledge - INFO - Processing batch of 8 files
2026-02-03 10:05:54,947 - Knowledge - INFO - Worker kw14 processing /app/data/T0002/210888/b48252o/odoo-210888/addons/base_contact/base_contact_demo.xml
2026-02-03 10:05:54,947 - Knowledge - INFO - process ingested knowledge for /app/data/T0002/210888/b48252o/odoo-210888/addons/point_of_sale/pos.py
2026-02-03 10:05:54,956 - Knowledge - INFO - process ingested knowledge for /app/data/T0002/210888/b48252o/odoo-210888/addons/scrum/scrum_report.xml
2026-02-03 10:05:55,044 - Knowledge - INFO - Fast-tracked /app/data/T0002/210888/b48252o/odoo-210888/addons/base_contact/base_contact_demo.xml (ext=.xml, size=20046)
2026-02-03 10:05:55,146 - Knowledge - INFO - Worker kw14 processing /app/data/T0002/210888/b48252o/odoo-210888/addons/base_contact/base_contact.py
2026-02-03 10:05:55,265 - Knowledge - INFO - Worker kw14 processing /app/data/T0002/210888/b48252o/odoo-210888/addons/base_contact/__init__.py
2026-02-03 10:05:55,341 - Knowledge - INFO - Fast-tracked /app/data/T0002/210888/b48252o/odoo-210888/addons/base_contact/__init__.py (ext=.py, size=1078)
2026-02-03 10:05:55,341 - Knowledge - INFO - Worker kw14 processing /app/data/T0002/210888/b48252o/odoo-210888/addons/base_contact/base_contact_view.xml
2026-02-03 10:05:55,436 - Knowledge - INFO - Fast-tracked /app/data/T0002/210888/b48252o/odoo-210888/addons/base_contact/base_contact_view.xml (ext=.xml, size=16613)
2026-02-03 10:05:55,444 - Knowledge - INFO - Worker kw14 processing /app/data/T0002/210888/b48252o/odoo-210888/addons/base_contact/process/base_contact_process.xml
2026-02-03 10:05:55,467 - Knowledge - INFO - Fast-tracked /app/data/T0002/210888/b48252o/odoo-210888/addons/base_contact/process/base_contact_process.xml (ext=.xml, size=4318)
2026-02-03 10:05:55,477 - Knowledge - INFO - Worker kw14 processing /app/data/T0002/210888/b48252o/odoo-210888/addons/report_purchase/__terp__.py
2026-02-03 10:05:55,562 - Knowledge - INFO - Fast-tracked /app/data/T0002/210888/b48252o/odoo-210888/addons/report_purchase/__terp__.py (ext=.py, size=1614)
2026-02-03 10:05:55,563 - Knowledge - INFO - Worker kw14 processing /app/data/T0002/210888/b48252o/odoo-210888/addons/report_purchase/report_purchase.py
2026-02-03 10:05:55,662 - Knowledge - INFO - Worker kw14 processing /app/data/T0002/210888/b48252o/odoo-210888/addons/report_purchase/__init__.py
2026-02-03 10:05:55,670 - Knowledge - INFO - Fast-tracked /app/data/T0002/210888/b48252o/odoo-210888/addons/report_purchase/__init__.py (ext=.py, size=1082)
2026-02-03 10:05:56,357 - Knowledge - INFO - [kw13] Queue=817, InProgress=0, PendingWorkers=20/20, Completed=401/1263 (31.7%)
2026-02-03 10:05:56,366 - Knowledge - INFO - Batch sizing: calculated=8, max_allowed=10, queue=817, active_workers=20/20
2026-02-03 10:05:56,541 - Knowledge - INFO - Async storage completed for 8 embeddings
2026-02-03 10:05:57,072 - Knowledge - INFO - [LLM_CALL] Completed: payment.py:chunk1, Duration: 24817ms, PromptTokens: 9516, CompletionTokens: 985, Cost: $0.00135
2026-02-03 10:05:57,148 - Knowledge - INFO - done ingest for /app/data/T0002/210888/b48252o/odoo-210888/addons/account_payment/payment.py
2026-02-03 10:05:57,253 - Knowledge - INFO - process ingested knowledge for /app/data/T0002/210888/b48252o/odoo-210888/addons/point_of_sale/wizard/wizard_scan_product.py
2026-02-03 10:05:57,266 - Knowledge - INFO - process ingested knowledge for /app/data/T0002/210888/b48252o/odoo-210888/addons/point_of_sale/pos_workflow.xml
2026-02-03 10:05:57,266 - Knowledge - INFO - process ingested knowledge for /app/data/T0002/210888/b48252o/odoo-210888/addons/scrum/report/task_burndown.py
2026-02-03 10:05:57,271 - Knowledge - INFO - process ingested knowledge for /app/data/T0002/210888/b48252o/odoo-210888/addons/point_of_sale/wizard/__init__.py
2026-02-03 10:05:57,349 - Knowledge - INFO - process ingested knowledge for /app/data/T0002/210888/b48252o/odoo-210888/addons/google_map/wizard/__init__.py
2026-02-03 10:05:57,360 - Knowledge - INFO - process ingested knowledge for /app/data/T0002/210888/b48252o/odoo-210888/addons/account_balance/wizard/wizard_account_balance_report.py
2026-02-03 10:05:57,378 - Knowledge - INFO - [kw17] Queue=817, InProgress=0, PendingWorkers=20/20, Completed=405/1263 (32.1%)
2026-02-03 10:05:57,461 - Knowledge - INFO - [kw3] Queue=817, InProgress=0, PendingWorkers=20/20, Completed=405/1263 (32.1%)
2026-02-03 10:05:57,463 - Knowledge - INFO - [kw11] Queue=817, InProgress=0, PendingWorkers=20/20, Completed=405/1263 (32.1%)
2026-02-03 10:05:57,463 - Knowledge - INFO - Batch sizing: calculated=8, max_allowed=10, queue=817, active_workers=20/20
2026-02-03 10:05:57,465 - Knowledge - INFO - Async storing batch of 8 embeddings
2026-02-03 10:05:57,474 - Knowledge - INFO - process ingested knowledge for /app/data/T0002/210888/b48252o/odoo-210888/addons/scrum/report/sprint_burndown.py
2026-02-03 10:05:57,538 - Knowledge - INFO - process ingested knowledge for /app/data/T0002/210888/b48252o/odoo-210888/addons/point_of_sale/pos_wizard.xml
2026-02-03 10:05:57,542 - Knowledge - INFO - process ingested knowledge for /app/data/T0002/210888/b48252o/odoo-210888/addons/google_map/google_map.py
2026-02-03 10:05:57,543 - Knowledge - INFO - Batch sizing: calculated=8, max_allowed=10, queue=817, active_workers=20/20
2026-02-03 10:05:57,550 - Knowledge - INFO - Batch sizing: calculated=8, max_allowed=10, queue=817, active_workers=20/20
2026-02-03 10:05:57,643 - Knowledge - INFO - Worker kw13 processing /app/data/T0002/210888/b48252o/odoo-210888/addons/report_purchase/report_purchase_view.xml
2026-02-03 10:05:58,038 - Knowledge - INFO - Fast-tracked /app/data/T0002/210888/b48252o/odoo-210888/addons/report_purchase/report_purchase_view.xml (ext=.xml, size=7151)
2026-02-03 10:05:58,039 - Knowledge - INFO - Worker kw13 processing /app/data/T0002/210888/b48252o/odoo-210888/addons/sale_crm/__terp__.py
2026-02-03 10:05:58,138 - Knowledge - INFO - Worker kw13 processing /app/data/T0002/210888/b48252o/odoo-210888/addons/sale_crm/wizard/makesale.py
2026-02-03 10:05:58,264 - Knowledge - INFO - Worker kw13 processing /app/data/T0002/210888/b48252o/odoo-210888/addons/sale_crm/wizard/makecase.py
2026-02-03 10:05:58,273 - Knowledge - INFO - process ingested knowledge for /app/data/T0002/210888/b48252o/odoo-210888/addons/point_of_sale/stock.py
2026-02-03 10:05:58,340 - Knowledge - INFO - Worker kw13 processing /app/data/T0002/210888/b48252o/odoo-210888/addons/sale_crm/wizard/__init__.py
2026-02-03 10:05:58,446 - Knowledge - INFO - Fast-tracked /app/data/T0002/210888/b48252o/odoo-210888/addons/sale_crm/wizard/__init__.py (ext=.py, size=1090)
2026-02-03 10:05:58,453 - Knowledge - INFO - Worker kw13 processing /app/data/T0002/210888/b48252o/odoo-210888/addons/sale_crm/sale_crm_wizard.xml
2026-02-03 10:05:58,536 - Knowledge - INFO - Fast-tracked /app/data/T0002/210888/b48252o/odoo-210888/addons/sale_crm/sale_crm_wizard.xml (ext=.xml, size=495)
2026-02-03 10:05:58,650 - Knowledge - INFO - Worker kw13 processing /app/data/T0002/210888/b48252o/odoo-210888/addons/sale_crm/__init__.py
2026-02-03 10:05:58,782 - Knowledge - INFO - Processing batch of 8 files
2026-02-03 10:05:58,784 - Knowledge - INFO - process ingested knowledge for /app/data/T0002/210888/b48252o/odoo-210888/addons/account_payment/account_invoice.py
2026-02-03 10:05:58,862 - Knowledge - INFO - Fast-tracked /app/data/T0002/210888/b48252o/odoo-210888/addons/sale_crm/__init__.py (ext=.py, size=1072)
2026-02-03 10:05:58,862 - Knowledge - INFO - Worker kw13 processing /app/data/T0002/210888/b48252o/odoo-210888/addons/sale_crm/process/sale_crm_process.xml
2026-02-03 10:05:58,962 - Knowledge - INFO - Fast-tracked /app/data/T0002/210888/b48252o/odoo-210888/addons/sale_crm/process/sale_crm_process.xml (ext=.xml, size=5132)
2026-02-03 10:05:59,144 - Knowledge - INFO - Fast-tracked /app/data/T0002/210888/b48252o/odoo-210888/addons/sale_crm/__terp__.py (small file (2030 bytes))
2026-02-03 10:05:59,338 - Knowledge - INFO - Async storing batch of 8 embeddings
2026-02-03 10:05:59,469 - Knowledge - INFO - Worker kw17 processing /app/data/T0002/210888/b48252o/odoo-210888/addons/sale_crm/sale_crm_view.xml
2026-02-03 10:05:59,470 - Knowledge - INFO - process ingested knowledge for /app/data/T0002/210888/b48252o/odoo-210888/addons/scrum/report/_burndown.py
2026-02-03 10:05:59,547 - Knowledge - INFO - process ingested knowledge for /app/data/T0002/210888/b48252o/odoo-210888/addons/point_of_sale/pos_sequence.xml
2026-02-03 10:05:59,550 - Knowledge - INFO - Fast-tracked /app/data/T0002/210888/b48252o/odoo-210888/addons/sale_crm/sale_crm_view.xml (ext=.xml, size=616)
2026-02-03 10:05:59,742 - Knowledge - INFO - Async storing batch of 8 embeddings
2026-02-03 10:05:59,761 - Knowledge - INFO - [kw12] Queue=793, InProgress=0, PendingWorkers=20/20, Completed=409/1263 (32.4%)
2026-02-03 10:05:59,773 - Knowledge - INFO - process ingested knowledge for /app/data/T0002/210888/b48252o/odoo-210888/addons/point_of_sale/pos_view.xml
2026-02-03 10:05:59,857 - Knowledge - INFO - Worker kw17 processing /app/data/T0002/210888/b48252o/odoo-210888/addons/hr_holidays/hr_holidays_report.xml
2026-02-03 10:05:59,858 - Knowledge - INFO - process ingested knowledge for /app/data/T0002/210888/b48252o/odoo-210888/addons/account_balance/wizard/__init__.py
2026-02-03 10:05:59,874 - Knowledge - INFO - Fast-tracked /app/data/T0002/210888/b48252o/odoo-210888/addons/hr_holidays/hr_holidays_report.xml (ext=.xml, size=272)
2026-02-03 10:05:59,938 - Knowledge - INFO - Batch sizing: calculated=8, max_allowed=10, queue=793, active_workers=20/20
2026-02-03 10:06:00,058 - Knowledge - INFO - Worker kw11 processing /app/data/T0002/210888/b48252o/odoo-210888/addons/hr_holidays/wizard/__init__.py
2026-02-03 10:06:00,065 - Knowledge - INFO - Worker kw17 processing /app/data/T0002/210888/b48252o/odoo-210888/addons/hr_holidays/hr_bel_holidays_2008.xml
2026-02-03 10:06:00,148 - Knowledge - INFO - Async storage completed for 8 embeddings
2026-02-03 10:06:00,154 - Knowledge - INFO - Fast-tracked /app/data/T0002/210888/b48252o/odoo-210888/addons/hr_holidays/wizard/__init__.py (ext=.py, size=151)
2026-02-03 10:06:00,557 - Knowledge - INFO - Fast-tracked /app/data/T0002/210888/b48252o/odoo-210888/addons/hr_holidays/hr_bel_holidays_2008.xml (ext=.xml, size=2414)
2026-02-03 10:06:00,565 - Knowledge - INFO - Worker kw11 processing /app/data/T0002/210888/b48252o/odoo-210888/addons/hr_holidays/hr.py
2026-02-03 10:06:00,636 - Knowledge - INFO - Worker kw17 processing /app/data/T0002/210888/b48252o/odoo-210888/addons/hr_holidays/report/holidays_summary_report.py
2026-02-03 10:06:00,661 - Knowledge - INFO - Worker kw11 processing /app/data/T0002/210888/b48252o/odoo-210888/addons/hr_holidays/hr_holidays_wizard.xml
2026-02-03 10:06:00,677 - Knowledge - INFO - Worker kw17 processing /app/data/T0002/210888/b48252o/odoo-210888/addons/hr_holidays/report/__init__.py
2026-02-03 10:06:00,959 - Knowledge - INFO - Fast-tracked /app/data/T0002/210888/b48252o/odoo-210888/addons/hr_holidays/hr_holidays_wizard.xml (ext=.xml, size=686)
2026-02-03 10:06:00,971 - Knowledge - INFO - Async storing batch of 10 embeddings
2026-02-03 10:06:00,971 - Knowledge - INFO - process ingested knowledge for /app/data/T0002/210888/b48252o/odoo-210888/addons/google_map/google_map_wizard.xml
2026-02-03 10:06:01,058 - Knowledge - INFO - Worker kw11 processing /app/data/T0002/210888/b48252o/odoo-210888/addons/hr_holidays/hr_workflow.xml
2026-02-03 10:06:01,060 - Knowledge - INFO - Fast-tracked /app/data/T0002/210888/b48252o/odoo-210888/addons/hr_holidays/report/__init__.py (ext=.py, size=124)
2026-02-03 10:06:01,250 - Knowledge - INFO - Worker kw17 processing /app/data/T0002/210888/b48252o/odoo-210888/addons/hr_holidays/__terp__.py
2026-02-03 10:06:01,253 - Knowledge - INFO - Processing batch of 8 files
2026-02-03 10:06:01,253 - Knowledge - INFO - process ingested knowledge for /app/data/T0002/210888/b48252o/odoo-210888/addons/hr/security/hr_security.xml
2026-02-03 10:06:01,258 - Knowledge - INFO - Worker kw17 processing /app/data/T0002/210888/b48252o/odoo-210888/addons/hr_holidays/wizard/holidays_summary.py
2026-02-03 10:06:01,258 - Knowledge - INFO - Fast-tracked /app/data/T0002/210888/b48252o/odoo-210888/addons/hr_holidays/hr_workflow.xml (ext=.xml, size=2880)
2026-02-03 10:06:01,359 - Knowledge - INFO - Worker kw3 processing /app/data/T0002/210888/b48252o/odoo-210888/addons/sale_analytic_plans/sale_analytic_plans.py
2026-02-03 10:06:01,360 - Knowledge - INFO - [LLM_CALL] Completed: report_document.py:chunk1, Duration: 10505ms, PromptTokens: 3958, CompletionTokens: 356, Cost: $0.00054
2026-02-03 10:06:01,452 - Knowledge - INFO - Worker kw17 processing /app/data/T0002/210888/b48252o/odoo-210888/addons/hr_holidays/wizard/holidays_summary_employees.py
2026-02-03 10:06:01,463 - Knowledge - INFO - Worker kw11 processing /app/data/T0002/210888/b48252o/odoo-210888/addons/hr_holidays/hr_view.xml
2026-02-03 10:06:01,536 - Knowledge - INFO - Fast-tracked /app/data/T0002/210888/b48252o/odoo-210888/addons/sale_analytic_plans/sale_analytic_plans.py (ext=.py, size=1782)
2026-02-03 10:06:01,539 - Knowledge - INFO - done ingest for /app/data/T0002/210888/b48252o/odoo-210888/addons/report_document/report_document.py
2026-02-03 10:06:01,661 - Knowledge - INFO - Fast-tracked /app/data/T0002/210888/b48252o/odoo-210888/addons/hr_holidays/hr_view.xml (ext=.xml, size=13593)
2026-02-03 10:06:01,662 - Knowledge - INFO - Worker kw3 processing /app/data/T0002/210888/b48252o/odoo-210888/addons/sale_analytic_plans/__init__.py
2026-02-03 10:06:01,747 - Knowledge - INFO - Worker kw11 processing /app/data/T0002/210888/b48252o/odoo-210888/addons/hr_holidays/__init__.py
2026-02-03 10:06:01,748 - Knowledge - INFO - process ingested knowledge for /app/data/T0002/210888/b48252o/odoo-210888/addons/account_payment/payment_report.xml
2026-02-03 10:06:01,780 - Knowledge - INFO - Fast-tracked /app/data/T0002/210888/b48252o/odoo-210888/addons/hr_holidays/__init__.py (ext=.py, size=131)
2026-02-03 10:06:01,839 - Knowledge - INFO - Fast-tracked /app/data/T0002/210888/b48252o/odoo-210888/addons/sale_analytic_plans/__init__.py (ext=.py, size=1219)
2026-02-03 10:06:01,860 - Knowledge - INFO - Worker kw11 processing /app/data/T0002/210888/b48252o/odoo-210888/addons/hr_holidays/process/hr_holidays_process.xml
2026-02-03 10:06:01,873 - Knowledge - INFO - Fast-tracked /app/data/T0002/210888/b48252o/odoo-210888/addons/hr_holidays/process/hr_holidays_process.xml (ext=.xml, size=9646)
2026-02-03 10:06:01,937 - Knowledge - INFO - Worker kw3 processing /app/data/T0002/210888/b48252o/odoo-210888/addons/sale_analytic_plans/sale_analytic_plans_view.xml
2026-02-03 10:06:01,944 - Knowledge - INFO - Worker kw11 processing /app/data/T0002/210888/b48252o/odoo-210888/addons/sale_analytic_plans/__terp__.py
2026-02-03 10:06:01,967 - Knowledge - INFO - Fast-tracked /app/data/T0002/210888/b48252o/odoo-210888/addons/hr_holidays/__terp__.py (small file (2548 bytes))
2026-02-03 10:06:02,036 - Knowledge - INFO - Fast-tracked /app/data/T0002/210888/b48252o/odoo-210888/addons/sale_analytic_plans/sale_analytic_plans_view.xml (ext=.xml, size=1324)
2026-02-03 10:06:02,044 - Knowledge - INFO - Worker kw3 processing /app/data/T0002/210888/b48252o/odoo-210888/addons/l10n_ch_chart_c2c_pcg/wizard.xml
2026-02-03 10:06:02,048 - Knowledge - INFO - Fast-tracked /app/data/T0002/210888/b48252o/odoo-210888/addons/sale_analytic_plans/__terp__.py (ext=.py, size=1581)
2026-02-03 10:06:02,051 - Knowledge - INFO - Fast-tracked /app/data/T0002/210888/b48252o/odoo-210888/addons/l10n_ch_chart_c2c_pcg/wizard.xml (ext=.xml, size=959)
2026-02-03 10:06:02,065 - Knowledge - INFO - Worker kw3 processing /app/data/T0002/210888/b48252o/odoo-210888/addons/l10n_ch_chart_c2c_pcg/account.xml
2026-02-03 10:06:02,167 - Knowledge - INFO - Fast-tracked /app/data/T0002/210888/b48252o/odoo-210888/addons/l10n_ch_chart_c2c_pcg/account.xml (ext=.xml, size=579357)
2026-02-03 10:06:02,174 - Knowledge - INFO - Worker kw3 processing /app/data/T0002/210888/b48252o/odoo-210888/addons/l10n_ch_chart_c2c_pcg/vat.xml
2026-02-03 10:06:02,175 - Knowledge - INFO - Fast-tracked /app/data/T0002/210888/b48252o/odoo-210888/addons/hr_holidays/wizard/holidays_summary_employees.py (small file (2022 bytes))
2026-02-03 10:06:02,176 - Knowledge - INFO - Async storage completed for 8 embeddings
2026-02-03 10:06:02,237 - Knowledge - INFO - Fast-tracked /app/data/T0002/210888/b48252o/odoo-210888/addons/l10n_ch_chart_c2c_pcg/vat.xml (ext=.xml, size=22454)
2026-02-03 10:06:02,258 - Knowledge - INFO - Worker kw3 processing /app/data/T0002/210888/b48252o/odoo-210888/addons/l10n_ch_chart_c2c_pcg/__terp__.py
2026-02-03 10:06:02,270 - Knowledge - INFO - Async storage completed for 8 embeddings
2026-02-03 10:06:02,338 - Knowledge - INFO - Fast-tracked /app/data/T0002/210888/b48252o/odoo-210888/addons/l10n_ch_chart_c2c_pcg/__terp__.py (ext=.py, size=1994)
2026-02-03 10:06:02,365 - Knowledge - INFO - Worker kw3 processing /app/data/T0002/210888/b48252o/odoo-210888/addons/l10n_ch_chart_c2c_pcg/wizard/config.py
2026-02-03 10:06:02,577 - Knowledge - INFO - Async storing batch of 10 embeddings
2026-02-03 10:06:02,657 - Knowledge - INFO - process ingested knowledge for /app/data/T0002/210888/b48252o/odoo-210888/addons/account_balance/account_move_line.py
2026-02-03 10:06:02,659 - Knowledge - INFO - Worker kw12 processing /app/data/T0002/210888/b48252o/odoo-210888/addons/l10n_ch_chart_c2c_pcg/wizard/__init__.py
2026-02-03 10:06:02,675 - Knowledge - INFO - Fast-tracked /app/data/T0002/210888/b48252o/odoo-210888/addons/l10n_ch_chart_c2c_pcg/wizard/__init__.py (ext=.py, size=1296)
2026-02-03 10:06:02,746 - Knowledge - INFO - process ingested knowledge for /app/data/T0002/210888/b48252o/odoo-210888/addons/google_map/google_map_view.xml
2026-02-03 10:06:02,752 - Knowledge - INFO - Worker kw12 processing /app/data/T0002/210888/b48252o/odoo-210888/addons/l10n_ch_chart_c2c_pcg/tax_template_view.xml
2026-02-03 10:06:02,837 - Knowledge - INFO - Fast-tracked /app/data/T0002/210888/b48252o/odoo-210888/addons/l10n_ch_chart_c2c_pcg/tax_template_view.xml (ext=.xml, size=2279)
2026-02-03 10:06:02,858 - Knowledge - INFO - Worker kw12 processing /app/data/T0002/210888/b48252o/odoo-210888/addons/l10n_ch_chart_c2c_pcg/__init__.py
2026-02-03 10:06:02,955 - Knowledge - INFO - Fast-tracked /app/data/T0002/210888/b48252o/odoo-210888/addons/l10n_ch_chart_c2c_pcg/__init__.py (ext=.py, size=1228)
2026-02-03 10:06:02,959 - Knowledge - INFO - Async storage completed for 10 embeddings
2026-02-03 10:06:02,970 - Knowledge - INFO - Worker kw12 processing /app/data/T0002/210888/b48252o/odoo-210888/addons/base_module_publish/scripts/mtree_interface.php
2026-02-03 10:06:03,263 - Knowledge - INFO - Fast-tracked /app/data/T0002/210888/b48252o/odoo-210888/addons/base_module_publish/scripts/mtree_interface.php (ext=.php, size=681)
2026-02-03 10:06:03,264 - Knowledge - INFO - Worker kw12 processing /app/data/T0002/210888/b48252o/odoo-210888/addons/base_module_publish/scripts/mtree_upload.php
2026-02-03 10:06:03,537 - Knowledge - INFO - Fast-tracked /app/data/T0002/210888/b48252o/odoo-210888/addons/base_module_publish/scripts/mtree_upload.php (ext=.php, size=1025)
2026-02-03 10:06:03,540 - Knowledge - INFO - Worker kw12 processing /app/data/T0002/210888/b48252o/odoo-210888/addons/base_module_publish/__terp__.py
2026-02-03 10:06:03,556 - Knowledge - INFO - process ingested knowledge for /app/data/T0002/210888/b48252o/odoo-210888/addons/point_of_sale/__init__.py
2026-02-03 10:06:03,572 - Knowledge - INFO - Fast-tracked /app/data/T0002/210888/b48252o/odoo-210888/addons/base_module_publish/__terp__.py (ext=.py, size=1821)
2026-02-03 10:06:03,645 - Knowledge - INFO - Worker kw12 processing /app/data/T0002/210888/b48252o/odoo-210888/addons/base_module_publish/wizard/wizard_module_export.py
2026-02-03 10:06:03,746 - Knowledge - INFO - Worker kw12 processing /app/data/T0002/210888/b48252o/odoo-210888/addons/base_module_publish/wizard/base_module_publish_all.py
2026-02-03 10:06:04,039 - Knowledge - INFO - Fast-tracked /app/data/T0002/210888/b48252o/odoo-210888/addons/base_module_publish/wizard/wizard_module_export.py (small file (2516 bytes))
2026-02-03 10:06:04,581 - Knowledge - INFO - process ingested knowledge for /app/data/T0002/210888/b48252o/odoo-210888/addons/scrum/report/__init__.py
2026-02-03 10:06:04,740 - Knowledge - INFO - Async storage completed for 10 embeddings
2026-02-03 10:06:04,764 - Knowledge - INFO - [kw8] Queue=777, InProgress=0, PendingWorkers=20/20, Completed=414/1263 (32.8%)
2026-02-03 10:06:04,863 - Knowledge - INFO - process ingested knowledge for /app/data/T0002/210888/b48252o/odoo-210888/addons/google_map/__init__.py
2026-02-03 10:06:04,960 - Knowledge - INFO - process ingested knowledge for /app/data/T0002/210888/b48252o/odoo-210888/addons/account_payment/security/account_payment_security.xml
2026-02-03 10:06:04,970 - Knowledge - INFO - Batch sizing: calculated=8, max_allowed=10, queue=777, active_workers=20/20
2026-02-03 10:06:04,970 - Knowledge - INFO - process ingested knowledge for /app/data/T0002/210888/b48252o/odoo-210888/addons/report_project/__terp__.py
2026-02-03 10:06:05,469 - Knowledge - INFO - process ingested knowledge for /app/data/T0002/210888/b48252o/odoo-210888/addons/scrum/__terp__.py
2026-02-03 10:06:06,873 - Knowledge - INFO - [LLM_CALL] Completed: warning.py:chunk1, Duration: 15604ms, PromptTokens: 6070, CompletionTokens: 610, Cost: $0.00085
2026-02-03 10:06:06,939 - Knowledge - INFO - done ingest for /app/data/T0002/210888/b48252o/odoo-210888/addons/warning/warning.py
2026-02-03 10:06:07,663 - Knowledge - INFO - process ingested knowledge for /app/data/T0002/210888/b48252o/odoo-210888/addons/account_payment/report/payment_order.py
2026-02-03 10:06:07,670 - Knowledge - INFO - process ingested knowledge for /app/data/T0002/210888/b48252o/odoo-210888/addons/report_project/report_project.py
2026-02-03 10:06:07,736 - Knowledge - INFO - process ingested knowledge for /app/data/T0002/210888/b48252o/odoo-210888/addons/scrum/scrum.py
2026-02-03 10:06:09,660 - Knowledge - INFO - process ingested knowledge for /app/data/T0002/210888/b48252o/odoo-210888/addons/hr/hr_department.py
2026-02-03 10:06:09,747 - Knowledge - INFO - Async storing batch of 8 embeddings
2026-02-03 10:06:09,939 - Knowledge - INFO - Worker kw8 processing /app/data/T0002/210888/b48252o/odoo-210888/addons/base_module_publish/wizard/base_module_publish.py
2026-02-03 10:06:09,975 - Knowledge - INFO - Worker kw8 processing /app/data/T0002/210888/b48252o/odoo-210888/addons/base_module_publish/wizard/__init__.py
2026-02-03 10:06:10,357 - Knowledge - INFO - Fast-tracked /app/data/T0002/210888/b48252o/odoo-210888/addons/base_module_publish/wizard/__init__.py (ext=.py, size=1145)
2026-02-03 10:06:10,367 - Knowledge - INFO - Worker kw8 processing /app/data/T0002/210888/b48252o/odoo-210888/addons/base_module_publish/wizard/module_zip.py
2026-02-03 10:06:10,554 - Knowledge - INFO - Fast-tracked /app/data/T0002/210888/b48252o/odoo-210888/addons/base_module_publish/wizard/module_zip.py (ext=.py, size=1682)
2026-02-03 10:06:10,566 - Knowledge - INFO - Worker kw8 processing /app/data/T0002/210888/b48252o/odoo-210888/addons/base_module_publish/base_module_publish_wizard.xml
2026-02-03 10:06:10,843 - Knowledge - INFO - Fast-tracked /app/data/T0002/210888/b48252o/odoo-210888/addons/base_module_publish/base_module_publish_wizard.xml (ext=.xml, size=570)
2026-02-03 10:06:10,942 - Knowledge - INFO - Worker kw8 processing /app/data/T0002/210888/b48252o/odoo-210888/addons/base_module_publish/__init__.py
2026-02-03 10:06:11,257 - Knowledge - INFO - Fast-tracked /app/data/T0002/210888/b48252o/odoo-210888/addons/base_module_publish/__init__.py (ext=.py, size=1073)
2026-02-03 10:06:11,257 - Knowledge - INFO - Worker kw8 processing /app/data/T0002/210888/b48252o/odoo-210888/addons/base_report_designer/__terp__.py
2026-02-03 10:06:11,448 - Knowledge - INFO - Fast-tracked /app/data/T0002/210888/b48252o/odoo-210888/addons/base_report_designer/__terp__.py (ext=.py, size=1566)
2026-02-03 10:06:11,468 - Knowledge - INFO - Worker kw8 processing /app/data/T0002/210888/b48252o/odoo-210888/addons/base_report_designer/base_report_data.xml
2026-02-03 10:06:11,679 - Knowledge - INFO - Fast-tracked /app/data/T0002/210888/b48252o/odoo-210888/addons/base_report_designer/base_report_data.xml (ext=.xml, size=894)
2026-02-03 10:06:11,747 - Knowledge - INFO - Worker kw8 processing /app/data/T0002/210888/b48252o/odoo-210888/addons/base_report_designer/wizard/base_report_designer_modify.py
2026-02-03 10:06:12,962 - Knowledge - INFO - process ingested knowledge for /app/data/T0002/210888/b48252o/odoo-210888/addons/account_payment/report/__init__.py
2026-02-03 10:06:13,267 - Knowledge - INFO - Async storage completed for 8 embeddings
2026-02-03 10:06:17,349 - Knowledge - INFO - process ingested knowledge for /app/data/T0002/210888/b48252o/odoo-210888/addons/hr/hr_department_view.xml
2026-02-03 10:06:18,337 - Knowledge - INFO - process ingested knowledge for /app/data/T0002/210888/b48252o/odoo-210888/addons/report_project/report_project_view.xml
2026-02-03 10:06:18,381 - Knowledge - INFO - process ingested knowledge for /app/data/T0002/210888/b48252o/odoo-210888/addons/account_payment/account_invoice_view.xml
2026-02-03 10:06:20,865 - Knowledge - INFO - [LLM_CALL] Completed: base_module_publish_all.py:chunk1, Duration: 16318ms, PromptTokens: 3900, CompletionTokens: 293, Cost: $0.00051
2026-02-03 10:06:20,876 - Knowledge - INFO - done ingest for /app/data/T0002/210888/b48252o/odoo-210888/addons/base_module_publish/wizard/base_module_publish_all.py
2026-02-03 10:06:21,767 - Knowledge - INFO - [LLM_CALL] Completed: report_purchase.py:chunk1, Duration: 25500ms, PromptTokens: 2982, CompletionTokens: 290, Cost: $0.00041
2026-02-03 10:06:21,836 - Knowledge - INFO - done ingest for /app/data/T0002/210888/b48252o/odoo-210888/addons/report_purchase/report_purchase.py
2026-02-03 10:06:23,437 - Knowledge - INFO - process ingested knowledge for /app/data/T0002/210888/b48252o/odoo-210888/addons/hr/__terp__.py
2026-02-03 10:06:26,070 - Knowledge - INFO - [LLM_CALL] Completed: makesale.py:chunk1, Duration: 26732ms, PromptTokens: 3906, CompletionTokens: 383, Cost: $0.00054
2026-02-03 10:06:26,071 - Knowledge - INFO - done ingest for /app/data/T0002/210888/b48252o/odoo-210888/addons/sale_crm/wizard/makesale.py
2026-02-03 10:06:26,370 - Knowledge - INFO - [LLM_CALL] Completed: holidays_summary_report.py:chunk1, Duration: 24617ms, PromptTokens: 5548, CompletionTokens: 329, Cost: $0.00069
2026-02-03 10:06:26,371 - Knowledge - INFO - done ingest for /app/data/T0002/210888/b48252o/odoo-210888/addons/hr_holidays/report/holidays_summary_report.py
2026-02-03 10:06:28,459 - Knowledge - INFO - [LLM_CALL] Completed: holidays_summary.py:chunk1, Duration: 26409ms, PromptTokens: 2460, CompletionTokens: 246, Cost: $0.00034
2026-02-03 10:06:28,459 - Knowledge - INFO - done ingest for /app/data/T0002/210888/b48252o/odoo-210888/addons/hr_holidays/wizard/holidays_summary.py
2026-02-03 10:06:28,868 - Knowledge - INFO - [LLM_CALL] Completed: config.py:chunk1, Duration: 26102ms, PromptTokens: 3240, CompletionTokens: 482, Cost: $0.00052
2026-02-03 10:06:28,871 - Knowledge - INFO - done ingest for /app/data/T0002/210888/b48252o/odoo-210888/addons/l10n_ch_chart_c2c_pcg/wizard/config.py
2026-02-03 10:06:29,553 - Knowledge - INFO - [LLM_CALL] Completed: makecase.py:chunk1, Duration: 29779ms, PromptTokens: 2368, CompletionTokens: 299, Cost: $0.00036
2026-02-03 10:06:29,564 - Knowledge - INFO - done ingest for /app/data/T0002/210888/b48252o/odoo-210888/addons/sale_crm/wizard/makecase.py
2026-02-03 10:06:30,751 - Knowledge - INFO - [LLM_CALL] Completed: base_contact.py:chunk1, Duration: 34905ms, PromptTokens: 4356, CompletionTokens: 457, Cost: $0.00062
2026-02-03 10:06:30,751 - Knowledge - INFO - done ingest for /app/data/T0002/210888/b48252o/odoo-210888/addons/base_contact/base_contact.py
2026-02-03 10:06:32,762 - Knowledge - INFO - process ingested knowledge for /app/data/T0002/210888/b48252o/odoo-210888/addons/hr/hr.py
2026-02-03 10:06:33,673 - Knowledge - INFO - process ingested knowledge for /app/data/T0002/210888/b48252o/odoo-210888/addons/account_payment/__terp__.py
2026-02-03 10:06:33,747 - Knowledge - INFO - Processing batch of 8 files
2026-02-03 10:06:33,770 - Knowledge - INFO - process ingested knowledge for /app/data/T0002/210888/b48252o/odoo-210888/addons/account_payment/wizard/wizard_pay.py
2026-02-03 10:06:34,737 - Knowledge - INFO - process ingested knowledge for /app/data/T0002/210888/b48252o/odoo-210888/addons/hr/hr_demo.xml
2026-02-03 10:06:35,078 - Knowledge - INFO - [LLM_CALL] Completed: base_module_publish.py:chunk1, Duration: 23033ms, PromptTokens: 7154, CompletionTokens: 481, Cost: $0.00091
2026-02-03 10:06:35,141 - Knowledge - INFO - done ingest for /app/data/T0002/210888/b48252o/odoo-210888/addons/base_module_publish/wizard/base_module_publish.py
2026-02-03 10:06:36,656 - Knowledge - INFO - process ingested knowledge for /app/data/T0002/210888/b48252o/odoo-210888/addons/account_payment/wizard/wizard_populate_statement.py
2026-02-03 10:06:37,560 - Knowledge - INFO - [LLM_CALL] Completed: hr.py:chunk1, Duration: 35387ms, PromptTokens: 8582, CompletionTokens: 972, Cost: $0.00125
2026-02-03 10:06:37,560 - Knowledge - INFO - done ingest for /app/data/T0002/210888/b48252o/odoo-210888/addons/hr_holidays/hr.py
2026-02-03 10:06:38,038 - Knowledge - INFO - process ingested knowledge for /app/data/T0002/210888/b48252o/odoo-210888/addons/account_payment/wizard/wizard_payment_order.py
2026-02-03 10:06:38,045 - Knowledge - INFO - process ingested knowledge for /app/data/T0002/210888/b48252o/odoo-210888/addons/hr/hr_view.xml
2026-02-03 10:06:39,364 - Knowledge - INFO - process ingested knowledge for /app/data/T0002/210888/b48252o/odoo-210888/addons/account_payment/wizard/__init__.py
2026-02-03 10:06:39,761 - Knowledge - INFO - process ingested knowledge for /app/data/T0002/210888/b48252o/odoo-210888/addons/hr/__init__.py
2026-02-03 10:06:40,357 - Knowledge - INFO - Processing batch of 8 files
2026-02-03 10:06:40,360 - Knowledge - INFO - process ingested knowledge for /app/data/T0002/210888/b48252o/odoo-210888/addons/board_auction/board_auction_demo.xml
2026-02-03 10:06:40,967 - Knowledge - INFO - process ingested knowledge for /app/data/T0002/210888/b48252o/odoo-210888/addons/account_payment/account_move_line.py
2026-02-03 10:06:41,246 - Knowledge - INFO - [LLM_CALL] Completed: base_report_designer_modify.py:chunk1, Duration: 28400ms, PromptTokens: 4226, CompletionTokens: 449, Cost: $0.00060
2026-02-03 10:06:41,249 - Knowledge - INFO - done ingest for /app/data/T0002/210888/b48252o/odoo-210888/addons/base_report_designer/wizard/base_report_designer_modify.py
2026-02-03 10:06:41,570 - Knowledge - INFO - Processing batch of 8 files
2026-02-03 10:06:41,570 - Knowledge - INFO - process ingested knowledge for /app/data/T0002/210888/b48252o/odoo-210888/addons/account_payment/__init__.py
2026-02-03 10:06:42,352 - Knowledge - INFO - process ingested knowledge for /app/data/T0002/210888/b48252o/odoo-210888/addons/board_auction/board_auction_view.xml
2026-02-03 10:06:42,570 - Knowledge - INFO - process ingested knowledge for /app/data/T0002/210888/b48252o/odoo-210888/addons/account_payment/payment_sequence.xml
2026-02-03 10:06:42,638 - Knowledge - INFO - [WEBSOCKET] Sent: Type=progress_update, Size: 296, Duration: 0ms
2026-02-03 10:06:42,640 - Knowledge - INFO - Processing batch of 8 files
2026-02-03 10:06:42,640 - Knowledge - INFO - [WEBSOCKET] Sent: Type=unknown, Size: ?, Duration: 2ms
2026-02-03 10:06:42,641 - Knowledge - INFO - process ingested knowledge for /app/data/T0002/210888/b48252o/odoo-210888/addons/analytic_journal_billing_rate/analytic_journal_billing_rate_view.xml
2026-02-03 10:06:42,642 - Knowledge - INFO - Progress: 36.8% | Files: 467/1263 | Rate: 0.99 files/sec | Queue: 769
2026-02-03 10:06:42,877 - Knowledge - INFO - process ingested knowledge for /app/data/T0002/210888/b48252o/odoo-210888/addons/account_payment/payment_view.xml
2026-02-03 10:06:43,344 - Knowledge - INFO - process ingested knowledge for /app/data/T0002/210888/b48252o/odoo-210888/addons/board_auction/__init__.py
2026-02-03 10:06:43,346 - Knowledge - INFO - process ingested knowledge for /app/data/T0002/210888/b48252o/odoo-210888/addons/account_payment/payment.py
2026-02-03 10:06:43,352 - Knowledge - INFO - process ingested knowledge for /app/data/T0002/210888/b48252o/odoo-210888/addons/analytic_journal_billing_rate/__init__.py
2026-02-03 10:06:43,352 - Knowledge - INFO - [kw10] Queue=769, InProgress=0, PendingWorkers=20/20, Completed=472/1263 (37.4%)
2026-02-03 10:06:43,356 - Knowledge - INFO - Batch sizing: calculated=8, max_allowed=10, queue=769, active_workers=20/20
2026-02-03 10:06:43,838 - Knowledge - INFO - process ingested knowledge for /app/data/T0002/210888/b48252o/odoo-210888/addons/report_mrp/__terp__.py
2026-02-03 10:06:43,839 - Knowledge - INFO - [kw7] Queue=769, InProgress=0, PendingWorkers=20/20, Completed=472/1263 (37.4%)
2026-02-03 10:06:43,845 - Knowledge - INFO - Batch sizing: calculated=8, max_allowed=10, queue=769, active_workers=20/20
2026-02-03 10:06:44,040 - Knowledge - INFO - process ingested knowledge for /app/data/T0002/210888/b48252o/odoo-210888/addons/warning/__terp__.py
2026-02-03 10:06:44,041 - Knowledge - INFO - process ingested knowledge for /app/data/T0002/210888/b48252o/odoo-210888/addons/account_payment/payment_wizard.xml
2026-02-03 10:06:44,042 - Knowledge - INFO - process ingested knowledge for /app/data/T0002/210888/b48252o/odoo-210888/addons/report_document/__terp__.py
2026-02-03 10:06:44,043 - Knowledge - INFO - Async storing batch of 8 embeddings
2026-02-03 10:06:44,047 - Knowledge - INFO - Worker kw10 processing /app/data/T0002/210888/b48252o/odoo-210888/addons/base_report_designer/wizard/tiny_sxw2rml/tiny_sxw2rml.py
2026-02-03 10:06:44,050 - Knowledge - INFO - Worker kw10 processing /app/data/T0002/210888/b48252o/odoo-210888/addons/base_report_designer/wizard/tiny_sxw2rml/__init__.py
2026-02-03 10:06:44,052 - Knowledge - INFO - Fast-tracked /app/data/T0002/210888/b48252o/odoo-210888/addons/base_report_designer/wizard/tiny_sxw2rml/__init__.py (ext=.py, size=1091)
2026-02-03 10:06:44,052 - Knowledge - INFO - Worker kw10 processing /app/data/T0002/210888/b48252o/odoo-210888/addons/base_report_designer/wizard/__init__.py
2026-02-03 10:06:44,054 - Knowledge - INFO - Fast-tracked /app/data/T0002/210888/b48252o/odoo-210888/addons/base_report_designer/wizard/__init__.py (ext=.py, size=1093)
2026-02-03 10:06:44,054 - Knowledge - INFO - Worker kw10 processing /app/data/T0002/210888/b48252o/odoo-210888/addons/base_report_designer/base_report_designer_wizard.xml
2026-02-03 10:06:44,056 - Knowledge - INFO - Fast-tracked /app/data/T0002/210888/b48252o/odoo-210888/addons/base_report_designer/base_report_designer_wizard.xml (ext=.xml, size=397)
2026-02-03 10:06:44,057 - Knowledge - INFO - Worker kw10 processing /app/data/T0002/210888/b48252o/odoo-210888/addons/base_report_designer/base_report_designer.py
2026-02-03 10:06:44,059 - Knowledge - INFO - Worker kw10 processing /app/data/T0002/210888/b48252o/odoo-210888/addons/base_report_designer/__init__.py
2026-02-03 10:06:44,063 - Knowledge - INFO - Processing batch of 8 files
2026-02-03 10:06:44,139 - Knowledge - INFO - Fast-tracked /app/data/T0002/210888/b48252o/odoo-210888/addons/base_report_designer/__init__.py (ext=.py, size=1100)
2026-02-03 10:06:44,139 - Knowledge - INFO - process ingested knowledge for /app/data/T0002/210888/b48252o/odoo-210888/addons/sale_analytic_plans/sale_analytic_plans.py
2026-02-03 10:06:44,142 - Knowledge - INFO - Worker kw10 processing /app/data/T0002/210888/b48252o/odoo-210888/addons/report_analytic_planning/report_analytic_planning_report.xml
2026-02-03 10:06:44,143 - Knowledge - INFO - Processing batch of 8 files
2026-02-03 10:06:44,158 - Knowledge - INFO - Fast-tracked /app/data/T0002/210888/b48252o/odoo-210888/addons/report_analytic_planning/report_analytic_planning_report.xml (ext=.xml, size=285)
2026-02-03 10:06:44,159 - Knowledge - INFO - process ingested knowledge for /app/data/T0002/210888/b48252o/odoo-210888/addons/sale_crm/sale_crm_view.xml
2026-02-03 10:06:44,159 - Knowledge - INFO - Worker kw10 processing /app/data/T0002/210888/b48252o/odoo-210888/addons/report_analytic_planning/report/__init__.py
2026-02-03 10:06:44,163 - Knowledge - INFO - Fast-tracked /app/data/T0002/210888/b48252o/odoo-210888/addons/report_analytic_planning/report/__init__.py (ext=.py, size=1059)
2026-02-03 10:06:44,187 - Knowledge - INFO - Async storage completed for 8 embeddings
2026-02-03 10:06:44,859 - Knowledge - INFO - process ingested knowledge for /app/data/T0002/210888/b48252o/odoo-210888/addons/report_mrp/report_mrp.py
2026-02-03 10:06:44,861 - Knowledge - INFO - Async storing batch of 8 embeddings
2026-02-03 10:06:44,861 - Knowledge - INFO - [kw5] Queue=753, InProgress=0, PendingWorkers=20/20, Completed=477/1263 (37.8%)
2026-02-03 10:06:44,862 - Knowledge - INFO - Worker kw7 processing /app/data/T0002/210888/b48252o/odoo-210888/addons/report_analytic_planning/__terp__.py
2026-02-03 10:06:44,864 - Knowledge - INFO - Batch sizing: calculated=8, max_allowed=10, queue=753, active_workers=20/20
2026-02-03 10:06:44,866 - Knowledge - INFO - Fast-tracked /app/data/T0002/210888/b48252o/odoo-210888/addons/report_analytic_planning/__terp__.py (ext=.py, size=1700)
2026-02-03 10:06:44,867 - Knowledge - INFO - Worker kw7 processing /app/data/T0002/210888/b48252o/odoo-210888/addons/report_analytic_planning/report_analytic_planning.py
2026-02-03 10:06:44,873 - Knowledge - INFO - Worker kw7 processing /app/data/T0002/210888/b48252o/odoo-210888/addons/report_analytic_planning/__init__.py
2026-02-03 10:06:44,875 - Knowledge - INFO - Fast-tracked /app/data/T0002/210888/b48252o/odoo-210888/addons/report_analytic_planning/__init__.py (ext=.py, size=1105)
2026-02-03 10:06:44,875 - Knowledge - INFO - Worker kw7 processing /app/data/T0002/210888/b48252o/odoo-210888/addons/report_analytic_planning/report_analytic_planning_view.xml
2026-02-03 10:06:44,942 - Knowledge - INFO - Fast-tracked /app/data/T0002/210888/b48252o/odoo-210888/addons/report_analytic_planning/report_analytic_planning_view.xml (ext=.xml, size=10999)
2026-02-03 10:06:44,952 - Knowledge - INFO - Worker kw7 processing /app/data/T0002/210888/b48252o/odoo-210888/addons/board_document/__terp__.py
2026-02-03 10:06:44,959 - Knowledge - INFO - Fast-tracked /app/data/T0002/210888/b48252o/odoo-210888/addons/board_document/__terp__.py (ext=.py, size=1496)
2026-02-03 10:06:44,959 - Knowledge - INFO - Worker kw7 processing /app/data/T0002/210888/b48252o/odoo-210888/addons/board_document/board_document_demo.xml
2026-02-03 10:06:45,045 - Knowledge - INFO - Fast-tracked /app/data/T0002/210888/b48252o/odoo-210888/addons/board_document/board_document_demo.xml (ext=.xml, size=545)
2026-02-03 10:06:45,052 - Knowledge - INFO - Worker kw7 processing /app/data/T0002/210888/b48252o/odoo-210888/addons/board_document/__init__.py
2026-02-03 10:06:45,061 - Knowledge - INFO - Fast-tracked /app/data/T0002/210888/b48252o/odoo-210888/addons/board_document/__init__.py (ext=.py, size=66)
2026-02-03 10:06:45,067 - Knowledge - INFO - Worker kw7 processing /app/data/T0002/210888/b48252o/odoo-210888/addons/board_document/board_document_view.xml
2026-02-03 10:06:45,146 - Knowledge - INFO - Fast-tracked /app/data/T0002/210888/b48252o/odoo-210888/addons/board_document/board_document_view.xml (ext=.xml, size=4548)
2026-02-03 10:06:45,269 - Knowledge - INFO - Async storage completed for 8 embeddings
2026-02-03 10:06:45,650 - Knowledge - INFO - process ingested knowledge for /app/data/T0002/210888/b48252o/odoo-210888/addons/warning/warning.py
2026-02-03 10:06:45,652 - Knowledge - INFO - process ingested knowledge for /app/data/T0002/210888/b48252o/odoo-210888/addons/account_payment/payment_workflow.xml
2026-02-03 10:06:45,653 - Knowledge - INFO - process ingested knowledge for /app/data/T0002/210888/b48252o/odoo-210888/addons/report_document/report_document.py
2026-02-03 10:06:45,654 - Knowledge - INFO - process ingested knowledge for /app/data/T0002/210888/b48252o/odoo-210888/addons/sale_analytic_plans/__init__.py
2026-02-03 10:06:45,838 - Knowledge - INFO - Processing batch of 8 files
2026-02-03 10:06:45,866 - Knowledge - INFO - process ingested knowledge for /app/data/T0002/210888/b48252o/odoo-210888/addons/base_contact/base_contact_demo.xml
2026-02-03 10:06:47,445 - Knowledge - INFO - process ingested knowledge for /app/data/T0002/210888/b48252o/odoo-210888/addons/report_mrp/report_mrp_view.xml
2026-02-03 10:06:47,464 - Knowledge - INFO - process ingested knowledge for /app/data/T0002/210888/b48252o/odoo-210888/addons/warning/__init__.py
2026-02-03 10:06:47,573 - Knowledge - INFO - process ingested knowledge for /app/data/T0002/210888/b48252o/odoo-210888/addons/report_document/report_document_view.xml
2026-02-03 10:06:47,638 - Knowledge - INFO - process ingested knowledge for /app/data/T0002/210888/b48252o/odoo-210888/addons/base_contact/base_contact.py
2026-02-03 10:06:47,651 - Knowledge - INFO - Processing batch of 8 files
2026-02-03 10:06:47,666 - Knowledge - INFO - Async storing batch of 8 embeddings
2026-02-03 10:06:47,836 - Knowledge - INFO - process ingested knowledge for /app/data/T0002/210888/b48252o/odoo-210888/addons/report_purchase/report_purchase_view.xml
2026-02-03 10:06:47,968 - Knowledge - INFO - Processing batch of 8 files
2026-02-03 10:06:48,039 - Knowledge - INFO - process ingested knowledge for /app/data/T0002/210888/b48252o/odoo-210888/addons/l10n_ch_chart_c2c_pcg/wizard/__init__.py
2026-02-03 10:06:48,051 - Knowledge - INFO - Worker kw5 processing /app/data/T0002/210888/b48252o/odoo-210888/addons/account_reporting/account.py
2026-02-03 10:06:48,063 - Knowledge - INFO - Worker kw5 processing /app/data/T0002/210888/b48252o/odoo-210888/addons/account_reporting/report/account_report_bs.py
2026-02-03 10:06:48,158 - Knowledge - INFO - Worker kw5 processing /app/data/T0002/210888/b48252o/odoo-210888/addons/account_reporting/report/__init__.py
2026-02-03 10:06:48,256 - Knowledge - INFO - Fast-tracked /app/data/T0002/210888/b48252o/odoo-210888/addons/account_reporting/report/__init__.py (ext=.py, size=1083)
2026-02-03 10:06:48,256 - Knowledge - INFO - Worker kw5 processing /app/data/T0002/210888/b48252o/odoo-210888/addons/account_reporting/account_view.xml
2026-02-03 10:06:48,271 - Knowledge - INFO - [kw6] Queue=745, InProgress=0, PendingWorkers=20/20, Completed=483/1263 (38.2%)
2026-02-03 10:06:48,272 - Knowledge - INFO - process ingested knowledge for /app/data/T0002/210888/b48252o/odoo-210888/addons/hr_holidays/hr_holidays_report.xml
2026-02-03 10:06:48,352 - Knowledge - INFO - process ingested knowledge for /app/data/T0002/210888/b48252o/odoo-210888/addons/warning/warning_view.xml
2026-02-03 10:06:48,353 - Knowledge - INFO - Batch sizing: calculated=8, max_allowed=10, queue=745, active_workers=20/20
2026-02-03 10:06:48,436 - Knowledge - INFO - Fast-tracked /app/data/T0002/210888/b48252o/odoo-210888/addons/account_reporting/account_view.xml (ext=.xml, size=2907)
2026-02-03 10:06:48,457 - Knowledge - INFO - Worker kw5 processing /app/data/T0002/210888/b48252o/odoo-210888/addons/account_reporting/__terp__.py
2026-02-03 10:06:48,550 - Knowledge - INFO - Fast-tracked /app/data/T0002/210888/b48252o/odoo-210888/addons/account_reporting/__terp__.py (ext=.py, size=1596)
2026-02-03 10:06:48,650 - Knowledge - INFO - Worker kw5 processing /app/data/T0002/210888/b48252o/odoo-210888/addons/account_reporting/wizard/wizard_account_balance_report.py
2026-02-03 10:06:48,738 - Knowledge - INFO - Worker kw5 processing /app/data/T0002/210888/b48252o/odoo-210888/addons/account_reporting/wizard/__init__.py
2026-02-03 10:06:48,767 - Knowledge - INFO - Fast-tracked /app/data/T0002/210888/b48252o/odoo-210888/addons/account_reporting/wizard/__init__.py (ext=.py, size=1095)
2026-02-03 10:06:48,774 - Knowledge - INFO - Worker kw5 processing /app/data/T0002/210888/b48252o/odoo-210888/addons/account_reporting/account_data.xml
2026-02-03 10:06:48,846 - Knowledge - INFO - Fast-tracked /app/data/T0002/210888/b48252o/odoo-210888/addons/account_reporting/account_data.xml (ext=.xml, size=12443)
2026-02-03 10:06:49,070 - Knowledge - INFO - process ingested knowledge for /app/data/T0002/210888/b48252o/odoo-210888/addons/report_document/__init__.py
2026-02-03 10:06:49,144 - Knowledge - INFO - process ingested knowledge for /app/data/T0002/210888/b48252o/odoo-210888/addons/report_mrp/__init__.py
2026-02-03 10:06:49,260 - Knowledge - INFO - process ingested knowledge for /app/data/T0002/210888/b48252o/odoo-210888/addons/sale_analytic_plans/sale_analytic_plans_view.xml
2026-02-03 10:06:49,582 - Knowledge - INFO - Async storage completed for 8 embeddings
2026-02-03 10:06:50,056 - Knowledge - INFO - process ingested knowledge for /app/data/T0002/210888/b48252o/odoo-210888/addons/base_contact/__terp__.py
2026-02-03 10:06:50,071 - Knowledge - INFO - Async storing batch of 8 embeddings
2026-02-03 10:06:50,071 - Knowledge - INFO - [kw4] Queue=737, InProgress=0, PendingWorkers=20/20, Completed=488/1263 (38.6%)
2026-02-03 10:06:50,073 - Knowledge - INFO - Worker kw6 processing /app/data/T0002/210888/b48252o/odoo-210888/addons/account_reporting/__init__.py
2026-02-03 10:06:50,140 - Knowledge - INFO - Batch sizing: calculated=8, max_allowed=10, queue=737, active_workers=20/20
2026-02-03 10:06:50,142 - Knowledge - INFO - [kw20] Queue=737, InProgress=0, PendingWorkers=20/20, Completed=488/1263 (38.6%)
2026-02-03 10:06:50,152 - Knowledge - INFO - process ingested knowledge for /app/data/T0002/210888/b48252o/odoo-210888/addons/base_contact/__init__.py
2026-02-03 10:06:50,162 - Knowledge - INFO - process ingested knowledge for /app/data/T0002/210888/b48252o/odoo-210888/addons/sale_crm/__terp__.py
2026-02-03 10:06:50,163 - Knowledge - INFO - Fast-tracked /app/data/T0002/210888/b48252o/odoo-210888/addons/account_reporting/__init__.py (ext=.py, size=1101)
2026-02-03 10:06:50,163 - Knowledge - INFO - process ingested knowledge for /app/data/T0002/210888/b48252o/odoo-210888/addons/l10n_ch_chart_c2c_pcg/tax_template_view.xml
2026-02-03 10:06:50,262 - Knowledge - INFO - Batch sizing: calculated=8, max_allowed=10, queue=737, active_workers=20/20
2026-02-03 10:06:50,353 - Knowledge - INFO - Worker kw6 processing /app/data/T0002/210888/b48252o/odoo-210888/addons/account_reporting/account_report.xml
2026-02-03 10:06:50,471 - Knowledge - INFO - Fast-tracked /app/data/T0002/210888/b48252o/odoo-210888/addons/account_reporting/account_report.xml (ext=.xml, size=450)
2026-02-03 10:06:50,546 - Knowledge - INFO - Worker kw6 processing /app/data/T0002/210888/b48252o/odoo-210888/addons/account_invoice_layout/account_invoice_layout_report.xml
2026-02-03 10:06:50,656 - Knowledge - INFO - Fast-tracked /app/data/T0002/210888/b48252o/odoo-210888/addons/account_invoice_layout/account_invoice_layout_report.xml (ext=.xml, size=715)
2026-02-03 10:06:50,743 - Knowledge - INFO - Worker kw6 processing /app/data/T0002/210888/b48252o/odoo-210888/addons/account_invoice_layout/report/special_message_invoice.py
2026-02-03 10:06:50,856 - Knowledge - INFO - Worker kw6 processing /app/data/T0002/210888/b48252o/odoo-210888/addons/account_invoice_layout/report/report_account_invoice_layout.py
2026-02-03 10:06:50,873 - Knowledge - INFO - process ingested knowledge for /app/data/T0002/210888/b48252o/odoo-210888/addons/l10n_ch_chart_c2c_pcg/wizard.xml
2026-02-03 10:06:50,882 - Knowledge - INFO - Worker kw6 processing /app/data/T0002/210888/b48252o/odoo-210888/addons/account_invoice_layout/report/__init__.py
2026-02-03 10:06:50,965 - Knowledge - INFO - Fast-tracked /app/data/T0002/210888/b48252o/odoo-210888/addons/account_invoice_layout/report/__init__.py (ext=.py, size=1125)
2026-02-03 10:06:50,965 - Knowledge - INFO - Worker kw6 processing /app/data/T0002/210888/b48252o/odoo-210888/addons/account_invoice_layout/__terp__.py
2026-02-03 10:06:51,058 - Knowledge - INFO - Worker kw6 processing /app/data/T0002/210888/b48252o/odoo-210888/addons/account_invoice_layout/wizard/invoice_special_message.py
2026-02-03 10:06:51,061 - Knowledge - INFO - Processing batch of 8 files
2026-02-03 10:06:51,155 - Knowledge - INFO - Fast-tracked /app/data/T0002/210888/b48252o/odoo-210888/addons/account_invoice_layout/wizard/invoice_special_message.py (ext=.py, size=1792)
2026-02-03 10:06:51,182 - Knowledge - INFO - process ingested knowledge for /app/data/T0002/210888/b48252o/odoo-210888/addons/hr_holidays/wizard/__init__.py
2026-02-03 10:06:51,754 - Knowledge - INFO - Async storing batch of 8 embeddings
2026-02-03 10:06:51,755 - Knowledge - INFO - process ingested knowledge for /app/data/T0002/210888/b48252o/odoo-210888/addons/base_contact/base_contact_view.xml
2026-02-03 10:06:52,060 - Knowledge - INFO - Worker kw4 processing /app/data/T0002/210888/b48252o/odoo-210888/addons/account_invoice_layout/wizard/__init__.py
2026-02-03 10:06:52,074 - Knowledge - INFO - Fast-tracked /app/data/T0002/210888/b48252o/odoo-210888/addons/account_invoice_layout/wizard/__init__.py (ext=.py, size=1088)
2026-02-03 10:06:52,084 - Knowledge - INFO - Worker kw4 processing /app/data/T0002/210888/b48252o/odoo-210888/addons/account_invoice_layout/account_invoice_layout.py
2026-02-03 10:06:52,138 - Knowledge - INFO - Fast-tracked /app/data/T0002/210888/b48252o/odoo-210888/addons/account_invoice_layout/__terp__.py (small file (2099 bytes))
2026-02-03 10:06:52,157 - Knowledge - INFO - Worker kw4 processing /app/data/T0002/210888/b48252o/odoo-210888/addons/account_invoice_layout/__init__.py
2026-02-03 10:06:52,237 - Knowledge - INFO - Async storage completed for 8 embeddings
2026-02-03 10:06:52,259 - Knowledge - INFO - Fast-tracked /app/data/T0002/210888/b48252o/odoo-210888/addons/account_invoice_layout/__init__.py (ext=.py, size=1115)
2026-02-03 10:06:52,259 - Knowledge - INFO - Worker kw4 processing /app/data/T0002/210888/b48252o/odoo-210888/addons/account_invoice_layout/account_invoice_layout_view.xml
2026-02-03 10:06:52,359 - Knowledge - INFO - Fast-tracked /app/data/T0002/210888/b48252o/odoo-210888/addons/account_invoice_layout/account_invoice_layout_view.xml (ext=.xml, size=3399)
2026-02-03 10:06:52,367 - Knowledge - INFO - Worker kw4 processing /app/data/T0002/210888/b48252o/odoo-210888/addons/board_project/__terp__.py
2026-02-03 10:06:52,444 - Knowledge - INFO - Fast-tracked /app/data/T0002/210888/b48252o/odoo-210888/addons/board_project/__terp__.py (ext=.py, size=1852)
2026-02-03 10:06:52,451 - Knowledge - INFO - Worker kw4 processing /app/data/T0002/210888/b48252o/odoo-210888/addons/board_project/board_project_manager_view.xml
2026-02-03 10:06:52,454 - Knowledge - INFO - process ingested knowledge for /app/data/T0002/210888/b48252o/odoo-210888/addons/l10n_ch_chart_c2c_pcg/__init__.py
2026-02-03 10:06:52,467 - Knowledge - INFO - Fast-tracked /app/data/T0002/210888/b48252o/odoo-210888/addons/board_project/board_project_manager_view.xml (ext=.xml, size=4495)
2026-02-03 10:06:52,467 - Knowledge - INFO - Worker kw4 processing /app/data/T0002/210888/b48252o/odoo-210888/addons/board_project/board_project_demo.xml
2026-02-03 10:06:52,470 - Knowledge - INFO - Fast-tracked /app/data/T0002/210888/b48252o/odoo-210888/addons/board_project/board_project_demo.xml (ext=.xml, size=949)
2026-02-03 10:06:52,475 - Knowledge - INFO - Worker kw4 processing /app/data/T0002/210888/b48252o/odoo-210888/addons/board_project/board_project_view.xml
2026-02-03 10:06:52,646 - Knowledge - INFO - Fast-tracked /app/data/T0002/210888/b48252o/odoo-210888/addons/board_project/board_project_view.xml (ext=.xml, size=4276)
2026-02-03 10:06:53,367 - Knowledge - INFO - process ingested knowledge for /app/data/T0002/210888/b48252o/odoo-210888/addons/l10n_ch_chart_c2c_pcg/account.xml
2026-02-03 10:06:53,451 - Knowledge - INFO - Async storage completed for 8 embeddings
2026-02-03 10:06:53,466 - Knowledge - INFO - process ingested knowledge for /app/data/T0002/210888/b48252o/odoo-210888/addons/board_auction/__terp__.py
2026-02-03 10:06:54,654 - Knowledge - INFO - process ingested knowledge for /app/data/T0002/210888/b48252o/odoo-210888/addons/hr_holidays/hr.py
2026-02-03 10:06:54,677 - Knowledge - INFO - process ingested knowledge for /app/data/T0002/210888/b48252o/odoo-210888/addons/sale_crm/wizard/makesale.py
2026-02-03 10:06:54,743 - Knowledge - INFO - process ingested knowledge for /app/data/T0002/210888/b48252o/odoo-210888/addons/base_contact/process/base_contact_process.xml
2026-02-03 10:06:54,752 - Knowledge - INFO - Async storing batch of 8 embeddings
2026-02-03 10:06:54,837 - Knowledge - INFO - [WEBSOCKET] Sent: Type=progress_update, Size: 296, Duration: 0ms
2026-02-03 10:06:54,840 - Knowledge - INFO - process ingested knowledge for /app/data/T0002/210888/b48252o/odoo-210888/addons/analytic_journal_billing_rate/__terp__.py
2026-02-03 10:06:54,858 - Knowledge - INFO - process ingested knowledge for /app/data/T0002/210888/b48252o/odoo-210888/addons/l10n_ch_chart_c2c_pcg/vat.xml
2026-02-03 10:06:54,939 - Knowledge - INFO - process ingested knowledge for /app/data/T0002/210888/b48252o/odoo-210888/addons/board_auction/board_auction_manager_view.xml
2026-02-03 10:06:54,940 - Knowledge - INFO - Worker kw20 processing /app/data/T0002/210888/b48252o/odoo-210888/addons/board_project/__init__.py
2026-02-03 10:06:54,955 - Knowledge - INFO - process ingested knowledge for /app/data/T0002/210888/b48252o/odoo-210888/addons/hr_holidays/hr_bel_holidays_2008.xml
2026-02-03 10:06:54,970 - Knowledge - INFO - [WEBSOCKET] Sent: Type=unknown, Size: ?, Duration: 133ms
2026-02-03 10:06:55,157 - Knowledge - INFO - Fast-tracked /app/data/T0002/210888/b48252o/odoo-210888/addons/board_project/__init__.py (ext=.py, size=1059)
2026-02-03 10:06:55,173 - Knowledge - INFO - Progress: 39.0% | Files: 493/1263 | Rate: 1.02 files/sec | Queue: 721
2026-02-03 10:06:55,238 - Knowledge - INFO - Worker kw20 processing /app/data/T0002/210888/b48252o/odoo-210888/addons/project_timesheet/__terp__.py
2026-02-03 10:06:55,337 - Knowledge - INFO - Fast-tracked /app/data/T0002/210888/b48252o/odoo-210888/addons/project_timesheet/__terp__.py (ext=.py, size=1694)
2026-02-03 10:06:55,343 - Knowledge - INFO - Worker kw20 processing /app/data/T0002/210888/b48252o/odoo-210888/addons/project_timesheet/project_timesheet.py
2026-02-03 10:06:55,354 - Knowledge - INFO - Worker kw20 processing /app/data/T0002/210888/b48252o/odoo-210888/addons/project_timesheet/__init__.py
2026-02-03 10:06:55,442 - Knowledge - INFO - Fast-tracked /app/data/T0002/210888/b48252o/odoo-210888/addons/project_timesheet/__init__.py (ext=.py, size=1082)
2026-02-03 10:06:55,457 - Knowledge - INFO - Worker kw20 processing /app/data/T0002/210888/b48252o/odoo-210888/addons/account_chart/__terp__.py
2026-02-03 10:06:55,661 - Knowledge - INFO - Fast-tracked /app/data/T0002/210888/b48252o/odoo-210888/addons/account_chart/__terp__.py (ext=.py, size=1433)
2026-02-03 10:06:55,661 - Knowledge - INFO - Worker kw20 processing /app/data/T0002/210888/b48252o/odoo-210888/addons/account_chart/account_chart.xml
2026-02-03 10:06:55,777 - Knowledge - INFO - Fast-tracked /app/data/T0002/210888/b48252o/odoo-210888/addons/account_chart/account_chart.xml (ext=.xml, size=926)
2026-02-03 10:06:55,779 - Knowledge - INFO - Worker kw20 processing /app/data/T0002/210888/b48252o/odoo-210888/addons/account_chart/__init__.py
2026-02-03 10:06:55,954 - Knowledge - INFO - Fast-tracked /app/data/T0002/210888/b48252o/odoo-210888/addons/account_chart/__init__.py (ext=.py, size=1058)
2026-02-03 10:06:56,037 - Knowledge - INFO - Worker kw20 processing /app/data/T0002/210888/b48252o/odoo-210888/addons/report_task/__terp__.py
2026-02-03 10:06:56,052 - Knowledge - INFO - process ingested knowledge for /app/data/T0002/210888/b48252o/odoo-210888/addons/base_module_publish/scripts/mtree_interface.php
2026-02-03 10:06:56,058 - Knowledge - INFO - Fast-tracked /app/data/T0002/210888/b48252o/odoo-210888/addons/report_task/__terp__.py (ext=.py, size=1552)
2026-02-03 10:06:56,144 - Knowledge - INFO - process ingested knowledge for /app/data/T0002/210888/b48252o/odoo-210888/addons/sale_crm/wizard/makecase.py
2026-02-03 10:06:56,769 - Knowledge - INFO - Async storage completed for 8 embeddings
2026-02-03 10:06:58,361 - Knowledge - INFO - [LLM_CALL] Completed: base_report_designer.py:chunk1, Duration: 14179ms, PromptTokens: 2418, CompletionTokens: 409, Cost: $0.00041
2026-02-03 10:06:58,369 - Knowledge - INFO - done ingest for /app/data/T0002/210888/b48252o/odoo-210888/addons/base_report_designer/base_report_designer.py
2026-02-03 10:06:59,268 - Knowledge - INFO - process ingested knowledge for /app/data/T0002/210888/b48252o/odoo-210888/addons/hr_holidays/hr_holidays_wizard.xml
2026-02-03 10:06:59,337 - Knowledge - INFO - process ingested knowledge for /app/data/T0002/210888/b48252o/odoo-210888/addons/analytic_journal_billing_rate/analytic_journal_billing_rate.py
2026-02-03 10:06:59,437 - Knowledge - INFO - process ingested knowledge for /app/data/T0002/210888/b48252o/odoo-210888/addons/hr_holidays/report/holidays_summary_report.py
2026-02-03 10:06:59,451 - Knowledge - INFO - process ingested knowledge for /app/data/T0002/210888/b48252o/odoo-210888/addons/report_purchase/__terp__.py
2026-02-03 10:06:59,468 - Knowledge - INFO - process ingested knowledge for /app/data/T0002/210888/b48252o/odoo-210888/addons/base_module_publish/scripts/mtree_upload.php
2026-02-03 10:06:59,854 - Knowledge - INFO - Processing batch of 8 files
2026-02-03 10:06:59,953 - Knowledge - INFO - process ingested knowledge for /app/data/T0002/210888/b48252o/odoo-210888/addons/base_module_publish/wizard/base_module_publish.py
2026-02-03 10:07:01,167 - Knowledge - INFO - process ingested knowledge for /app/data/T0002/210888/b48252o/odoo-210888/addons/l10n_ch_chart_c2c_pcg/__terp__.py
2026-02-03 10:07:01,350 - Knowledge - INFO - process ingested knowledge for /app/data/T0002/210888/b48252o/odoo-210888/addons/sale_crm/wizard/__init__.py
2026-02-03 10:07:01,459 - Knowledge - INFO - process ingested knowledge for /app/data/T0002/210888/b48252o/odoo-210888/addons/hr_holidays/report/__init__.py
2026-02-03 10:07:01,551 - Knowledge - INFO - [LLM_CALL] Completed: report_analytic_planning.py:chunk1, Duration: 16378ms, PromptTokens: 5466, CompletionTokens: 616, Cost: $0.00079
2026-02-03 10:07:01,667 - Knowledge - INFO - done ingest for /app/data/T0002/210888/b48252o/odoo-210888/addons/report_analytic_planning/report_analytic_planning.py
2026-02-03 10:07:02,565 - Knowledge - INFO - process ingested knowledge for /app/data/T0002/210888/b48252o/odoo-210888/addons/base_module_publish/wizard/__init__.py
2026-02-03 10:07:03,655 - Knowledge - INFO - process ingested knowledge for /app/data/T0002/210888/b48252o/odoo-210888/addons/l10n_ch_chart_c2c_pcg/wizard/config.py
2026-02-03 10:07:03,662 - Knowledge - INFO - [kw1] Queue=721, InProgress=0, PendingWorkers=20/20, Completed=494/1263 (39.1%)
2026-02-03 10:07:03,767 - Knowledge - INFO - Batch sizing: calculated=8, max_allowed=10, queue=721, active_workers=20/20
2026-02-03 10:07:05,348 - Knowledge - INFO - process ingested knowledge for /app/data/T0002/210888/b48252o/odoo-210888/addons/report_purchase/report_purchase.py
2026-02-03 10:07:06,350 - Knowledge - INFO - process ingested knowledge for /app/data/T0002/210888/b48252o/odoo-210888/addons/sale_crm/sale_crm_wizard.xml
2026-02-03 10:07:06,436 - Knowledge - INFO - process ingested knowledge for /app/data/T0002/210888/b48252o/odoo-210888/addons/hr_holidays/__terp__.py
2026-02-03 10:07:06,462 - Knowledge - INFO - process ingested knowledge for /app/data/T0002/210888/b48252o/odoo-210888/addons/base_module_publish/wizard/module_zip.py
2026-02-03 10:07:08,972 - Knowledge - INFO - Async storing batch of 8 embeddings
2026-02-03 10:07:08,974 - Knowledge - INFO - Worker kw1 processing /app/data/T0002/210888/b48252o/odoo-210888/addons/report_task/report_task.py
2026-02-03 10:07:08,977 - Knowledge - INFO - process ingested knowledge for /app/data/T0002/210888/b48252o/odoo-210888/addons/base_module_publish/__terp__.py
2026-02-03 10:07:09,063 - Knowledge - INFO - process ingested knowledge for /app/data/T0002/210888/b48252o/odoo-210888/addons/report_purchase/__init__.py
2026-02-03 10:07:09,076 - Knowledge - INFO - Worker kw1 processing /app/data/T0002/210888/b48252o/odoo-210888/addons/report_task/__init__.py
2026-02-03 10:07:09,143 - Knowledge - INFO - process ingested knowledge for /app/data/T0002/210888/b48252o/odoo-210888/addons/sale_crm/__init__.py
2026-02-03 10:07:09,154 - Knowledge - INFO - process ingested knowledge for /app/data/T0002/210888/b48252o/odoo-210888/addons/hr_holidays/wizard/holidays_summary.py
2026-02-03 10:07:09,168 - Knowledge - INFO - process ingested knowledge for /app/data/T0002/210888/b48252o/odoo-210888/addons/base_module_publish/base_module_publish_wizard.xml
2026-02-03 10:07:09,536 - Knowledge - INFO - Fast-tracked /app/data/T0002/210888/b48252o/odoo-210888/addons/report_task/__init__.py (ext=.py, size=1078)
2026-02-03 10:07:09,745 - Knowledge - INFO - Worker kw1 processing /app/data/T0002/210888/b48252o/odoo-210888/addons/report_task/report_task_view.xml
2026-02-03 10:07:09,954 - Knowledge - INFO - Fast-tracked /app/data/T0002/210888/b48252o/odoo-210888/addons/report_task/report_task_view.xml (ext=.xml, size=5529)
2026-02-03 10:07:09,954 - Knowledge - INFO - Worker kw1 processing /app/data/T0002/210888/b48252o/odoo-210888/addons/account_analytic_plans/model_wizard.xml
2026-02-03 10:07:10,073 - Knowledge - INFO - Fast-tracked /app/data/T0002/210888/b48252o/odoo-210888/addons/account_analytic_plans/model_wizard.xml (ext=.xml, size=197)
2026-02-03 10:07:10,139 - Knowledge - INFO - Worker kw1 processing /app/data/T0002/210888/b48252o/odoo-210888/addons/account_analytic_plans/account_analytic_plans_report.xml
2026-02-03 10:07:10,264 - Knowledge - INFO - Fast-tracked /app/data/T0002/210888/b48252o/odoo-210888/addons/account_analytic_plans/account_analytic_plans_report.xml (ext=.xml, size=559)
2026-02-03 10:07:10,270 - Knowledge - INFO - Worker kw1 processing /app/data/T0002/210888/b48252o/odoo-210888/addons/account_analytic_plans/report/crossovered_analytic.py
2026-02-03 10:07:10,551 - Knowledge - INFO - Worker kw1 processing /app/data/T0002/210888/b48252o/odoo-210888/addons/account_analytic_plans/report/__init__.py
2026-02-03 10:07:10,557 - Knowledge - INFO - Fast-tracked /app/data/T0002/210888/b48252o/odoo-210888/addons/account_analytic_plans/report/__init__.py (ext=.py, size=1085)
2026-02-03 10:07:10,636 - Knowledge - INFO - Worker kw1 processing /app/data/T0002/210888/b48252o/odoo-210888/addons/account_analytic_plans/__terp__.py
2026-02-03 10:07:11,467 - Knowledge - INFO - [LLM_CALL] Completed: tiny_sxw2rml.py:chunk1, Duration: 27300ms, PromptTokens: 7620, CompletionTokens: 649, Cost: $0.00102
2026-02-03 10:07:11,566 - Knowledge - INFO - done ingest for /app/data/T0002/210888/b48252o/odoo-210888/addons/base_report_designer/wizard/tiny_sxw2rml/tiny_sxw2rml.py
2026-02-03 10:07:12,064 - Knowledge - INFO - Fast-tracked /app/data/T0002/210888/b48252o/odoo-210888/addons/account_analytic_plans/__terp__.py (small file (2474 bytes))
2026-02-03 10:07:12,355 - Knowledge - INFO - Async storage completed for 8 embeddings
2026-02-03 10:07:13,755 - Knowledge - INFO - process ingested knowledge for /app/data/T0002/210888/b48252o/odoo-210888/addons/hr_holidays/hr_workflow.xml
2026-02-03 10:07:15,644 - Knowledge - INFO - process ingested knowledge for /app/data/T0002/210888/b48252o/odoo-210888/addons/base_module_publish/wizard/wizard_module_export.py
2026-02-03 10:07:16,452 - Knowledge - INFO - process ingested knowledge for /app/data/T0002/210888/b48252o/odoo-210888/addons/sale_crm/process/sale_crm_process.xml
2026-02-03 10:07:16,538 - Knowledge - INFO - process ingested knowledge for /app/data/T0002/210888/b48252o/odoo-210888/addons/base_module_publish/__init__.py
2026-02-03 10:07:16,545 - Knowledge - INFO - [LLM_CALL] Completed: report_account_invoice_layout.py:chunk1, Duration: 24569ms, PromptTokens: 3294, CompletionTokens: 389, Cost: $0.00048
2026-02-03 10:07:16,555 - Knowledge - INFO - done ingest for /app/data/T0002/210888/b48252o/odoo-210888/addons/account_invoice_layout/report/report_account_invoice_layout.py
2026-02-03 10:07:18,866 - Knowledge - INFO - process ingested knowledge for /app/data/T0002/210888/b48252o/odoo-210888/addons/hr_holidays/hr_view.xml
2026-02-03 10:07:21,855 - Knowledge - INFO - [LLM_CALL] Completed: special_message_invoice.py:chunk1, Duration: 30489ms, PromptTokens: 3402, CompletionTokens: 357, Cost: $0.00048
2026-02-03 10:07:22,047 - Knowledge - INFO - done ingest for /app/data/T0002/210888/b48252o/odoo-210888/addons/account_invoice_layout/report/special_message_invoice.py
2026-02-03 10:07:23,849 - Knowledge - INFO - process ingested knowledge for /app/data/T0002/210888/b48252o/odoo-210888/addons/base_module_publish/wizard/base_module_publish_all.py
2026-02-03 10:07:24,344 - Knowledge - INFO - [LLM_CALL] Completed: account.py:chunk1, Duration: 35377ms, PromptTokens: 2988, CompletionTokens: 335, Cost: $0.00043
2026-02-03 10:07:24,350 - Knowledge - INFO - done ingest for /app/data/T0002/210888/b48252o/odoo-210888/addons/account_reporting/account.py
2026-02-03 10:07:26,276 - Knowledge - INFO - process ingested knowledge for /app/data/T0002/210888/b48252o/odoo-210888/addons/hr_holidays/wizard/holidays_summary_employees.py
2026-02-03 10:07:26,349 - Knowledge - INFO - [kw18] Queue=713, InProgress=0, PendingWorkers=20/20, Completed=501/1263 (39.7%)
2026-02-03 10:07:26,373 - Knowledge - INFO - Batch sizing: calculated=8, max_allowed=10, queue=713, active_workers=20/20
2026-02-03 10:07:27,646 - Knowledge - INFO - [LLM_CALL] Completed: account_invoice_layout.py:chunk1, Duration: 34405ms, PromptTokens: 4754, CompletionTokens: 736, Cost: $0.00077
2026-02-03 10:07:27,651 - Knowledge - INFO - done ingest for /app/data/T0002/210888/b48252o/odoo-210888/addons/account_invoice_layout/account_invoice_layout.py
2026-02-03 10:07:28,149 - Knowledge - INFO - [LLM_CALL] Completed: account_report_bs.py:chunk1, Duration: 38800ms, PromptTokens: 3682, CompletionTokens: 413, Cost: $0.00053
2026-02-03 10:07:28,157 - Knowledge - INFO - process ingested knowledge for /app/data/T0002/210888/b48252o/odoo-210888/addons/hr_holidays/__init__.py
2026-02-03 10:07:28,168 - Knowledge - INFO - done ingest for /app/data/T0002/210888/b48252o/odoo-210888/addons/account_reporting/report/account_report_bs.py
2026-02-03 10:07:29,380 - Knowledge - INFO - [kw15] Queue=713, InProgress=0, PendingWorkers=20/20, Completed=505/1263 (40.0%)
2026-02-03 10:07:29,381 - Knowledge - INFO - Batch sizing: calculated=8, max_allowed=10, queue=713, active_workers=20/20
2026-02-03 10:07:29,441 - Knowledge - INFO - Async storing batch of 8 embeddings
2026-02-03 10:07:29,449 - Knowledge - INFO - Worker kw18 processing /app/data/T0002/210888/b48252o/odoo-210888/addons/account_analytic_plans/wizard/wizard_crossovered_analytic.py
2026-02-03 10:07:29,642 - Knowledge - INFO - Worker kw18 processing /app/data/T0002/210888/b48252o/odoo-210888/addons/account_analytic_plans/wizard/create_model.py
2026-02-03 10:07:29,758 - Knowledge - INFO - Worker kw18 processing /app/data/T0002/210888/b48252o/odoo-210888/addons/account_analytic_plans/wizard/__init__.py
2026-02-03 10:07:29,836 - Knowledge - INFO - Fast-tracked /app/data/T0002/210888/b48252o/odoo-210888/addons/account_analytic_plans/wizard/__init__.py (ext=.py, size=1112)
2026-02-03 10:07:29,847 - Knowledge - INFO - Worker kw18 processing /app/data/T0002/210888/b48252o/odoo-210888/addons/account_analytic_plans/account_analytic_plans.py
2026-02-03 10:07:29,874 - Knowledge - INFO - Worker kw18 processing /app/data/T0002/210888/b48252o/odoo-210888/addons/account_analytic_plans/__init__.py
2026-02-03 10:07:29,944 - Knowledge - INFO - Fast-tracked /app/data/T0002/210888/b48252o/odoo-210888/addons/account_analytic_plans/__init__.py (ext=.py, size=1116)
2026-02-03 10:07:29,976 - Knowledge - INFO - Worker kw18 processing /app/data/T0002/210888/b48252o/odoo-210888/addons/account_analytic_plans/account_analytic_plans_view.xml
2026-02-03 10:07:30,137 - Knowledge - INFO - Fast-tracked /app/data/T0002/210888/b48252o/odoo-210888/addons/account_analytic_plans/account_analytic_plans_view.xml (ext=.xml, size=11000)
2026-02-03 10:07:30,141 - Knowledge - INFO - Worker kw18 processing /app/data/T0002/210888/b48252o/odoo-210888/addons/base_module_record/__terp__.py
2026-02-03 10:07:30,350 - Knowledge - INFO - Worker kw18 processing /app/data/T0002/210888/b48252o/odoo-210888/addons/base_module_record/wizard/base_module_record_objects.py
2026-02-03 10:07:30,641 - Knowledge - INFO - [LLM_CALL] Completed: project_timesheet.py:chunk1, Duration: 34203ms, PromptTokens: 4938, CompletionTokens: 795, Cost: $0.00081
2026-02-03 10:07:30,646 - Knowledge - INFO - done ingest for /app/data/T0002/210888/b48252o/odoo-210888/addons/project_timesheet/project_timesheet.py
2026-02-03 10:07:30,649 - Knowledge - INFO - [LLM_CALL] Completed: wizard_account_balance_report.py:chunk1, Duration: 41184ms, PromptTokens: 2608, CompletionTokens: 269, Cost: $0.00037
2026-02-03 10:07:30,656 - Knowledge - INFO - done ingest for /app/data/T0002/210888/b48252o/odoo-210888/addons/account_reporting/wizard/wizard_account_balance_report.py
2026-02-03 10:07:30,959 - Knowledge - INFO - Fast-tracked /app/data/T0002/210888/b48252o/odoo-210888/addons/account_analytic_plans/wizard/create_model.py (small file (2588 bytes))
2026-02-03 10:07:31,264 - Knowledge - INFO - Fast-tracked /app/data/T0002/210888/b48252o/odoo-210888/addons/base_module_record/__terp__.py (small file (2153 bytes))
2026-02-03 10:07:31,576 - Knowledge - INFO - Async storage completed for 8 embeddings
2026-02-03 10:07:32,737 - Knowledge - INFO - process ingested knowledge for /app/data/T0002/210888/b48252o/odoo-210888/addons/base_report_designer/__terp__.py
2026-02-03 10:07:33,548 - Knowledge - INFO - Processing batch of 8 files
2026-02-03 10:07:33,555 - Knowledge - INFO - process ingested knowledge for /app/data/T0002/210888/b48252o/odoo-210888/addons/report_analytic_planning/__terp__.py
2026-02-03 10:07:35,143 - Knowledge - INFO - Async storing batch of 8 embeddings
2026-02-03 10:07:35,175 - Knowledge - INFO - Worker kw15 processing /app/data/T0002/210888/b48252o/odoo-210888/addons/base_module_record/wizard/base_module_save.py
2026-02-03 10:07:35,264 - Knowledge - INFO - Worker kw15 processing /app/data/T0002/210888/b48252o/odoo-210888/addons/base_module_record/wizard/base_module_record.py
2026-02-03 10:07:35,467 - Knowledge - INFO - Worker kw15 processing /app/data/T0002/210888/b48252o/odoo-210888/addons/base_module_record/wizard/__init__.py
2026-02-03 10:07:35,537 - Knowledge - INFO - Fast-tracked /app/data/T0002/210888/b48252o/odoo-210888/addons/base_module_record/wizard/__init__.py (ext=.py, size=1141)
2026-02-03 10:07:35,557 - Knowledge - INFO - Worker kw15 processing /app/data/T0002/210888/b48252o/odoo-210888/addons/base_module_record/base_module_record.py
2026-02-03 10:07:35,736 - Knowledge - INFO - Worker kw15 processing /app/data/T0002/210888/b48252o/odoo-210888/addons/base_module_record/base_module_record_wizard.xml
2026-02-03 10:07:35,860 - Knowledge - INFO - Fast-tracked /app/data/T0002/210888/b48252o/odoo-210888/addons/base_module_record/base_module_record_wizard.xml (ext=.xml, size=1964)
2026-02-03 10:07:35,861 - Knowledge - INFO - Worker kw15 processing /app/data/T0002/210888/b48252o/odoo-210888/addons/base_module_record/__init__.py
2026-02-03 10:07:35,963 - Knowledge - INFO - Fast-tracked /app/data/T0002/210888/b48252o/odoo-210888/addons/base_module_record/__init__.py (ext=.py, size=1098)
2026-02-03 10:07:35,963 - Knowledge - INFO - Worker kw15 processing /app/data/T0002/210888/b48252o/odoo-210888/addons/product_margin/__terp__.py
2026-02-03 10:07:36,049 - Knowledge - INFO - Fast-tracked /app/data/T0002/210888/b48252o/odoo-210888/addons/product_margin/__terp__.py (ext=.py, size=1604)
2026-02-03 10:07:36,054 - Knowledge - INFO - Worker kw15 processing /app/data/T0002/210888/b48252o/odoo-210888/addons/product_margin/wizard/wizard_product_margin.py
2026-02-03 10:07:36,148 - Knowledge - INFO - [LLM_CALL] Completed: report_task.py:chunk1, Duration: 25296ms, PromptTokens: 4206, CompletionTokens: 435, Cost: $0.00059
2026-02-03 10:07:36,150 - Knowledge - INFO - done ingest for /app/data/T0002/210888/b48252o/odoo-210888/addons/report_task/report_task.py
2026-02-03 10:07:36,941 - Knowledge - INFO - [LLM_CALL] Completed: crossovered_analytic.py:chunk1, Duration: 25299ms, PromptTokens: 4554, CompletionTokens: 519, Cost: $0.00066
2026-02-03 10:07:36,951 - Knowledge - INFO - done ingest for /app/data/T0002/210888/b48252o/odoo-210888/addons/account_analytic_plans/report/crossovered_analytic.py
2026-02-03 10:07:37,251 - Knowledge - INFO - Async storage completed for 8 embeddings
2026-02-03 10:07:38,054 - Knowledge - INFO - process ingested knowledge for /app/data/T0002/210888/b48252o/odoo-210888/addons/base_report_designer/base_report_data.xml
2026-02-03 10:07:38,948 - Knowledge - INFO - process ingested knowledge for /app/data/T0002/210888/b48252o/odoo-210888/addons/report_analytic_planning/report_analytic_planning.py
2026-02-03 10:07:43,163 - Knowledge - INFO - process ingested knowledge for /app/data/T0002/210888/b48252o/odoo-210888/addons/hr_holidays/process/hr_holidays_process.xml
2026-02-03 10:07:43,167 - Knowledge - INFO - [kw9] Queue=697, InProgress=0, PendingWorkers=20/20, Completed=517/1263 (40.9%)
2026-02-03 10:07:43,179 - Knowledge - INFO - Batch sizing: calculated=8, max_allowed=10, queue=697, active_workers=20/20
2026-02-03 10:07:43,948 - Knowledge - INFO - process ingested knowledge for /app/data/T0002/210888/b48252o/odoo-210888/addons/report_analytic_planning/__init__.py
2026-02-03 10:07:48,856 - Knowledge - INFO - [LLM_CALL] Completed: wizard_crossovered_analytic.py:chunk1, Duration: 18208ms, PromptTokens: 2376, CompletionTokens: 337, Cost: $0.00037
2026-02-03 10:07:48,861 - Knowledge - INFO - done ingest for /app/data/T0002/210888/b48252o/odoo-210888/addons/account_analytic_plans/wizard/wizard_crossovered_analytic.py
2026-02-03 10:07:49,040 - Knowledge - INFO - process ingested knowledge for /app/data/T0002/210888/b48252o/odoo-210888/addons/sale_analytic_plans/__terp__.py
2026-02-03 10:07:49,051 - Knowledge - INFO - Async storing batch of 8 embeddings
2026-02-03 10:07:49,153 - Knowledge - INFO - Worker kw9 processing /app/data/T0002/210888/b48252o/odoo-210888/addons/product_margin/wizard/__init__.py
2026-02-03 10:07:49,236 - Knowledge - INFO - Fast-tracked /app/data/T0002/210888/b48252o/odoo-210888/addons/product_margin/wizard/__init__.py (ext=.py, size=1088)
2026-02-03 10:07:49,248 - Knowledge - INFO - Worker kw9 processing /app/data/T0002/210888/b48252o/odoo-210888/addons/product_margin/product_margin.py
2026-02-03 10:07:49,354 - Knowledge - INFO - Worker kw9 processing /app/data/T0002/210888/b48252o/odoo-210888/addons/product_margin/__init__.py
2026-02-03 10:07:49,454 - Knowledge - INFO - Fast-tracked /app/data/T0002/210888/b48252o/odoo-210888/addons/product_margin/__init__.py (ext=.py, size=1095)
2026-02-03 10:07:49,460 - Knowledge - INFO - Worker kw9 processing /app/data/T0002/210888/b48252o/odoo-210888/addons/product_margin/product_margin_view.xml
2026-02-03 10:07:49,557 - Knowledge - INFO - Fast-tracked /app/data/T0002/210888/b48252o/odoo-210888/addons/product_margin/product_margin_view.xml (ext=.xml, size=4511)
2026-02-03 10:07:49,562 - Knowledge - INFO - Worker kw9 processing /app/data/T0002/210888/b48252o/odoo-210888/addons/hr_expense/hr_expense.py
2026-02-03 10:07:49,652 - Knowledge - INFO - Worker kw9 processing /app/data/T0002/210888/b48252o/odoo-210888/addons/hr_expense/hr_expense_sequence.xml
2026-02-03 10:07:49,654 - Knowledge - INFO - [LLM_CALL] Completed: wizard_product_margin.py:chunk1, Duration: 12407ms, PromptTokens: 2458, CompletionTokens: 266, Cost: $0.00035
2026-02-03 10:07:49,671 - Knowledge - INFO - done ingest for /app/data/T0002/210888/b48252o/odoo-210888/addons/product_margin/wizard/wizard_product_margin.py
2026-02-03 10:07:49,748 - Knowledge - INFO - Fast-tracked /app/data/T0002/210888/b48252o/odoo-210888/addons/hr_expense/hr_expense_sequence.xml (ext=.xml, size=588)
2026-02-03 10:07:49,759 - Knowledge - INFO - Worker kw9 processing /app/data/T0002/210888/b48252o/odoo-210888/addons/hr_expense/report/__init__.py
2026-02-03 10:07:49,850 - Knowledge - INFO - Fast-tracked /app/data/T0002/210888/b48252o/odoo-210888/addons/hr_expense/report/__init__.py (ext=.py, size=1073)
2026-02-03 10:07:49,858 - Knowledge - INFO - Worker kw9 processing /app/data/T0002/210888/b48252o/odoo-210888/addons/hr_expense/report/expense.py
2026-02-03 10:07:50,079 - Knowledge - INFO - [WEBSOCKET] Sent: Type=progress_update, Size: 294, Duration: 0ms
2026-02-03 10:07:50,080 - Knowledge - INFO - Fast-tracked /app/data/T0002/210888/b48252o/odoo-210888/addons/hr_expense/report/expense.py (ext=.py, size=1468)
2026-02-03 10:07:50,144 - Knowledge - INFO - process ingested knowledge for /app/data/T0002/210888/b48252o/odoo-210888/addons/report_analytic_planning/report_analytic_planning_view.xml
2026-02-03 10:07:50,153 - Knowledge - INFO - [WEBSOCKET] Sent: Type=unknown, Size: ?, Duration: 74ms
2026-02-03 10:07:50,458 - Knowledge - INFO - Progress: 41.4% | Files: 524/1263 | Rate: 0.99 files/sec | Queue: 689
2026-02-03 10:07:51,056 - Knowledge - INFO - Async storage completed for 8 embeddings
2026-02-03 10:07:53,669 - Knowledge - INFO - process ingested knowledge for /app/data/T0002/210888/b48252o/odoo-210888/addons/base_report_designer/wizard/base_report_designer_modify.py
2026-02-03 10:07:54,165 - Knowledge - INFO - [LLM_CALL] Completed: base_module_save.py:chunk1, Duration: 17901ms, PromptTokens: 4904, CompletionTokens: 342, Cost: $0.00063
2026-02-03 10:07:54,167 - Knowledge - INFO - done ingest for /app/data/T0002/210888/b48252o/odoo-210888/addons/base_module_record/wizard/base_module_save.py
2026-02-03 10:07:55,043 - Knowledge - INFO - process ingested knowledge for /app/data/T0002/210888/b48252o/odoo-210888/addons/board_document/__terp__.py
2026-02-03 10:07:55,169 - Knowledge - INFO - [LLM_CALL] Completed: base_module_record.py:chunk1, Duration: 18121ms, PromptTokens: 2498, CompletionTokens: 302, Cost: $0.00037
2026-02-03 10:07:55,236 - Knowledge - INFO - done ingest for /app/data/T0002/210888/b48252o/odoo-210888/addons/base_module_record/wizard/base_module_record.py
2026-02-03 10:07:59,571 - Knowledge - INFO - [kw2] Queue=689, InProgress=0, PendingWorkers=20/20, Completed=535/1263 (42.4%)
2026-02-03 10:07:59,636 - Knowledge - INFO - Batch sizing: calculated=8, max_allowed=10, queue=689, active_workers=20/20
2026-02-03 10:07:59,644 - Knowledge - INFO - Processing batch of 8 files
2026-02-03 10:07:59,651 - Knowledge - INFO - process ingested knowledge for /app/data/T0002/210888/b48252o/odoo-210888/addons/account_invoice_layout/wizard/__init__.py
2026-02-03 10:08:01,353 - Knowledge - INFO - [LLM_CALL] Completed: product_margin.py:chunk1, Duration: 10812ms, PromptTokens: 4544, CompletionTokens: 276, Cost: $0.00056
2026-02-03 10:08:01,445 - Knowledge - INFO - done ingest for /app/data/T0002/210888/b48252o/odoo-210888/addons/product_margin/product_margin.py
2026-02-03 10:08:02,948 - Knowledge - INFO - Processing batch of 8 files
2026-02-03 10:08:02,966 - Knowledge - INFO - Processing batch of 8 files
2026-02-03 10:08:02,967 - Knowledge - INFO - process ingested knowledge for /app/data/T0002/210888/b48252o/odoo-210888/addons/base_report_designer/wizard/tiny_sxw2rml/tiny_sxw2rml.py
2026-02-03 10:08:03,047 - Knowledge - INFO - process ingested knowledge for /app/data/T0002/210888/b48252o/odoo-210888/addons/account_reporting/__init__.py
2026-02-03 10:08:03,960 - Knowledge - INFO - process ingested knowledge for /app/data/T0002/210888/b48252o/odoo-210888/addons/board_document/board_document_demo.xml
2026-02-03 10:08:04,956 - Knowledge - INFO - done ingest for /app/data/T0002/210888/b48252o/odoo-210888/addons/base_module_record/base_module_record.py
2026-02-03 10:08:05,071 - Knowledge - INFO - process ingested knowledge for /app/data/T0002/210888/b48252o/odoo-210888/addons/account_invoice_layout/account_invoice_layout.py
2026-02-03 10:08:08,855 - Knowledge - INFO - process ingested knowledge for /app/data/T0002/210888/b48252o/odoo-210888/addons/base_report_designer/wizard/tiny_sxw2rml/__init__.py
2026-02-03 10:08:08,956 - Knowledge - INFO - process ingested knowledge for /app/data/T0002/210888/b48252o/odoo-210888/addons/account_reporting/account_report.xml
2026-02-03 10:08:08,970 - Knowledge - INFO - process ingested knowledge for /app/data/T0002/210888/b48252o/odoo-210888/addons/board_document/__init__.py
2026-02-03 10:08:09,070 - Knowledge - INFO - process ingested knowledge for /app/data/T0002/210888/b48252o/odoo-210888/addons/account_invoice_layout/__init__.py
2026-02-03 10:08:10,975 - Knowledge - INFO - Processing batch of 8 files
2026-02-03 10:08:10,976 - Knowledge - INFO - process ingested knowledge for /app/data/T0002/210888/b48252o/odoo-210888/addons/report_task/report_task.py
2026-02-03 10:08:11,837 - Knowledge - INFO - Processing batch of 8 files
2026-02-03 10:08:11,838 - Knowledge - INFO - process ingested knowledge for /app/data/T0002/210888/b48252o/odoo-210888/addons/account_reporting/account.py
2026-02-03 10:08:11,845 - Knowledge - INFO - Async storing batch of 8 embeddings
2026-02-03 10:08:11,858 - Knowledge - INFO - process ingested knowledge for /app/data/T0002/210888/b48252o/odoo-210888/addons/base_report_designer/wizard/__init__.py
2026-02-03 10:08:12,043 - Knowledge - INFO - Worker kw2 processing /app/data/T0002/210888/b48252o/odoo-210888/addons/hr_expense/hr_expense_view.xml
2026-02-03 10:08:12,136 - Knowledge - INFO - Fast-tracked /app/data/T0002/210888/b48252o/odoo-210888/addons/hr_expense/hr_expense_view.xml (ext=.xml, size=10067)
2026-02-03 10:08:12,151 - Knowledge - INFO - Worker kw2 processing /app/data/T0002/210888/b48252o/odoo-210888/addons/hr_expense/hr_expense_workflow.xml
2026-02-03 10:08:12,237 - Knowledge - INFO - Fast-tracked /app/data/T0002/210888/b48252o/odoo-210888/addons/hr_expense/hr_expense_workflow.xml (ext=.xml, size=5172)
2026-02-03 10:08:12,250 - Knowledge - INFO - Worker kw2 processing /app/data/T0002/210888/b48252o/odoo-210888/addons/hr_expense/__terp__.py
2026-02-03 10:08:12,469 - Knowledge - INFO - Worker kw2 processing /app/data/T0002/210888/b48252o/odoo-210888/addons/hr_expense/hr_expense_report.xml
2026-02-03 10:08:12,547 - Knowledge - INFO - Fast-tracked /app/data/T0002/210888/b48252o/odoo-210888/addons/hr_expense/hr_expense_report.xml (ext=.xml, size=239)
2026-02-03 10:08:12,555 - Knowledge - INFO - Worker kw2 processing /app/data/T0002/210888/b48252o/odoo-210888/addons/hr_expense/__init__.py
2026-02-03 10:08:12,673 - Knowledge - INFO - Fast-tracked /app/data/T0002/210888/b48252o/odoo-210888/addons/hr_expense/__init__.py (ext=.py, size=1104)
2026-02-03 10:08:12,673 - Knowledge - INFO - Worker kw2 processing /app/data/T0002/210888/b48252o/odoo-210888/addons/hr_expense/process/hr_expense_process.xml
2026-02-03 10:08:12,741 - Knowledge - INFO - Fast-tracked /app/data/T0002/210888/b48252o/odoo-210888/addons/hr_expense/process/hr_expense_process.xml (ext=.xml, size=10445)
2026-02-03 10:08:12,742 - Knowledge - INFO - Worker kw2 processing /app/data/T0002/210888/b48252o/odoo-210888/addons/hr_timesheet/hr_timesheet_wizard.xml
2026-02-03 10:08:12,845 - Knowledge - INFO - Fast-tracked /app/data/T0002/210888/b48252o/odoo-210888/addons/hr_timesheet/hr_timesheet_wizard.xml (ext=.xml, size=306)
2026-02-03 10:08:12,846 - Knowledge - INFO - Worker kw2 processing /app/data/T0002/210888/b48252o/odoo-210888/addons/hr_timesheet/hr_timesheet.py
2026-02-03 10:08:13,078 - Knowledge - INFO - Fast-tracked /app/data/T0002/210888/b48252o/odoo-210888/addons/hr_expense/__terp__.py (small file (2233 bytes))
2026-02-03 10:08:13,153 - Knowledge - INFO - [LLM_CALL] Completed: hr_expense.py:chunk1, Duration: 22375ms, PromptTokens: 5552, CompletionTokens: 782, Cost: $0.00087
2026-02-03 10:08:13,165 - Knowledge - INFO - done ingest for /app/data/T0002/210888/b48252o/odoo-210888/addons/hr_expense/hr_expense.py
2026-02-03 10:08:13,538 - Knowledge - INFO - Async storage completed for 8 embeddings
2026-02-03 10:08:13,579 - Knowledge - INFO - [kw16] Queue=681, InProgress=0, PendingWorkers=20/20, Completed=549/1263 (43.5%)
2026-02-03 10:08:13,640 - Knowledge - INFO - Batch sizing: calculated=8, max_allowed=10, queue=681, active_workers=20/20
2026-02-03 10:08:13,648 - Knowledge - INFO - process ingested knowledge for /app/data/T0002/210888/b48252o/odoo-210888/addons/board_document/board_document_view.xml
2026-02-03 10:08:13,739 - Knowledge - INFO - [kw3] Queue=681, InProgress=0, PendingWorkers=20/20, Completed=550/1263 (43.5%)
2026-02-03 10:08:13,760 - Knowledge - INFO - Batch sizing: calculated=8, max_allowed=10, queue=681, active_workers=20/20
2026-02-03 10:08:14,363 - Knowledge - INFO - process ingested knowledge for /app/data/T0002/210888/b48252o/odoo-210888/addons/account_invoice_layout/account_invoice_layout_view.xml
2026-02-03 10:08:14,445 - Knowledge - INFO - process ingested knowledge for /app/data/T0002/210888/b48252o/odoo-210888/addons/report_task/__init__.py
2026-02-03 10:08:14,662 - Knowledge - INFO - Processing batch of 8 files
2026-02-03 10:08:14,737 - Knowledge - INFO - process ingested knowledge for /app/data/T0002/210888/b48252o/odoo-210888/addons/board_project/__init__.py
2026-02-03 10:08:15,543 - Knowledge - INFO - process ingested knowledge for /app/data/T0002/210888/b48252o/odoo-210888/addons/account_invoice_layout/account_invoice_layout_report.xml
2026-02-03 10:08:15,545 - Knowledge - INFO - process ingested knowledge for /app/data/T0002/210888/b48252o/odoo-210888/addons/base_report_designer/base_report_designer_wizard.xml
2026-02-03 10:08:15,547 - Knowledge - INFO - [WEBSOCKET] Sent: Type=progress_update, Size: 296, Duration: 0ms
2026-02-03 10:08:15,548 - Knowledge - INFO - [WEBSOCKET] Sent: Type=unknown, Size: ?, Duration: 1ms
2026-02-03 10:08:15,548 - Knowledge - INFO - Progress: 43.6% | Files: 551/1263 | Rate: 0.98 files/sec | Queue: 681
2026-02-03 10:08:15,549 - Knowledge - INFO - [kw19] Queue=681, InProgress=0, PendingWorkers=20/20, Completed=551/1263 (43.6%)
2026-02-03 10:08:15,549 - Knowledge - INFO - Async storing batch of 8 embeddings
2026-02-03 10:08:15,551 - Knowledge - INFO - Batch sizing: calculated=8, max_allowed=10, queue=681, active_workers=20/20
2026-02-03 10:08:15,553 - Knowledge - INFO - Async storing batch of 8 embeddings
2026-02-03 10:08:15,553 - Knowledge - INFO - [kw17] Queue=665, InProgress=0, PendingWorkers=20/20, Completed=551/1263 (43.6%)
2026-02-03 10:08:15,554 - Knowledge - INFO - process ingested knowledge for /app/data/T0002/210888/b48252o/odoo-210888/addons/board_project/__terp__.py
2026-02-03 10:08:15,555 - Knowledge - INFO - process ingested knowledge for /app/data/T0002/210888/b48252o/odoo-210888/addons/account_reporting/report/account_report_bs.py
2026-02-03 10:08:15,849 - Knowledge - INFO - Worker kw3 processing /app/data/T0002/210888/b48252o/odoo-210888/addons/hr_timesheet/wizard/wizard_print_timesheet.py
2026-02-03 10:08:15,849 - Knowledge - INFO - Worker kw16 processing /app/data/T0002/210888/b48252o/odoo-210888/addons/hr_timesheet/hr_timesheet_demo.xml
2026-02-03 10:08:15,937 - Knowledge - INFO - Batch sizing: calculated=8, max_allowed=10, queue=665, active_workers=20/20
2026-02-03 10:08:16,136 - Knowledge - INFO - Worker kw3 processing /app/data/T0002/210888/b48252o/odoo-210888/addons/hr_timesheet/wizard/__init__.py
2026-02-03 10:08:16,242 - Knowledge - INFO - Fast-tracked /app/data/T0002/210888/b48252o/odoo-210888/addons/hr_timesheet/hr_timesheet_demo.xml (ext=.xml, size=1644)
2026-02-03 10:08:16,345 - Knowledge - INFO - Worker kw16 processing /app/data/T0002/210888/b48252o/odoo-210888/addons/hr_timesheet/report/users_timesheet.py
2026-02-03 10:08:16,446 - Knowledge - INFO - Fast-tracked /app/data/T0002/210888/b48252o/odoo-210888/addons/hr_timesheet/wizard/__init__.py (ext=.py, size=1144)
2026-02-03 10:08:16,452 - Knowledge - INFO - Worker kw16 processing /app/data/T0002/210888/b48252o/odoo-210888/addons/hr_timesheet/report/user_timesheet.py
2026-02-03 10:08:16,648 - Knowledge - INFO - Worker kw3 processing /app/data/T0002/210888/b48252o/odoo-210888/addons/hr_timesheet/hr_timesheet_data.xml
2026-02-03 10:08:16,841 - Knowledge - INFO - [kw13] Queue=665, InProgress=0, PendingWorkers=20/20, Completed=551/1263 (43.6%)
2026-02-03 10:08:16,842 - Knowledge - INFO - process ingested knowledge for /app/data/T0002/210888/b48252o/odoo-210888/addons/account_invoice_layout/report/special_message_invoice.py
2026-02-03 10:08:16,937 - Knowledge - INFO - [kw12] Queue=665, InProgress=0, PendingWorkers=20/20, Completed=551/1263 (43.6%)
2026-02-03 10:08:16,937 - Knowledge - INFO - Worker kw16 processing /app/data/T0002/210888/b48252o/odoo-210888/addons/hr_timesheet/report/__init__.py
2026-02-03 10:08:16,953 - Knowledge - INFO - process ingested knowledge for /app/data/T0002/210888/b48252o/odoo-210888/addons/project_timesheet/__terp__.py
2026-02-03 10:08:16,956 - Knowledge - INFO - process ingested knowledge for /app/data/T0002/210888/b48252o/odoo-210888/addons/report_task/report_task_view.xml
2026-02-03 10:08:17,052 - Knowledge - INFO - process ingested knowledge for /app/data/T0002/210888/b48252o/odoo-210888/addons/board_project/board_project_manager_view.xml
2026-02-03 10:08:17,065 - Knowledge - INFO - process ingested knowledge for /app/data/T0002/210888/b48252o/odoo-210888/addons/account_reporting/report/__init__.py
2026-02-03 10:08:17,141 - Knowledge - INFO - Batch sizing: calculated=8, max_allowed=10, queue=665, active_workers=20/20
2026-02-03 10:08:17,142 - Knowledge - INFO - process ingested knowledge for /app/data/T0002/210888/b48252o/odoo-210888/addons/base_report_designer/base_report_designer.py
2026-02-03 10:08:17,160 - Knowledge - INFO - Fast-tracked /app/data/T0002/210888/b48252o/odoo-210888/addons/hr_timesheet/hr_timesheet_data.xml (ext=.xml, size=319)
2026-02-03 10:08:17,343 - Knowledge - INFO - Batch sizing: calculated=8, max_allowed=10, queue=665, active_workers=20/20
2026-02-03 10:08:17,458 - Knowledge - INFO - Fast-tracked /app/data/T0002/210888/b48252o/odoo-210888/addons/hr_timesheet/report/__init__.py (ext=.py, size=1103)
2026-02-03 10:08:17,763 - Knowledge - INFO - Worker kw3 processing /app/data/T0002/210888/b48252o/odoo-210888/addons/hr_timesheet/hr_timesheet_report.xml
2026-02-03 10:08:17,845 - Knowledge - INFO - Worker kw16 processing /app/data/T0002/210888/b48252o/odoo-210888/addons/hr_timesheet/hr_timesheet_view.xml
2026-02-03 10:08:17,938 - Knowledge - INFO - Fast-tracked /app/data/T0002/210888/b48252o/odoo-210888/addons/hr_timesheet/hr_timesheet_report.xml (ext=.xml, size=1643)
2026-02-03 10:08:17,939 - Knowledge - INFO - Worker kw3 processing /app/data/T0002/210888/b48252o/odoo-210888/addons/hr_timesheet/__init__.py
2026-02-03 10:08:18,037 - Knowledge - INFO - Fast-tracked /app/data/T0002/210888/b48252o/odoo-210888/addons/hr_timesheet/hr_timesheet_view.xml (ext=.xml, size=6184)
2026-02-03 10:08:18,039 - Knowledge - INFO - Worker kw16 processing /app/data/T0002/210888/b48252o/odoo-210888/addons/hr_timesheet/__terp__.py
2026-02-03 10:08:18,065 - Knowledge - INFO - Fast-tracked /app/data/T0002/210888/b48252o/odoo-210888/addons/hr_timesheet/__init__.py (ext=.py, size=1106)
2026-02-03 10:08:18,065 - Knowledge - INFO - Worker kw3 processing /app/data/T0002/210888/b48252o/odoo-210888/addons/hr_timesheet/process/hr_timesheet_process.xml
2026-02-03 10:08:18,136 - Knowledge - INFO - Worker kw16 processing /app/data/T0002/210888/b48252o/odoo-210888/addons/hr_timesheet/wizard/wizard_print_timesheet_users.py
2026-02-03 10:08:18,159 - Knowledge - INFO - Fast-tracked /app/data/T0002/210888/b48252o/odoo-210888/addons/hr_timesheet/process/hr_timesheet_process.xml (ext=.xml, size=466)
2026-02-03 10:08:18,160 - Knowledge - INFO - Worker kw3 processing /app/data/T0002/210888/b48252o/odoo-210888/addons/profile_service/profile_service.xml
2026-02-03 10:08:18,248 - Knowledge - INFO - Worker kw16 processing /app/data/T0002/210888/b48252o/odoo-210888/addons/hr_timesheet/wizard/sign_in_out.py
2026-02-03 10:08:18,255 - Knowledge - INFO - Fast-tracked /app/data/T0002/210888/b48252o/odoo-210888/addons/profile_service/profile_service.xml (ext=.xml, size=2798)
2026-02-03 10:08:18,339 - Knowledge - INFO - Worker kw3 processing /app/data/T0002/210888/b48252o/odoo-210888/addons/profile_service/profile_service.py
2026-02-03 10:08:18,465 - Knowledge - INFO - Fast-tracked /app/data/T0002/210888/b48252o/odoo-210888/addons/hr_timesheet/wizard/wizard_print_timesheet.py (small file (2901 bytes))
2026-02-03 10:08:18,740 - Knowledge - INFO - Async storage completed for 8 embeddings
2026-02-03 10:08:19,037 - Knowledge - INFO - Fast-tracked /app/data/T0002/210888/b48252o/odoo-210888/addons/hr_timesheet/__terp__.py (small file (2132 bytes))
2026-02-03 10:08:19,047 - Knowledge - INFO - Async storing batch of 8 embeddings
2026-02-03 10:08:19,053 - Knowledge - INFO - Worker kw17 processing /app/data/T0002/210888/b48252o/odoo-210888/addons/profile_service/__terp__.py
2026-02-03 10:08:19,065 - Knowledge - INFO - Fast-tracked /app/data/T0002/210888/b48252o/odoo-210888/addons/profile_service/__terp__.py (ext=.py, size=1485)
2026-02-03 10:08:19,072 - Knowledge - INFO - Worker kw17 processing /app/data/T0002/210888/b48252o/odoo-210888/addons/profile_service/__init__.py
2026-02-03 10:08:19,073 - Knowledge - INFO - Fast-tracked /app/data/T0002/210888/b48252o/odoo-210888/addons/hr_timesheet/wizard/wizard_print_timesheet_users.py (small file (2166 bytes))
2026-02-03 10:08:19,158 - Knowledge - INFO - Fast-tracked /app/data/T0002/210888/b48252o/odoo-210888/addons/profile_service/__init__.py (ext=.py, size=1081)
2026-02-03 10:08:19,269 - Knowledge - INFO - Worker kw17 processing /app/data/T0002/210888/b48252o/odoo-210888/addons/l10n_be/account_demo.xml
2026-02-03 10:08:19,355 - Knowledge - INFO - Fast-tracked /app/data/T0002/210888/b48252o/odoo-210888/addons/l10n_be/account_demo.xml (ext=.xml, size=5948)
2026-02-03 10:08:19,363 - Knowledge - INFO - Worker kw17 processing /app/data/T0002/210888/b48252o/odoo-210888/addons/l10n_be/l10n_be_wizard.xml
2026-02-03 10:08:19,540 - Knowledge - INFO - Fast-tracked /app/data/T0002/210888/b48252o/odoo-210888/addons/l10n_be/l10n_be_wizard.xml (ext=.xml, size=2085)
2026-02-03 10:08:19,542 - Knowledge - INFO - Async storage completed for 8 embeddings
2026-02-03 10:08:19,548 - Knowledge - INFO - Worker kw17 processing /app/data/T0002/210888/b48252o/odoo-210888/addons/l10n_be/l10n_be_sequence.xml
2026-02-03 10:08:19,856 - Knowledge - INFO - Fast-tracked /app/data/T0002/210888/b48252o/odoo-210888/addons/l10n_be/l10n_be_sequence.xml (ext=.xml, size=949)
2026-02-03 10:08:19,950 - Knowledge - INFO - Worker kw17 processing /app/data/T0002/210888/b48252o/odoo-210888/addons/l10n_be/company.py
2026-02-03 10:08:19,972 - Knowledge - INFO - Fast-tracked /app/data/T0002/210888/b48252o/odoo-210888/addons/l10n_be/company.py (ext=.py, size=1758)
2026-02-03 10:08:20,051 - Knowledge - INFO - Worker kw17 processing /app/data/T0002/210888/b48252o/odoo-210888/addons/l10n_be/__terp__.py
2026-02-03 10:08:20,176 - Knowledge - INFO - process ingested knowledge for /app/data/T0002/210888/b48252o/odoo-210888/addons/account_invoice_layout/report/report_account_invoice_layout.py
2026-02-03 10:08:20,246 - Knowledge - INFO - process ingested knowledge for /app/data/T0002/210888/b48252o/odoo-210888/addons/project_timesheet/project_timesheet.py
2026-02-03 10:08:20,260 - Knowledge - INFO - Async storing batch of 8 embeddings
2026-02-03 10:08:20,337 - Knowledge - INFO - process ingested knowledge for /app/data/T0002/210888/b48252o/odoo-210888/addons/account_analytic_plans/model_wizard.xml
2026-02-03 10:08:20,352 - Knowledge - INFO - process ingested knowledge for /app/data/T0002/210888/b48252o/odoo-210888/addons/account_reporting/account_view.xml
2026-02-03 10:08:20,355 - Knowledge - INFO - process ingested knowledge for /app/data/T0002/210888/b48252o/odoo-210888/addons/base_report_designer/__init__.py
2026-02-03 10:08:20,355 - Knowledge - INFO - Worker kw17 processing /app/data/T0002/210888/b48252o/odoo-210888/addons/l10n_be/wizard/partner_vat_listing.py
2026-02-03 10:08:20,643 - Knowledge - INFO - Worker kw19 processing /app/data/T0002/210888/b48252o/odoo-210888/addons/l10n_be/wizard/account_vat_declaration.py
2026-02-03 10:08:20,838 - Knowledge - INFO - Worker kw19 processing /app/data/T0002/210888/b48252o/odoo-210888/addons/l10n_be/wizard/__init__.py
2026-02-03 10:08:20,943 - Knowledge - INFO - Fast-tracked /app/data/T0002/210888/b48252o/odoo-210888/addons/l10n_be/wizard/__init__.py (ext=.py, size=1139)
2026-02-03 10:08:20,943 - Knowledge - INFO - Worker kw19 processing /app/data/T0002/210888/b48252o/odoo-210888/addons/l10n_be/wizard/wizard_vat_intra.py
2026-02-03 10:08:20,956 - Knowledge - INFO - Worker kw19 processing /app/data/T0002/210888/b48252o/odoo-210888/addons/l10n_be/account_pcmn_belgium.xml
2026-02-03 10:08:21,042 - Knowledge - INFO - Fast-tracked /app/data/T0002/210888/b48252o/odoo-210888/addons/l10n_be/__terp__.py (small file (2930 bytes))
2026-02-03 10:08:21,246 - Knowledge - INFO - Fast-tracked /app/data/T0002/210888/b48252o/odoo-210888/addons/l10n_be/account_pcmn_belgium.xml (ext=.xml, size=364123)
2026-02-03 10:08:21,263 - Knowledge - INFO - Worker kw19 processing /app/data/T0002/210888/b48252o/odoo-210888/addons/l10n_be/__init__.py
2026-02-03 10:08:21,337 - Knowledge - INFO - Fast-tracked /app/data/T0002/210888/b48252o/odoo-210888/addons/l10n_be/__init__.py (ext=.py, size=1087)
2026-02-03 10:08:21,342 - Knowledge - INFO - Worker kw19 processing /app/data/T0002/210888/b48252o/odoo-210888/addons/l10n_be/fiscal_templates.xml
2026-02-03 10:08:21,450 - Knowledge - INFO - Fast-tracked /app/data/T0002/210888/b48252o/odoo-210888/addons/l10n_be/fiscal_templates.xml (ext=.xml, size=10953)
2026-02-03 10:08:21,465 - Knowledge - INFO - Worker kw19 processing /app/data/T0002/210888/b48252o/odoo-210888/addons/mrp_repair/mrp_repair_wizard.xml
2026-02-03 10:08:21,642 - Knowledge - INFO - Fast-tracked /app/data/T0002/210888/b48252o/odoo-210888/addons/mrp_repair/mrp_repair_wizard.xml (ext=.xml, size=513)
2026-02-03 10:08:21,658 - Knowledge - INFO - Worker kw19 processing /app/data/T0002/210888/b48252o/odoo-210888/addons/mrp_repair/mrp_repair_sequence.xml
2026-02-03 10:08:21,744 - Knowledge - INFO - Fast-tracked /app/data/T0002/210888/b48252o/odoo-210888/addons/mrp_repair/mrp_repair_sequence.xml (ext=.xml, size=549)
2026-02-03 10:08:21,760 - Knowledge - INFO - Async storage completed for 8 embeddings
2026-02-03 10:08:23,455 - Knowledge - INFO - Async storage completed for 8 embeddings
2026-02-03 10:08:23,567 - Knowledge - INFO - process ingested knowledge for /app/data/T0002/210888/b48252o/odoo-210888/addons/account_invoice_layout/report/__init__.py
2026-02-03 10:08:23,662 - Knowledge - INFO - process ingested knowledge for /app/data/T0002/210888/b48252o/odoo-210888/addons/project_timesheet/__init__.py
2026-02-03 10:08:23,663 - Knowledge - INFO - Async storing batch of 8 embeddings
2026-02-03 10:08:23,756 - Knowledge - INFO - Worker kw13 processing /app/data/T0002/210888/b48252o/odoo-210888/addons/mrp_repair/mrp_repair.py
2026-02-03 10:08:23,769 - Knowledge - INFO - Worker kw13 processing /app/data/T0002/210888/b48252o/odoo-210888/addons/mrp_repair/report/order.py
2026-02-03 10:08:23,771 - Knowledge - INFO - process ingested knowledge for /app/data/T0002/210888/b48252o/odoo-210888/addons/account_analytic_plans/account_analytic_plans_report.xml
2026-02-03 10:08:23,850 - Knowledge - INFO - process ingested knowledge for /app/data/T0002/210888/b48252o/odoo-210888/addons/account_reporting/__terp__.py
2026-02-03 10:08:23,854 - Knowledge - INFO - Worker kw13 processing /app/data/T0002/210888/b48252o/odoo-210888/addons/mrp_repair/report/__init__.py
2026-02-03 10:08:23,939 - Knowledge - INFO - Fast-tracked /app/data/T0002/210888/b48252o/odoo-210888/addons/mrp_repair/report/__init__.py (ext=.py, size=1072)
2026-02-03 10:08:23,944 - Knowledge - INFO - Worker kw13 processing /app/data/T0002/210888/b48252o/odoo-210888/addons/mrp_repair/mrp_repair_workflow.xml
2026-02-03 10:08:23,956 - Knowledge - INFO - Fast-tracked /app/data/T0002/210888/b48252o/odoo-210888/addons/mrp_repair/mrp_repair_workflow.xml (ext=.xml, size=9123)
2026-02-03 10:08:23,963 - Knowledge - INFO - Worker kw13 processing /app/data/T0002/210888/b48252o/odoo-210888/addons/mrp_repair/mrp_repair_view.xml
2026-02-03 10:08:24,063 - Knowledge - INFO - Fast-tracked /app/data/T0002/210888/b48252o/odoo-210888/addons/mrp_repair/mrp_repair_view.xml (ext=.xml, size=14803)
2026-02-03 10:08:24,063 - Knowledge - INFO - Worker kw13 processing /app/data/T0002/210888/b48252o/odoo-210888/addons/mrp_repair/__terp__.py
2026-02-03 10:08:24,137 - Knowledge - INFO - Fast-tracked /app/data/T0002/210888/b48252o/odoo-210888/addons/mrp_repair/__terp__.py (ext=.py, size=1988)
2026-02-03 10:08:24,137 - Knowledge - INFO - Worker kw13 processing /app/data/T0002/210888/b48252o/odoo-210888/addons/mrp_repair/wizard/wizard_make_invoice.py
2026-02-03 10:08:24,178 - Knowledge - INFO - Worker kw13 processing /app/data/T0002/210888/b48252o/odoo-210888/addons/mrp_repair/wizard/__init__.py
2026-02-03 10:08:24,236 - Knowledge - INFO - Fast-tracked /app/data/T0002/210888/b48252o/odoo-210888/addons/mrp_repair/wizard/__init__.py (ext=.py, size=1113)
2026-02-03 10:08:24,641 - Knowledge - INFO - process ingested knowledge for /app/data/T0002/210888/b48252o/odoo-210888/addons/board_project/board_project_demo.xml
2026-02-03 10:08:24,656 - Knowledge - INFO - process ingested knowledge for /app/data/T0002/210888/b48252o/odoo-210888/addons/account_invoice_layout/__terp__.py
2026-02-03 10:08:24,678 - Knowledge - INFO - process ingested knowledge for /app/data/T0002/210888/b48252o/odoo-210888/addons/account_chart/__terp__.py
2026-02-03 10:08:24,741 - Knowledge - INFO - process ingested knowledge for /app/data/T0002/210888/b48252o/odoo-210888/addons/report_analytic_planning/report_analytic_planning_report.xml
2026-02-03 10:08:24,949 - Knowledge - INFO - Fast-tracked /app/data/T0002/210888/b48252o/odoo-210888/addons/mrp_repair/report/order.py (small file (2269 bytes))
2026-02-03 10:08:25,077 - Knowledge - INFO - Fast-tracked /app/data/T0002/210888/b48252o/odoo-210888/addons/mrp_repair/wizard/wizard_make_invoice.py (small file (2667 bytes))
2026-02-03 10:08:25,166 - Knowledge - INFO - Async storage completed for 8 embeddings
2026-02-03 10:08:26,445 - Knowledge - INFO - process ingested knowledge for /app/data/T0002/210888/b48252o/odoo-210888/addons/account_reporting/wizard/wizard_account_balance_report.py
2026-02-03 10:08:26,481 - Knowledge - INFO - process ingested knowledge for /app/data/T0002/210888/b48252o/odoo-210888/addons/board_project/board_project_view.xml
2026-02-03 10:08:26,539 - Knowledge - INFO - [kw14] Queue=641, InProgress=0, PendingWorkers=20/20, Completed=557/1263 (44.1%)
2026-02-03 10:08:26,550 - Knowledge - INFO - Batch sizing: calculated=8, max_allowed=10, queue=641, active_workers=20/20
2026-02-03 10:08:26,672 - Knowledge - INFO - process ingested knowledge for /app/data/T0002/210888/b48252o/odoo-210888/addons/account_invoice_layout/wizard/invoice_special_message.py
2026-02-03 10:08:26,752 - Knowledge - INFO - process ingested knowledge for /app/data/T0002/210888/b48252o/odoo-210888/addons/account_chart/account_chart.xml
2026-02-03 10:08:27,637 - Knowledge - INFO - Async storing batch of 8 embeddings
2026-02-03 10:08:27,649 - Knowledge - INFO - process ingested knowledge for /app/data/T0002/210888/b48252o/odoo-210888/addons/account_reporting/wizard/__init__.py
2026-02-03 10:08:27,653 - Knowledge - INFO - process ingested knowledge for /app/data/T0002/210888/b48252o/odoo-210888/addons/account_analytic_plans/report/crossovered_analytic.py
2026-02-03 10:08:27,748 - Knowledge - INFO - Worker kw12 processing /app/data/T0002/210888/b48252o/odoo-210888/addons/mrp_repair/wizard/wizard_cancel_repair.py
2026-02-03 10:08:27,839 - Knowledge - INFO - Async storing batch of 8 embeddings
2026-02-03 10:08:27,973 - Knowledge - INFO - process ingested knowledge for /app/data/T0002/210888/b48252o/odoo-210888/addons/report_analytic_planning/report/__init__.py
2026-02-03 10:08:28,071 - Knowledge - INFO - process ingested knowledge for /app/data/T0002/210888/b48252o/odoo-210888/addons/account_chart/__init__.py
2026-02-03 10:08:28,353 - Knowledge - INFO - Worker kw12 processing /app/data/T0002/210888/b48252o/odoo-210888/addons/mrp_repair/mrp_repair_report.xml
2026-02-03 10:08:28,764 - Knowledge - INFO - Worker kw14 processing /app/data/T0002/210888/b48252o/odoo-210888/addons/l10n_chart_uk_minimal/__init__.py
2026-02-03 10:08:29,061 - Knowledge - INFO - Fast-tracked /app/data/T0002/210888/b48252o/odoo-210888/addons/mrp_repair/mrp_repair_report.xml (ext=.xml, size=242)
2026-02-03 10:08:29,136 - Knowledge - INFO - Worker kw12 processing /app/data/T0002/210888/b48252o/odoo-210888/addons/mrp_repair/__init__.py
2026-02-03 10:08:29,147 - Knowledge - INFO - Fast-tracked /app/data/T0002/210888/b48252o/odoo-210888/addons/l10n_chart_uk_minimal/__init__.py (ext=.py, size=1513)
2026-02-03 10:08:29,173 - Knowledge - INFO - Worker kw14 processing /app/data/T0002/210888/b48252o/odoo-210888/addons/product/product_wizard.xml
2026-02-03 10:08:29,173 - Knowledge - INFO - Fast-tracked /app/data/T0002/210888/b48252o/odoo-210888/addons/mrp_repair/__init__.py (ext=.py, size=1105)
2026-02-03 10:08:29,175 - Knowledge - INFO - Fast-tracked /app/data/T0002/210888/b48252o/odoo-210888/addons/product/product_wizard.xml (ext=.xml, size=216)
2026-02-03 10:08:29,236 - Knowledge - INFO - Worker kw12 processing /app/data/T0002/210888/b48252o/odoo-210888/addons/l10n_chart_uk_minimal/account_types.xml
2026-02-03 10:08:29,549 - Knowledge - INFO - Worker kw14 processing /app/data/T0002/210888/b48252o/odoo-210888/addons/product/pricelist_view.xml
2026-02-03 10:08:29,666 - Knowledge - INFO - Fast-tracked /app/data/T0002/210888/b48252o/odoo-210888/addons/l10n_chart_uk_minimal/account_types.xml (ext=.xml, size=2057)
2026-02-03 10:08:29,667 - Knowledge - INFO - Worker kw12 processing /app/data/T0002/210888/b48252o/odoo-210888/addons/l10n_chart_uk_minimal/account_tax.xml
2026-02-03 10:08:29,752 - Knowledge - INFO - Fast-tracked /app/data/T0002/210888/b48252o/odoo-210888/addons/l10n_chart_uk_minimal/account_tax.xml (ext=.xml, size=11739)
2026-02-03 10:08:29,847 - Knowledge - INFO - Worker kw12 processing /app/data/T0002/210888/b48252o/odoo-210888/addons/l10n_chart_uk_minimal/__terp__.py
2026-02-03 10:08:29,853 - Knowledge - INFO - Fast-tracked /app/data/T0002/210888/b48252o/odoo-210888/addons/product/pricelist_view.xml (ext=.xml, size=9570)
2026-02-03 10:08:29,860 - Knowledge - INFO - Worker kw14 processing /app/data/T0002/210888/b48252o/odoo-210888/addons/product/security/product_security.xml
2026-02-03 10:08:29,938 - Knowledge - INFO - Worker kw12 processing /app/data/T0002/210888/b48252o/odoo-210888/addons/l10n_chart_uk_minimal/l10n_uk_wizard.xml
2026-02-03 10:08:29,960 - Knowledge - INFO - Fast-tracked /app/data/T0002/210888/b48252o/odoo-210888/addons/l10n_chart_uk_minimal/l10n_uk_wizard.xml (ext=.xml, size=868)
2026-02-03 10:08:30,036 - Knowledge - INFO - Fast-tracked /app/data/T0002/210888/b48252o/odoo-210888/addons/product/security/product_security.xml (ext=.xml, size=342)
2026-02-03 10:08:30,057 - Knowledge - INFO - Worker kw12 processing /app/data/T0002/210888/b48252o/odoo-210888/addons/l10n_chart_uk_minimal/account_chart.xml
2026-02-03 10:08:30,069 - Knowledge - INFO - Worker kw14 processing /app/data/T0002/210888/b48252o/odoo-210888/addons/product/product.py
2026-02-03 10:08:30,267 - Knowledge - INFO - Fast-tracked /app/data/T0002/210888/b48252o/odoo-210888/addons/l10n_chart_uk_minimal/account_chart.xml (ext=.xml, size=7928)
2026-02-03 10:08:30,360 - Knowledge - INFO - [LLM_CALL] Completed: profile_service.py:chunk1, Duration: 11799ms, PromptTokens: 2920, CompletionTokens: 315, Cost: $0.00042
2026-02-03 10:08:30,373 - Knowledge - INFO - Worker kw14 processing /app/data/T0002/210888/b48252o/odoo-210888/addons/product/product_demo.xml
2026-02-03 10:08:30,453 - Knowledge - INFO - done ingest for /app/data/T0002/210888/b48252o/odoo-210888/addons/profile_service/profile_service.py
2026-02-03 10:08:30,469 - Knowledge - INFO - Fast-tracked /app/data/T0002/210888/b48252o/odoo-210888/addons/mrp_repair/wizard/wizard_cancel_repair.py (small file (2877 bytes))
2026-02-03 10:08:30,648 - Knowledge - INFO - Fast-tracked /app/data/T0002/210888/b48252o/odoo-210888/addons/product/product_demo.xml (ext=.xml, size=25628)
2026-02-03 10:08:30,670 - Knowledge - INFO - Worker kw14 processing /app/data/T0002/210888/b48252o/odoo-210888/addons/product/report/product_pricelist.py
2026-02-03 10:08:30,763 - Knowledge - INFO - Worker kw14 processing /app/data/T0002/210888/b48252o/odoo-210888/addons/product/report/pricelist.py
2026-02-03 10:08:30,840 - Knowledge - INFO - Async storage completed for 8 embeddings
2026-02-03 10:08:32,469 - Knowledge - INFO - Async storage completed for 8 embeddings
2026-02-03 10:08:32,758 - Knowledge - INFO - process ingested knowledge for /app/data/T0002/210888/b48252o/odoo-210888/addons/report_task/__terp__.py
2026-02-03 10:08:33,079 - Knowledge - INFO - [LLM_CALL] Completed: hr_timesheet.py:chunk1, Duration: 19819ms, PromptTokens: 3816, CompletionTokens: 589, Cost: $0.00062
2026-02-03 10:08:33,143 - Knowledge - INFO - done ingest for /app/data/T0002/210888/b48252o/odoo-210888/addons/hr_timesheet/hr_timesheet.py
2026-02-03 10:08:34,558 - Knowledge - INFO - process ingested knowledge for /app/data/T0002/210888/b48252o/odoo-210888/addons/account_analytic_plans/report/__init__.py
2026-02-03 10:08:38,458 - Knowledge - INFO - [LLM_CALL] Completed: partner_vat_listing.py:chunk1, Duration: 16984ms, PromptTokens: 6058, CompletionTokens: 393, Cost: $0.00076
2026-02-03 10:08:38,462 - Knowledge - INFO - done ingest for /app/data/T0002/210888/b48252o/odoo-210888/addons/l10n_be/wizard/partner_vat_listing.py
2026-02-03 10:08:39,578 - Knowledge - INFO - process ingested knowledge for /app/data/T0002/210888/b48252o/odoo-210888/addons/account_analytic_plans/__terp__.py
2026-02-03 10:08:41,169 - Knowledge - INFO - [LLM_CALL] Completed: __terp__.py:chunk1, Duration: 10599ms, PromptTokens: 2640, CompletionTokens: 208, Cost: $0.00035
2026-02-03 10:08:41,170 - Knowledge - INFO - done ingest for /app/data/T0002/210888/b48252o/odoo-210888/addons/l10n_chart_uk_minimal/__terp__.py
2026-02-03 10:08:41,580 - Knowledge - INFO - Processing batch of 8 files
2026-02-03 10:08:41,648 - Knowledge - INFO - process ingested knowledge for /app/data/T0002/210888/b48252o/odoo-210888/addons/base_module_record/wizard/base_module_save.py
2026-02-03 10:08:43,057 - Knowledge - INFO - process ingested knowledge for /app/data/T0002/210888/b48252o/odoo-210888/addons/account_reporting/account_data.xml
2026-02-03 10:08:46,762 - Knowledge - INFO - process ingested knowledge for /app/data/T0002/210888/b48252o/odoo-210888/addons/base_module_record/wizard/base_module_record.py
2026-02-03 10:08:48,348 - Knowledge - INFO - [kw8] Queue=625, InProgress=0, PendingWorkers=20/20, Completed=572/1263 (45.3%)
2026-02-03 10:08:48,364 - Knowledge - INFO - Batch sizing: calculated=8, max_allowed=10, queue=625, active_workers=20/20
2026-02-03 10:08:49,356 - Knowledge - INFO - [LLM_CALL] Completed: wizard_vat_intra.py:chunk1, Duration: 26988ms, PromptTokens: 5374, CompletionTokens: 380, Cost: $0.00069
2026-02-03 10:08:49,356 - Knowledge - INFO - done ingest for /app/data/T0002/210888/b48252o/odoo-210888/addons/l10n_be/wizard/wizard_vat_intra.py
2026-02-03 10:08:50,369 - Knowledge - INFO - [LLM_CALL] Completed: users_timesheet.py:chunk1, Duration: 31894ms, PromptTokens: 3234, CompletionTokens: 320, Cost: $0.00045
2026-02-03 10:08:50,437 - Knowledge - INFO - done ingest for /app/data/T0002/210888/b48252o/odoo-210888/addons/hr_timesheet/report/users_timesheet.py
2026-02-03 10:08:51,740 - Knowledge - INFO - [LLM_CALL] Completed: account_vat_declaration.py:chunk1, Duration: 29786ms, PromptTokens: 4264, CompletionTokens: 295, Cost: $0.00054
2026-02-03 10:08:51,740 - Knowledge - INFO - done ingest for /app/data/T0002/210888/b48252o/odoo-210888/addons/l10n_be/wizard/account_vat_declaration.py
2026-02-03 10:08:53,443 - Knowledge - INFO - Async storing batch of 8 embeddings
2026-02-03 10:08:53,553 - Knowledge - INFO - Worker kw8 processing /app/data/T0002/210888/b48252o/odoo-210888/addons/product/report/__init__.py
2026-02-03 10:08:53,559 - Knowledge - INFO - Processing batch of 8 files
2026-02-03 10:08:53,659 - Knowledge - INFO - process ingested knowledge for /app/data/T0002/210888/b48252o/odoo-210888/addons/product_margin/wizard/__init__.py
2026-02-03 10:08:53,660 - Knowledge - INFO - Fast-tracked /app/data/T0002/210888/b48252o/odoo-210888/addons/product/report/__init__.py (ext=.py, size=1083)
2026-02-03 10:08:53,736 - Knowledge - INFO - Worker kw8 processing /app/data/T0002/210888/b48252o/odoo-210888/addons/product/report/product_label.xml
2026-02-03 10:08:53,837 - Knowledge - INFO - Fast-tracked /app/data/T0002/210888/b48252o/odoo-210888/addons/product/report/product_label.xml (ext=.xml, size=406)
2026-02-03 10:08:53,857 - Knowledge - INFO - Worker kw8 processing /app/data/T0002/210888/b48252o/odoo-210888/addons/product/product_view.xml
2026-02-03 10:08:54,037 - Knowledge - INFO - Fast-tracked /app/data/T0002/210888/b48252o/odoo-210888/addons/product/product_view.xml (ext=.xml, size=28238)
2026-02-03 10:08:54,037 - Knowledge - INFO - Worker kw8 processing /app/data/T0002/210888/b48252o/odoo-210888/addons/product/pricelist.py
2026-02-03 10:08:54,152 - Knowledge - INFO - Worker kw8 processing /app/data/T0002/210888/b48252o/odoo-210888/addons/product/__terp__.py
2026-02-03 10:08:54,239 - Knowledge - INFO - [LLM_CALL] Completed: user_timesheet.py:chunk1, Duration: 35486ms, PromptTokens: 3324, CompletionTokens: 341, Cost: $0.00047
2026-02-03 10:08:54,239 - Knowledge - INFO - done ingest for /app/data/T0002/210888/b48252o/odoo-210888/addons/hr_timesheet/report/user_timesheet.py
2026-02-03 10:08:54,239 - Knowledge - INFO - Worker kw8 processing /app/data/T0002/210888/b48252o/odoo-210888/addons/product/wizard/wizard_price.py
2026-02-03 10:08:54,361 - Knowledge - INFO - Worker kw8 processing /app/data/T0002/210888/b48252o/odoo-210888/addons/product/wizard/__init__.py
2026-02-03 10:08:54,442 - Knowledge - INFO - Fast-tracked /app/data/T0002/210888/b48252o/odoo-210888/addons/product/wizard/__init__.py (ext=.py, size=1078)
2026-02-03 10:08:54,449 - Knowledge - INFO - Worker kw8 processing /app/data/T0002/210888/b48252o/odoo-210888/addons/product/product_data.xml
2026-02-03 10:08:54,556 - Knowledge - INFO - Fast-tracked /app/data/T0002/210888/b48252o/odoo-210888/addons/product/product_data.xml (ext=.xml, size=3091)
2026-02-03 10:08:54,960 - Knowledge - INFO - [kw11] Queue=617, InProgress=0, PendingWorkers=20/20, Completed=578/1263 (45.8%)
2026-02-03 10:08:55,055 - Knowledge - INFO - Batch sizing: calculated=8, max_allowed=10, queue=617, active_workers=20/20
2026-02-03 10:08:55,058 - Knowledge - INFO - Fast-tracked /app/data/T0002/210888/b48252o/odoo-210888/addons/product/__terp__.py (small file (2312 bytes))
2026-02-03 10:08:55,272 - Knowledge - INFO - Fast-tracked /app/data/T0002/210888/b48252o/odoo-210888/addons/product/wizard/wizard_price.py (small file (2285 bytes))
2026-02-03 10:08:55,273 - Knowledge - INFO - Async storage completed for 8 embeddings
2026-02-03 10:08:55,868 - Knowledge - INFO - process ingested knowledge for /app/data/T0002/210888/b48252o/odoo-210888/addons/base_module_record/wizard/__init__.py
2026-02-03 10:09:01,644 - Knowledge - INFO - process ingested knowledge for /app/data/T0002/210888/b48252o/odoo-210888/addons/product_margin/product_margin.py
2026-02-03 10:09:02,836 - Knowledge - INFO - Async storing batch of 8 embeddings
2026-02-03 10:09:03,045 - Knowledge - INFO - Worker kw11 processing /app/data/T0002/210888/b48252o/odoo-210888/addons/product/partner_view.xml
2026-02-03 10:09:03,069 - Knowledge - INFO - Fast-tracked /app/data/T0002/210888/b48252o/odoo-210888/addons/product/partner_view.xml (ext=.xml, size=804)
2026-02-03 10:09:03,069 - Knowledge - INFO - Worker kw11 processing /app/data/T0002/210888/b48252o/odoo-210888/addons/product/partner.py
2026-02-03 10:09:03,263 - Knowledge - INFO - Fast-tracked /app/data/T0002/210888/b48252o/odoo-210888/addons/product/partner.py (ext=.py, size=1637)
2026-02-03 10:09:03,274 - Knowledge - INFO - Worker kw11 processing /app/data/T0002/210888/b48252o/odoo-210888/addons/product/product_report.xml
2026-02-03 10:09:03,365 - Knowledge - INFO - Fast-tracked /app/data/T0002/210888/b48252o/odoo-210888/addons/product/product_report.xml (ext=.xml, size=560)
2026-02-03 10:09:03,365 - Knowledge - INFO - Worker kw11 processing /app/data/T0002/210888/b48252o/odoo-210888/addons/product/__init__.py
2026-02-03 10:09:03,545 - Knowledge - INFO - Fast-tracked /app/data/T0002/210888/b48252o/odoo-210888/addons/product/__init__.py (ext=.py, size=1133)
2026-02-03 10:09:03,561 - Knowledge - INFO - Worker kw11 processing /app/data/T0002/210888/b48252o/odoo-210888/addons/product/_common.py
2026-02-03 10:09:03,583 - Knowledge - INFO - Fast-tracked /app/data/T0002/210888/b48252o/odoo-210888/addons/product/_common.py (ext=.py, size=1139)
2026-02-03 10:09:03,680 - Knowledge - INFO - Worker kw11 processing /app/data/T0002/210888/b48252o/odoo-210888/addons/product/process/product_process.xml
2026-02-03 10:09:04,046 - Knowledge - INFO - Fast-tracked /app/data/T0002/210888/b48252o/odoo-210888/addons/product/process/product_process.xml (ext=.xml, size=2587)
2026-02-03 10:09:04,046 - Knowledge - INFO - Worker kw11 processing /app/data/T0002/210888/b48252o/odoo-210888/addons/mrp_subproduct/mrp_subproduct.py
2026-02-03 10:09:04,145 - Knowledge - INFO - Worker kw11 processing /app/data/T0002/210888/b48252o/odoo-210888/addons/mrp_subproduct/mrp_subproduct_view.xml
2026-02-03 10:09:04,157 - Knowledge - INFO - Fast-tracked /app/data/T0002/210888/b48252o/odoo-210888/addons/mrp_subproduct/mrp_subproduct_view.xml (ext=.xml, size=1443)
2026-02-03 10:09:04,250 - Knowledge - INFO - process ingested knowledge for /app/data/T0002/210888/b48252o/odoo-210888/addons/base_module_record/base_module_record.py
2026-02-03 10:09:04,952 - Knowledge - INFO - Async storage completed for 8 embeddings
2026-02-03 10:09:10,457 - Knowledge - INFO - process ingested knowledge for /app/data/T0002/210888/b48252o/odoo-210888/addons/product_margin/__init__.py
2026-02-03 10:09:10,670 - Knowledge - INFO - [LLM_CALL] Completed: sign_in_out.py:chunk1, Duration: 51307ms, PromptTokens: 4966, CompletionTokens: 506, Cost: $0.00070
2026-02-03 10:09:10,736 - Knowledge - INFO - done ingest for /app/data/T0002/210888/b48252o/odoo-210888/addons/hr_timesheet/wizard/sign_in_out.py
2026-02-03 10:09:11,768 - Knowledge - INFO - process ingested knowledge for /app/data/T0002/210888/b48252o/odoo-210888/addons/base_module_record/base_module_record_wizard.xml
2026-02-03 10:09:12,269 - Knowledge - INFO - Processing batch of 8 files
2026-02-03 10:09:12,446 - Knowledge - INFO - process ingested knowledge for /app/data/T0002/210888/b48252o/odoo-210888/addons/hr_timesheet/wizard/wizard_print_timesheet.py
2026-02-03 10:09:14,137 - Knowledge - INFO - [WEBSOCKET] Sent: Type=progress_update, Size: 296, Duration: 0ms
2026-02-03 10:09:14,149 - Knowledge - INFO - [WEBSOCKET] Sent: Type=unknown, Size: ?, Duration: 13ms
2026-02-03 10:09:14,149 - Knowledge - INFO - Progress: 46.8% | Files: 591/1263 | Rate: 0.96 files/sec | Queue: 609
2026-02-03 10:09:14,150 - Knowledge - INFO - process ingested knowledge for /app/data/T0002/210888/b48252o/odoo-210888/addons/product_margin/product_margin_view.xml
2026-02-03 10:09:15,977 - Knowledge - INFO - Processing batch of 8 files
2026-02-03 10:09:16,258 - Knowledge - INFO - process ingested knowledge for /app/data/T0002/210888/b48252o/odoo-210888/addons/hr_expense/hr_expense_view.xml
2026-02-03 10:09:17,677 - Knowledge - INFO - process ingested knowledge for /app/data/T0002/210888/b48252o/odoo-210888/addons/base_module_record/__init__.py
2026-02-03 10:09:17,744 - Knowledge - INFO - process ingested knowledge for /app/data/T0002/210888/b48252o/odoo-210888/addons/hr_timesheet/wizard/__init__.py
2026-02-03 10:09:19,337 - Knowledge - INFO - [kw7] Queue=609, InProgress=0, PendingWorkers=20/20, Completed=594/1263 (47.0%)
2026-02-03 10:09:19,342 - Knowledge - INFO - Batch sizing: calculated=8, max_allowed=10, queue=609, active_workers=20/20
2026-02-03 10:09:19,454 - Knowledge - INFO - process ingested knowledge for /app/data/T0002/210888/b48252o/odoo-210888/addons/hr_expense/hr_expense.py
2026-02-03 10:09:20,355 - Knowledge - INFO - process ingested knowledge for /app/data/T0002/210888/b48252o/odoo-210888/addons/hr_expense/hr_expense_workflow.xml
2026-02-03 10:09:21,558 - Knowledge - INFO - [LLM_CALL] Completed: mrp_repair.py:chunk1, Duration: 57208ms, PromptTokens: 14526, CompletionTokens: 1426, Cost: $0.00202
2026-02-03 10:09:21,575 - Knowledge - INFO - process ingested knowledge for /app/data/T0002/210888/b48252o/odoo-210888/addons/product_margin/__terp__.py
2026-02-03 10:09:21,576 - Knowledge - INFO - done ingest for /app/data/T0002/210888/b48252o/odoo-210888/addons/mrp_repair/mrp_repair.py
2026-02-03 10:09:21,840 - Knowledge - INFO - [LLM_CALL] Completed: mrp_subproduct.py:chunk1, Duration: 17485ms, PromptTokens: 2624, CompletionTokens: 380, Cost: $0.00041
2026-02-03 10:09:21,843 - Knowledge - INFO - done ingest for /app/data/T0002/210888/b48252o/odoo-210888/addons/mrp_subproduct/mrp_subproduct.py
2026-02-03 10:09:23,769 - Knowledge - INFO - process ingested knowledge for /app/data/T0002/210888/b48252o/odoo-210888/addons/hr_expense/hr_expense_sequence.xml
2026-02-03 10:09:23,847 - Knowledge - INFO - [LLM_CALL] Completed: product_pricelist.py:chunk1, Duration: 52396ms, PromptTokens: 2994, CompletionTokens: 468, Cost: $0.00049
2026-02-03 10:09:23,855 - Knowledge - INFO - done ingest for /app/data/T0002/210888/b48252o/odoo-210888/addons/product/report/product_pricelist.py
2026-02-03 10:09:25,152 - Knowledge - INFO - process ingested knowledge for /app/data/T0002/210888/b48252o/odoo-210888/addons/hr_timesheet/hr_timesheet_data.xml
2026-02-03 10:09:25,170 - Knowledge - INFO - process ingested knowledge for /app/data/T0002/210888/b48252o/odoo-210888/addons/product_margin/wizard/wizard_product_margin.py
2026-02-03 10:09:25,943 - Knowledge - INFO - Async storing batch of 8 embeddings
2026-02-03 10:09:26,072 - Knowledge - INFO - Worker kw7 processing /app/data/T0002/210888/b48252o/odoo-210888/addons/mrp_subproduct/__terp__.py
2026-02-03 10:09:26,250 - Knowledge - INFO - Fast-tracked /app/data/T0002/210888/b48252o/odoo-210888/addons/mrp_subproduct/__terp__.py (ext=.py, size=1704)
2026-02-03 10:09:26,267 - Knowledge - INFO - Worker kw7 processing /app/data/T0002/210888/b48252o/odoo-210888/addons/mrp_subproduct/__init__.py
2026-02-03 10:09:26,350 - Knowledge - INFO - Fast-tracked /app/data/T0002/210888/b48252o/odoo-210888/addons/mrp_subproduct/__init__.py (ext=.py, size=1078)
2026-02-03 10:09:26,363 - Knowledge - INFO - Worker kw7 processing /app/data/T0002/210888/b48252o/odoo-210888/addons/crm_configuration/crm_config_view.xml
2026-02-03 10:09:26,473 - Knowledge - INFO - Fast-tracked /app/data/T0002/210888/b48252o/odoo-210888/addons/crm_configuration/crm_config_view.xml (ext=.xml, size=4604)
2026-02-03 10:09:26,482 - Knowledge - INFO - Worker kw7 processing /app/data/T0002/210888/b48252o/odoo-210888/addons/crm_configuration/crm_phonecall_view.xml
2026-02-03 10:09:26,639 - Knowledge - INFO - Fast-tracked /app/data/T0002/210888/b48252o/odoo-210888/addons/crm_configuration/crm_phonecall_view.xml (ext=.xml, size=6895)
2026-02-03 10:09:26,660 - Knowledge - INFO - Worker kw7 processing /app/data/T0002/210888/b48252o/odoo-210888/addons/crm_configuration/crm_lead_view.xml
2026-02-03 10:09:26,738 - Knowledge - INFO - Fast-tracked /app/data/T0002/210888/b48252o/odoo-210888/addons/crm_configuration/crm_lead_view.xml (ext=.xml, size=7937)
2026-02-03 10:09:26,738 - Knowledge - INFO - Worker kw7 processing /app/data/T0002/210888/b48252o/odoo-210888/addons/crm_configuration/crm_configuration_wizard.xml
2026-02-03 10:09:26,774 - Knowledge - INFO - Fast-tracked /app/data/T0002/210888/b48252o/odoo-210888/addons/crm_configuration/crm_configuration_wizard.xml (ext=.xml, size=794)
2026-02-03 10:09:26,774 - Knowledge - INFO - Worker kw7 processing /app/data/T0002/210888/b48252o/odoo-210888/addons/crm_configuration/crm_jobs_view.xml
2026-02-03 10:09:26,843 - Knowledge - INFO - Fast-tracked /app/data/T0002/210888/b48252o/odoo-210888/addons/crm_configuration/crm_jobs_view.xml (ext=.xml, size=8287)
2026-02-03 10:09:26,947 - Knowledge - INFO - Worker kw7 processing /app/data/T0002/210888/b48252o/odoo-210888/addons/crm_configuration/crm_helpdesk_menu.xml
2026-02-03 10:09:26,967 - Knowledge - INFO - Fast-tracked /app/data/T0002/210888/b48252o/odoo-210888/addons/crm_configuration/crm_helpdesk_menu.xml (ext=.xml, size=20354)
2026-02-03 10:09:27,047 - Knowledge - INFO - Async storage completed for 8 embeddings
2026-02-03 10:09:27,270 - Knowledge - INFO - [LLM_CALL] Completed: pricelist.py:chunk1, Duration: 32605ms, PromptTokens: 8640, CompletionTokens: 883, Cost: $0.00122
2026-02-03 10:09:27,271 - Knowledge - INFO - done ingest for /app/data/T0002/210888/b48252o/odoo-210888/addons/product/pricelist.py
2026-02-03 10:09:27,570 - Knowledge - INFO - process ingested knowledge for /app/data/T0002/210888/b48252o/odoo-210888/addons/hr_expense/__terp__.py
2026-02-03 10:09:27,638 - Knowledge - INFO - process ingested knowledge for /app/data/T0002/210888/b48252o/odoo-210888/addons/hr_expense/report/__init__.py
2026-02-03 10:09:28,444 - Knowledge - INFO - Processing batch of 8 files
2026-02-03 10:09:28,472 - Knowledge - INFO - process ingested knowledge for /app/data/T0002/210888/b48252o/odoo-210888/addons/mrp_repair/wizard/wizard_cancel_repair.py
2026-02-03 10:09:28,474 - Knowledge - INFO - process ingested knowledge for /app/data/T0002/210888/b48252o/odoo-210888/addons/hr_timesheet/hr_timesheet_report.xml
2026-02-03 10:09:30,246 - Knowledge - INFO - [kw10] Queue=601, InProgress=0, PendingWorkers=20/20, Completed=609/1263 (48.2%)
2026-02-03 10:09:30,246 - Knowledge - INFO - Batch sizing: calculated=8, max_allowed=10, queue=601, active_workers=20/20
2026-02-03 10:09:31,147 - Knowledge - INFO - [kw6] Queue=601, InProgress=0, PendingWorkers=20/20, Completed=611/1263 (48.4%)
2026-02-03 10:09:31,147 - Knowledge - INFO - Batch sizing: calculated=8, max_allowed=10, queue=601, active_workers=20/20
2026-02-03 10:09:31,248 - Knowledge - INFO - process ingested knowledge for /app/data/T0002/210888/b48252o/odoo-210888/addons/hr_timesheet/__init__.py
2026-02-03 10:09:31,543 - Knowledge - INFO - Processing batch of 8 files
2026-02-03 10:09:31,549 - Knowledge - INFO - process ingested knowledge for /app/data/T0002/210888/b48252o/odoo-210888/addons/profile_service/__terp__.py
2026-02-03 10:09:31,962 - Knowledge - INFO - [LLM_CALL] Completed: product.py:chunk1, Duration: 61005ms, PromptTokens: 15556, CompletionTokens: 1074, Cost: $0.00199
2026-02-03 10:09:32,043 - Knowledge - INFO - done ingest for /app/data/T0002/210888/b48252o/odoo-210888/addons/product/product.py
2026-02-03 10:09:32,070 - Knowledge - INFO - process ingested knowledge for /app/data/T0002/210888/b48252o/odoo-210888/addons/hr_expense/hr_expense_report.xml
2026-02-03 10:09:32,137 - Knowledge - INFO - Async storing batch of 8 embeddings
2026-02-03 10:09:32,553 - Knowledge - INFO - Worker kw10 processing /app/data/T0002/210888/b48252o/odoo-210888/addons/crm_configuration/crm_helpdesk_demo.xml
2026-02-03 10:09:32,577 - Knowledge - INFO - Fast-tracked /app/data/T0002/210888/b48252o/odoo-210888/addons/crm_configuration/crm_helpdesk_demo.xml (ext=.xml, size=72)
2026-02-03 10:09:32,636 - Knowledge - INFO - Worker kw10 processing /app/data/T0002/210888/b48252o/odoo-210888/addons/crm_configuration/report/crm_report.py
2026-02-03 10:09:32,663 - Knowledge - INFO - Worker kw10 processing /app/data/T0002/210888/b48252o/odoo-210888/addons/crm_configuration/report/__init__.py
2026-02-03 10:09:32,765 - Knowledge - INFO - Fast-tracked /app/data/T0002/210888/b48252o/odoo-210888/addons/crm_configuration/report/__init__.py (ext=.py, size=1075)
2026-02-03 10:09:32,765 - Knowledge - INFO - Worker kw10 processing /app/data/T0002/210888/b48252o/odoo-210888/addons/crm_configuration/crm_jobs_demo.xml
2026-02-03 10:09:32,837 - Knowledge - INFO - Fast-tracked /app/data/T0002/210888/b48252o/odoo-210888/addons/crm_configuration/crm_jobs_demo.xml (ext=.xml, size=7786)
2026-02-03 10:09:32,838 - Knowledge - INFO - Worker kw10 processing /app/data/T0002/210888/b48252o/odoo-210888/addons/crm_configuration/crm_claims_data.xml
2026-02-03 10:09:32,856 - Knowledge - INFO - Fast-tracked /app/data/T0002/210888/b48252o/odoo-210888/addons/crm_configuration/crm_claims_data.xml (ext=.xml, size=1929)
2026-02-03 10:09:32,864 - Knowledge - INFO - Worker kw10 processing /app/data/T0002/210888/b48252o/odoo-210888/addons/crm_configuration/crm_jobs_menu.xml
2026-02-03 10:09:33,051 - Knowledge - INFO - Fast-tracked /app/data/T0002/210888/b48252o/odoo-210888/addons/crm_configuration/crm_jobs_menu.xml (ext=.xml, size=24012)
2026-02-03 10:09:33,141 - Knowledge - INFO - Worker kw10 processing /app/data/T0002/210888/b48252o/odoo-210888/addons/crm_configuration/crm_meeting_data.xml
2026-02-03 10:09:33,272 - Knowledge - INFO - Fast-tracked /app/data/T0002/210888/b48252o/odoo-210888/addons/crm_configuration/crm_meeting_data.xml (ext=.xml, size=2288)
2026-02-03 10:09:33,348 - Knowledge - INFO - Worker kw10 processing /app/data/T0002/210888/b48252o/odoo-210888/addons/crm_configuration/crm_phonecall_demo.xml
2026-02-03 10:09:33,456 - Knowledge - INFO - Fast-tracked /app/data/T0002/210888/b48252o/odoo-210888/addons/crm_configuration/crm_phonecall_demo.xml (ext=.xml, size=5270)
2026-02-03 10:09:33,651 - Knowledge - INFO - Async storing batch of 8 embeddings
2026-02-03 10:09:33,768 - Knowledge - INFO - Async storage completed for 8 embeddings
2026-02-03 10:09:33,769 - Knowledge - INFO - Worker kw6 processing /app/data/T0002/210888/b48252o/odoo-210888/addons/crm_configuration/crm_bugs_data.xml
2026-02-03 10:09:33,959 - Knowledge - INFO - Fast-tracked /app/data/T0002/210888/b48252o/odoo-210888/addons/crm_configuration/crm_bugs_data.xml (ext=.xml, size=2523)
2026-02-03 10:09:34,155 - Knowledge - INFO - Worker kw6 processing /app/data/T0002/210888/b48252o/odoo-210888/addons/crm_configuration/crm_lead_menu.xml
2026-02-03 10:09:34,258 - Knowledge - INFO - Fast-tracked /app/data/T0002/210888/b48252o/odoo-210888/addons/crm_configuration/crm_lead_menu.xml (ext=.xml, size=17005)
2026-02-03 10:09:34,266 - Knowledge - INFO - Worker kw6 processing /app/data/T0002/210888/b48252o/odoo-210888/addons/crm_configuration/crm_phonecall_menu.xml
2026-02-03 10:09:34,344 - Knowledge - INFO - Fast-tracked /app/data/T0002/210888/b48252o/odoo-210888/addons/crm_configuration/crm_phonecall_menu.xml (ext=.xml, size=13301)
2026-02-03 10:09:34,350 - Knowledge - INFO - Worker kw6 processing /app/data/T0002/210888/b48252o/odoo-210888/addons/crm_configuration/crm_lead_demo.xml
2026-02-03 10:09:34,369 - Knowledge - INFO - Fast-tracked /app/data/T0002/210888/b48252o/odoo-210888/addons/crm_configuration/crm_lead_demo.xml (ext=.xml, size=7219)
2026-02-03 10:09:34,376 - Knowledge - INFO - Worker kw6 processing /app/data/T0002/210888/b48252o/odoo-210888/addons/crm_configuration/crm_report_view.xml
2026-02-03 10:09:34,671 - Knowledge - INFO - Fast-tracked /app/data/T0002/210888/b48252o/odoo-210888/addons/crm_configuration/crm_report_view.xml (ext=.xml, size=11682)
2026-02-03 10:09:34,673 - Knowledge - INFO - Worker kw6 processing /app/data/T0002/210888/b48252o/odoo-210888/addons/crm_configuration/crm_opportunity_data.xml
2026-02-03 10:09:34,760 - Knowledge - INFO - process ingested knowledge for /app/data/T0002/210888/b48252o/odoo-210888/addons/hr_timesheet/process/hr_timesheet_process.xml
2026-02-03 10:09:34,771 - Knowledge - INFO - Fast-tracked /app/data/T0002/210888/b48252o/odoo-210888/addons/crm_configuration/crm_opportunity_data.xml (ext=.xml, size=3337)
2026-02-03 10:09:34,848 - Knowledge - INFO - process ingested knowledge for /app/data/T0002/210888/b48252o/odoo-210888/addons/profile_service/__init__.py
2026-02-03 10:09:34,860 - Knowledge - INFO - process ingested knowledge for /app/data/T0002/210888/b48252o/odoo-210888/addons/mrp_repair/mrp_repair_report.xml
2026-02-03 10:09:34,866 - Knowledge - INFO - Processing batch of 8 files
2026-02-03 10:09:34,937 - Knowledge - INFO - [WEBSOCKET] Sent: Type=progress_update, Size: 294, Duration: 0ms
2026-02-03 10:09:34,937 - Knowledge - INFO - Worker kw6 processing /app/data/T0002/210888/b48252o/odoo-210888/addons/crm_configuration/crm_fund_data.xml
2026-02-03 10:09:35,070 - Knowledge - INFO - process ingested knowledge for /app/data/T0002/210888/b48252o/odoo-210888/addons/l10n_be/wizard/account_vat_declaration.py
2026-02-03 10:09:35,162 - Knowledge - INFO - Fast-tracked /app/data/T0002/210888/b48252o/odoo-210888/addons/crm_configuration/crm_fund_data.xml (ext=.xml, size=1847)
2026-02-03 10:09:35,170 - Knowledge - INFO - [WEBSOCKET] Sent: Type=unknown, Size: ?, Duration: 233ms
2026-02-03 10:09:35,248 - Knowledge - INFO - Worker kw6 processing /app/data/T0002/210888/b48252o/odoo-210888/addons/crm_configuration/__terp__.py
2026-02-03 10:09:35,278 - Knowledge - INFO - Progress: 49.2% | Files: 624/1263 | Rate: 0.97 files/sec | Queue: 585
2026-02-03 10:09:35,338 - Knowledge - INFO - done ingest for /app/data/T0002/210888/b48252o/odoo-210888/addons/product/report/pricelist.py
2026-02-03 10:09:35,480 - Knowledge - INFO - Fast-tracked /app/data/T0002/210888/b48252o/odoo-210888/addons/crm_configuration/__terp__.py (small file (2295 bytes))
2026-02-03 10:09:35,537 - Knowledge - INFO - Async storage completed for 8 embeddings
2026-02-03 10:09:36,837 - Knowledge - INFO - process ingested knowledge for /app/data/T0002/210888/b48252o/odoo-210888/addons/profile_service/profile_service.xml
2026-02-03 10:09:36,846 - Knowledge - INFO - process ingested knowledge for /app/data/T0002/210888/b48252o/odoo-210888/addons/hr_expense/report/expense.py
2026-02-03 10:09:36,852 - Knowledge - INFO - process ingested knowledge for /app/data/T0002/210888/b48252o/odoo-210888/addons/hr_expense/__init__.py
2026-02-03 10:09:36,853 - Knowledge - INFO - process ingested knowledge for /app/data/T0002/210888/b48252o/odoo-210888/addons/hr_expense/process/hr_expense_process.xml
2026-02-03 10:09:36,853 - Knowledge - INFO - process ingested knowledge for /app/data/T0002/210888/b48252o/odoo-210888/addons/hr_timesheet/hr_timesheet_wizard.xml
2026-02-03 10:09:36,854 - Knowledge - INFO - process ingested knowledge for /app/data/T0002/210888/b48252o/odoo-210888/addons/hr_timesheet/hr_timesheet.py
2026-02-03 10:09:37,265 - Knowledge - INFO - Processing batch of 8 files
2026-02-03 10:09:37,270 - Knowledge - INFO - process ingested knowledge for /app/data/T0002/210888/b48252o/odoo-210888/addons/hr_timesheet/hr_timesheet_demo.xml
2026-02-03 10:09:37,737 - Knowledge - INFO - process ingested knowledge for /app/data/T0002/210888/b48252o/odoo-210888/addons/profile_service/profile_service.py
2026-02-03 10:09:37,745 - Knowledge - INFO - process ingested knowledge for /app/data/T0002/210888/b48252o/odoo-210888/addons/l10n_be/account_demo.xml
2026-02-03 10:09:37,769 - Knowledge - INFO - process ingested knowledge for /app/data/T0002/210888/b48252o/odoo-210888/addons/l10n_be/wizard/__init__.py
2026-02-03 10:09:37,837 - Knowledge - INFO - [kw1] Queue=585, InProgress=0, PendingWorkers=20/20, Completed=630/1263 (49.9%)
2026-02-03 10:09:37,861 - Knowledge - INFO - process ingested knowledge for /app/data/T0002/210888/b48252o/odoo-210888/addons/mrp_repair/__init__.py
2026-02-03 10:09:37,869 - Knowledge - INFO - [kw20] Queue=585, InProgress=0, PendingWorkers=20/20, Completed=630/1263 (49.9%)
2026-02-03 10:09:39,042 - Knowledge - INFO - Batch sizing: calculated=8, max_allowed=10, queue=585, active_workers=20/20
2026-02-03 10:09:39,155 - Knowledge - INFO - Batch sizing: calculated=8, max_allowed=10, queue=585, active_workers=20/20
2026-02-03 10:09:39,570 - Knowledge - INFO - process ingested knowledge for /app/data/T0002/210888/b48252o/odoo-210888/addons/hr_timesheet/report/users_timesheet.py
2026-02-03 10:09:39,651 - Knowledge - INFO - [kw4] Queue=585, InProgress=0, PendingWorkers=20/20, Completed=633/1263 (50.1%)
2026-02-03 10:09:39,653 - Knowledge - INFO - process ingested knowledge for /app/data/T0002/210888/b48252o/odoo-210888/addons/l10n_be/wizard/wizard_vat_intra.py
2026-02-03 10:09:39,659 - Knowledge - INFO - Batch sizing: calculated=8, max_allowed=10, queue=585, active_workers=20/20
2026-02-03 10:09:39,660 - Knowledge - INFO - Async storing batch of 8 embeddings
2026-02-03 10:09:39,666 - Knowledge - INFO - Async storing batch of 8 embeddings
2026-02-03 10:09:39,744 - Knowledge - INFO - process ingested knowledge for /app/data/T0002/210888/b48252o/odoo-210888/addons/hr_timesheet/report/user_timesheet.py
2026-02-03 10:09:39,763 - Knowledge - INFO - Worker kw1 processing /app/data/T0002/210888/b48252o/odoo-210888/addons/crm_configuration/crm_config.py
2026-02-03 10:09:39,772 - Knowledge - INFO - Worker kw20 processing /app/data/T0002/210888/b48252o/odoo-210888/addons/crm_configuration/crm_opportunity_menu.xml
2026-02-03 10:09:39,943 - Knowledge - INFO - Worker kw1 processing /app/data/T0002/210888/b48252o/odoo-210888/addons/crm_configuration/crm_opportunity_demo.xml
2026-02-03 10:09:39,950 - Knowledge - INFO - Fast-tracked /app/data/T0002/210888/b48252o/odoo-210888/addons/crm_configuration/crm_opportunity_menu.xml (ext=.xml, size=16639)
2026-02-03 10:09:39,951 - Knowledge - INFO - Worker kw20 processing /app/data/T0002/210888/b48252o/odoo-210888/addons/crm_configuration/crm_helpdesk_data.xml
2026-02-03 10:09:39,963 - Knowledge - INFO - Fast-tracked /app/data/T0002/210888/b48252o/odoo-210888/addons/crm_configuration/crm_helpdesk_data.xml (ext=.xml, size=267)
2026-02-03 10:09:39,963 - Knowledge - INFO - Fast-tracked /app/data/T0002/210888/b48252o/odoo-210888/addons/crm_configuration/crm_opportunity_demo.xml (ext=.xml, size=5943)
2026-02-03 10:09:40,043 - Knowledge - INFO - Worker kw20 processing /app/data/T0002/210888/b48252o/odoo-210888/addons/crm_configuration/crm_bugs_demo.xml
2026-02-03 10:09:40,051 - Knowledge - INFO - Worker kw1 processing /app/data/T0002/210888/b48252o/odoo-210888/addons/crm_configuration/wizard/meeting_planify.py
2026-02-03 10:09:40,151 - Knowledge - INFO - Fast-tracked /app/data/T0002/210888/b48252o/odoo-210888/addons/crm_configuration/crm_bugs_demo.xml (ext=.xml, size=13574)
2026-02-03 10:09:40,160 - Knowledge - INFO - Worker kw1 processing /app/data/T0002/210888/b48252o/odoo-210888/addons/crm_configuration/wizard/wizard_partner_create.py
2026-02-03 10:09:40,171 - Knowledge - INFO - Worker kw20 processing /app/data/T0002/210888/b48252o/odoo-210888/addons/crm_configuration/crm_bugs_menu.xml
2026-02-03 10:09:40,261 - Knowledge - INFO - Worker kw1 processing /app/data/T0002/210888/b48252o/odoo-210888/addons/crm_configuration/wizard/__init__.py
2026-02-03 10:09:40,337 - Knowledge - INFO - Fast-tracked /app/data/T0002/210888/b48252o/odoo-210888/addons/crm_configuration/crm_bugs_menu.xml (ext=.xml, size=35795)
2026-02-03 10:09:40,344 - Knowledge - INFO - Worker kw20 processing /app/data/T0002/210888/b48252o/odoo-210888/addons/crm_configuration/crm_meeting_demo.xml
2026-02-03 10:09:40,345 - Knowledge - INFO - Fast-tracked /app/data/T0002/210888/b48252o/odoo-210888/addons/crm_configuration/wizard/__init__.py (ext=.py, size=1139)
2026-02-03 10:09:40,365 - Knowledge - INFO - Fast-tracked /app/data/T0002/210888/b48252o/odoo-210888/addons/crm_configuration/crm_meeting_demo.xml (ext=.xml, size=5756)
2026-02-03 10:09:40,448 - Knowledge - INFO - Worker kw1 processing /app/data/T0002/210888/b48252o/odoo-210888/addons/crm_configuration/wizard/wizard_opportunity_set.py
2026-02-03 10:09:40,552 - Knowledge - INFO - Worker kw20 processing /app/data/T0002/210888/b48252o/odoo-210888/addons/crm_configuration/crm_claims_demo.xml
2026-02-03 10:09:40,644 - Knowledge - INFO - Fast-tracked /app/data/T0002/210888/b48252o/odoo-210888/addons/crm_configuration/crm_claims_demo.xml (ext=.xml, size=6574)
2026-02-03 10:09:40,759 - Knowledge - INFO - Worker kw1 processing /app/data/T0002/210888/b48252o/odoo-210888/addons/crm_configuration/crm_fund_menu.xml
2026-02-03 10:09:40,847 - Knowledge - INFO - Worker kw20 processing /app/data/T0002/210888/b48252o/odoo-210888/addons/crm_configuration/crm_meeting_menu.xml
2026-02-03 10:09:41,039 - Knowledge - INFO - Fast-tracked /app/data/T0002/210888/b48252o/odoo-210888/addons/crm_configuration/crm_fund_menu.xml (ext=.xml, size=11453)
2026-02-03 10:09:41,048 - Knowledge - INFO - Worker kw1 processing /app/data/T0002/210888/b48252o/odoo-210888/addons/crm_configuration/crm_fund_demo.xml
2026-02-03 10:09:41,065 - Knowledge - INFO - Fast-tracked /app/data/T0002/210888/b48252o/odoo-210888/addons/crm_configuration/crm_meeting_menu.xml (ext=.xml, size=7248)
2026-02-03 10:09:41,139 - Knowledge - INFO - Worker kw20 processing /app/data/T0002/210888/b48252o/odoo-210888/addons/crm_configuration/crm_claims_menu.xml
2026-02-03 10:09:41,146 - Knowledge - INFO - Fast-tracked /app/data/T0002/210888/b48252o/odoo-210888/addons/crm_configuration/crm_fund_demo.xml (ext=.xml, size=7940)
2026-02-03 10:09:41,242 - Knowledge - INFO - Fast-tracked /app/data/T0002/210888/b48252o/odoo-210888/addons/crm_configuration/crm_claims_menu.xml (ext=.xml, size=9320)
2026-02-03 10:09:41,266 - Knowledge - INFO - Async storage completed for 8 embeddings
2026-02-03 10:09:41,456 - Knowledge - INFO - Fast-tracked /app/data/T0002/210888/b48252o/odoo-210888/addons/crm_configuration/wizard/meeting_planify.py (small file (2760 bytes))
2026-02-03 10:09:42,042 - Knowledge - INFO - Async storage completed for 8 embeddings
2026-02-03 10:09:42,053 - Knowledge - INFO - process ingested knowledge for /app/data/T0002/210888/b48252o/odoo-210888/addons/l10n_be/l10n_be_wizard.xml
2026-02-03 10:09:42,268 - Knowledge - INFO - process ingested knowledge for /app/data/T0002/210888/b48252o/odoo-210888/addons/l10n_chart_uk_minimal/account_types.xml
2026-02-03 10:09:42,347 - Knowledge - INFO - process ingested knowledge for /app/data/T0002/210888/b48252o/odoo-210888/addons/l10n_be/account_pcmn_belgium.xml
2026-02-03 10:09:42,357 - Knowledge - INFO - Async storing batch of 8 embeddings
2026-02-03 10:09:42,462 - Knowledge - INFO - Worker kw4 processing /app/data/T0002/210888/b48252o/odoo-210888/addons/crm_configuration/crm_meeting_view.xml
2026-02-03 10:09:42,566 - Knowledge - INFO - Fast-tracked /app/data/T0002/210888/b48252o/odoo-210888/addons/crm_configuration/crm_meeting_view.xml (ext=.xml, size=7073)
2026-02-03 10:09:42,637 - Knowledge - INFO - Worker kw4 processing /app/data/T0002/210888/b48252o/odoo-210888/addons/crm_configuration/crm_claims_view.xml
2026-02-03 10:09:42,750 - Knowledge - INFO - Fast-tracked /app/data/T0002/210888/b48252o/odoo-210888/addons/crm_configuration/crm_claims_view.xml (ext=.xml, size=6930)
2026-02-03 10:09:42,750 - Knowledge - INFO - Worker kw4 processing /app/data/T0002/210888/b48252o/odoo-210888/addons/crm_configuration/crm_bugs_view.xml
2026-02-03 10:09:42,844 - Knowledge - INFO - Fast-tracked /app/data/T0002/210888/b48252o/odoo-210888/addons/crm_configuration/crm_bugs_view.xml (ext=.xml, size=7199)
2026-02-03 10:09:42,844 - Knowledge - INFO - Worker kw4 processing /app/data/T0002/210888/b48252o/odoo-210888/addons/crm_configuration/crm_fund_view.xml
2026-02-03 10:09:43,049 - Knowledge - INFO - Fast-tracked /app/data/T0002/210888/b48252o/odoo-210888/addons/crm_configuration/crm_fund_view.xml (ext=.xml, size=7484)
2026-02-03 10:09:43,066 - Knowledge - INFO - Worker kw4 processing /app/data/T0002/210888/b48252o/odoo-210888/addons/crm_configuration/crm_jobs_data.xml
2026-02-03 10:09:43,156 - Knowledge - INFO - Fast-tracked /app/data/T0002/210888/b48252o/odoo-210888/addons/crm_configuration/crm_jobs_data.xml (ext=.xml, size=2536)
2026-02-03 10:09:43,170 - Knowledge - INFO - Worker kw4 processing /app/data/T0002/210888/b48252o/odoo-210888/addons/crm_configuration/__init__.py
2026-02-03 10:09:43,249 - Knowledge - INFO - Fast-tracked /app/data/T0002/210888/b48252o/odoo-210888/addons/crm_configuration/__init__.py (ext=.py, size=1103)
2026-02-03 10:09:43,266 - Knowledge - INFO - Worker kw4 processing /app/data/T0002/210888/b48252o/odoo-210888/addons/crm_configuration/crm_opportunity_view.xml
2026-02-03 10:09:43,342 - Knowledge - INFO - Fast-tracked /app/data/T0002/210888/b48252o/odoo-210888/addons/crm_configuration/crm_opportunity_view.xml (ext=.xml, size=7575)
2026-02-03 10:09:43,345 - Knowledge - INFO - Worker kw4 processing /app/data/T0002/210888/b48252o/odoo-210888/addons/crm_configuration/crm_phonecall_data.xml
2026-02-03 10:09:43,362 - Knowledge - INFO - Fast-tracked /app/data/T0002/210888/b48252o/odoo-210888/addons/crm_configuration/crm_phonecall_data.xml (ext=.xml, size=1055)
2026-02-03 10:09:43,437 - Knowledge - INFO - Async storage completed for 8 embeddings
2026-02-03 10:09:43,451 - Knowledge - INFO - [LLM_CALL] Completed: crm_report.py:chunk1, Duration: 9800ms, PromptTokens: 4770, CompletionTokens: 381, Cost: $0.00063
2026-02-03 10:09:43,538 - Knowledge - INFO - done ingest for /app/data/T0002/210888/b48252o/odoo-210888/addons/crm_configuration/report/crm_report.py
2026-02-03 10:09:44,477 - Knowledge - INFO - process ingested knowledge for /app/data/T0002/210888/b48252o/odoo-210888/addons/l10n_be/l10n_be_sequence.xml
2026-02-03 10:09:44,552 - Knowledge - INFO - [kw5] Queue=561, InProgress=0, PendingWorkers=20/20, Completed=645/1263 (51.1%)
2026-02-03 10:09:44,559 - Knowledge - INFO - Batch sizing: calculated=8, max_allowed=10, queue=561, active_workers=20/20
2026-02-03 10:09:44,566 - Knowledge - INFO - process ingested knowledge for /app/data/T0002/210888/b48252o/odoo-210888/addons/hr_timesheet/report/__init__.py
2026-02-03 10:09:45,545 - Knowledge - INFO - process ingested knowledge for /app/data/T0002/210888/b48252o/odoo-210888/addons/l10n_be/company.py
2026-02-03 10:09:45,563 - Knowledge - INFO - process ingested knowledge for /app/data/T0002/210888/b48252o/odoo-210888/addons/l10n_chart_uk_minimal/account_tax.xml
2026-02-03 10:09:45,638 - Knowledge - INFO - Async storing batch of 8 embeddings
2026-02-03 10:09:45,645 - Knowledge - INFO - process ingested knowledge for /app/data/T0002/210888/b48252o/odoo-210888/addons/l10n_be/__init__.py
2026-02-03 10:09:45,652 - Knowledge - INFO - Processing batch of 8 files
2026-02-03 10:09:45,745 - Knowledge - INFO - Worker kw5 processing /app/data/T0002/210888/b48252o/odoo-210888/addons/crm_configuration/process/crm_configuration_process.xml
2026-02-03 10:09:45,746 - Knowledge - INFO - process ingested knowledge for /app/data/T0002/210888/b48252o/odoo-210888/addons/crm_configuration/crm_bugs_data.xml
2026-02-03 10:09:45,769 - Knowledge - INFO - Fast-tracked /app/data/T0002/210888/b48252o/odoo-210888/addons/crm_configuration/process/crm_configuration_process.xml (ext=.xml, size=4522)
2026-02-03 10:09:45,837 - Knowledge - INFO - Worker kw5 processing /app/data/T0002/210888/b48252o/odoo-210888/addons/crm_configuration/crm_lead_data.xml
2026-02-03 10:09:45,846 - Knowledge - INFO - Fast-tracked /app/data/T0002/210888/b48252o/odoo-210888/addons/crm_configuration/crm_lead_data.xml (ext=.xml, size=4056)
2026-02-03 10:09:45,852 - Knowledge - INFO - Worker kw5 processing /app/data/T0002/210888/b48252o/odoo-210888/addons/hr_timesheet_sheet/hr_timesheet_sheet.py
2026-02-03 10:09:45,863 - Knowledge - INFO - Worker kw5 processing /app/data/T0002/210888/b48252o/odoo-210888/addons/hr_timesheet_sheet/hr_timesheet_sheet_demo.xml
2026-02-03 10:09:45,950 - Knowledge - INFO - Fast-tracked /app/data/T0002/210888/b48252o/odoo-210888/addons/hr_timesheet_sheet/hr_timesheet_sheet_demo.xml (ext=.xml, size=3520)
2026-02-03 10:09:45,950 - Knowledge - INFO - Worker kw5 processing /app/data/T0002/210888/b48252o/odoo-210888/addons/hr_timesheet_sheet/hr_timesheet_sheet_view.xml
2026-02-03 10:09:45,962 - Knowledge - INFO - Fast-tracked /app/data/T0002/210888/b48252o/odoo-210888/addons/hr_timesheet_sheet/hr_timesheet_sheet_view.xml (ext=.xml, size=20544)
2026-02-03 10:09:45,968 - Knowledge - INFO - Worker kw5 processing /app/data/T0002/210888/b48252o/odoo-210888/addons/hr_timesheet_sheet/hr_timesheet_workflow.xml
2026-02-03 10:09:46,037 - Knowledge - INFO - Fast-tracked /app/data/T0002/210888/b48252o/odoo-210888/addons/hr_timesheet_sheet/hr_timesheet_workflow.xml (ext=.xml, size=2769)
2026-02-03 10:09:46,037 - Knowledge - INFO - Worker kw5 processing /app/data/T0002/210888/b48252o/odoo-210888/addons/hr_timesheet_sheet/__terp__.py
2026-02-03 10:09:46,066 - Knowledge - INFO - Worker kw5 processing /app/data/T0002/210888/b48252o/odoo-210888/addons/hr_timesheet_sheet/wizard/wizard_timesheet_department.py
2026-02-03 10:09:46,442 - Knowledge - INFO - Fast-tracked /app/data/T0002/210888/b48252o/odoo-210888/addons/hr_timesheet_sheet/__terp__.py (small file (2355 bytes))
2026-02-03 10:09:46,580 - Knowledge - INFO - Processing batch of 8 files
2026-02-03 10:09:46,581 - Knowledge - INFO - process ingested knowledge for /app/data/T0002/210888/b48252o/odoo-210888/addons/product/partner_view.xml
2026-02-03 10:09:46,650 - Knowledge - INFO - Async storage completed for 8 embeddings
2026-02-03 10:09:48,168 - Knowledge - INFO - process ingested knowledge for /app/data/T0002/210888/b48252o/odoo-210888/addons/l10n_be/__terp__.py
2026-02-03 10:09:48,172 - Knowledge - INFO - process ingested knowledge for /app/data/T0002/210888/b48252o/odoo-210888/addons/l10n_chart_uk_minimal/__terp__.py
2026-02-03 10:09:48,253 - Knowledge - INFO - process ingested knowledge for /app/data/T0002/210888/b48252o/odoo-210888/addons/hr_timesheet/hr_timesheet_view.xml
2026-02-03 10:09:48,347 - Knowledge - INFO - Processing batch of 8 files
2026-02-03 10:09:48,357 - Knowledge - INFO - process ingested knowledge for /app/data/T0002/210888/b48252o/odoo-210888/addons/crm_configuration/crm_lead_menu.xml
2026-02-03 10:09:48,363 - Knowledge - INFO - process ingested knowledge for /app/data/T0002/210888/b48252o/odoo-210888/addons/product/report/__init__.py
2026-02-03 10:09:48,364 - Knowledge - INFO - process ingested knowledge for /app/data/T0002/210888/b48252o/odoo-210888/addons/product/partner.py
2026-02-03 10:09:49,568 - Knowledge - INFO - process ingested knowledge for /app/data/T0002/210888/b48252o/odoo-210888/addons/l10n_be/fiscal_templates.xml
2026-02-03 10:09:49,568 - Knowledge - INFO - process ingested knowledge for /app/data/T0002/210888/b48252o/odoo-210888/addons/l10n_be/wizard/partner_vat_listing.py
2026-02-03 10:09:50,256 - Knowledge - INFO - process ingested knowledge for /app/data/T0002/210888/b48252o/odoo-210888/addons/crm_configuration/crm_phonecall_menu.xml
2026-02-03 10:09:50,352 - Knowledge - INFO - process ingested knowledge for /app/data/T0002/210888/b48252o/odoo-210888/addons/product/report/product_label.xml
2026-02-03 10:09:50,358 - Knowledge - INFO - process ingested knowledge for /app/data/T0002/210888/b48252o/odoo-210888/addons/product/product_report.xml
2026-02-03 10:09:50,451 - Knowledge - INFO - process ingested knowledge for /app/data/T0002/210888/b48252o/odoo-210888/addons/l10n_chart_uk_minimal/l10n_uk_wizard.xml
2026-02-03 10:09:50,544 - Knowledge - INFO - process ingested knowledge for /app/data/T0002/210888/b48252o/odoo-210888/addons/hr_timesheet/__terp__.py
2026-02-03 10:09:51,854 - Knowledge - INFO - Processing batch of 8 files
2026-02-03 10:09:51,865 - Knowledge - INFO - process ingested knowledge for /app/data/T0002/210888/b48252o/odoo-210888/addons/mrp_repair/mrp_repair.py
2026-02-03 10:09:52,342 - Knowledge - INFO - process ingested knowledge for /app/data/T0002/210888/b48252o/odoo-210888/addons/crm_configuration/crm_lead_demo.xml
2026-02-03 10:09:53,459 - Knowledge - INFO - process ingested knowledge for /app/data/T0002/210888/b48252o/odoo-210888/addons/product/__init__.py
2026-02-03 10:09:53,552 - Knowledge - INFO - process ingested knowledge for /app/data/T0002/210888/b48252o/odoo-210888/addons/l10n_chart_uk_minimal/account_chart.xml
2026-02-03 10:09:53,558 - Knowledge - INFO - Processing batch of 8 files
2026-02-03 10:09:53,664 - Knowledge - INFO - process ingested knowledge for /app/data/T0002/210888/b48252o/odoo-210888/addons/crm_configuration/crm_opportunity_menu.xml
2026-02-03 10:09:55,566 - Knowledge - INFO - process ingested knowledge for /app/data/T0002/210888/b48252o/odoo-210888/addons/crm_configuration/crm_report_view.xml
2026-02-03 10:09:55,648 - Knowledge - INFO - process ingested knowledge for /app/data/T0002/210888/b48252o/odoo-210888/addons/mrp_repair/mrp_repair_wizard.xml
2026-02-03 10:09:55,663 - Knowledge - INFO - process ingested knowledge for /app/data/T0002/210888/b48252o/odoo-210888/addons/product/_common.py
2026-02-03 10:09:55,737 - Knowledge - INFO - process ingested knowledge for /app/data/T0002/210888/b48252o/odoo-210888/addons/hr_timesheet/wizard/wizard_print_timesheet_users.py
2026-02-03 10:09:55,979 - Knowledge - INFO - Processing batch of 8 files
2026-02-03 10:09:56,041 - Knowledge - INFO - process ingested knowledge for /app/data/T0002/210888/b48252o/odoo-210888/addons/l10n_chart_uk_minimal/__init__.py
2026-02-03 10:09:56,837 - Knowledge - INFO - process ingested knowledge for /app/data/T0002/210888/b48252o/odoo-210888/addons/mrp_repair/report/order.py
2026-02-03 10:09:58,665 - Knowledge - INFO - Processing batch of 8 files
2026-02-03 10:09:58,677 - Knowledge - INFO - process ingested knowledge for /app/data/T0002/210888/b48252o/odoo-210888/addons/crm_configuration/crm_opportunity_data.xml
2026-02-03 10:09:58,677 - Knowledge - INFO - process ingested knowledge for /app/data/T0002/210888/b48252o/odoo-210888/addons/mrp_subproduct/__terp__.py
2026-02-03 10:09:59,643 - Knowledge - INFO - process ingested knowledge for /app/data/T0002/210888/b48252o/odoo-210888/addons/mrp_repair/mrp_repair_sequence.xml
2026-02-03 10:10:00,872 - Knowledge - INFO - process ingested knowledge for /app/data/T0002/210888/b48252o/odoo-210888/addons/product/process/product_process.xml
2026-02-03 10:10:00,941 - Knowledge - INFO - process ingested knowledge for /app/data/T0002/210888/b48252o/odoo-210888/addons/hr_timesheet/wizard/sign_in_out.py
2026-02-03 10:10:01,573 - Knowledge - INFO - process ingested knowledge for /app/data/T0002/210888/b48252o/odoo-210888/addons/product/product_view.xml
2026-02-03 10:10:01,673 - Knowledge - INFO - process ingested knowledge for /app/data/T0002/210888/b48252o/odoo-210888/addons/mrp_repair/report/__init__.py
2026-02-03 10:10:01,759 - Knowledge - INFO - [WEBSOCKET] Sent: Type=progress_update, Size: 294, Duration: 0ms
2026-02-03 10:10:01,856 - Knowledge - INFO - process ingested knowledge for /app/data/T0002/210888/b48252o/odoo-210888/addons/crm_configuration/crm_helpdesk_data.xml
2026-02-03 10:10:01,867 - Knowledge - INFO - process ingested knowledge for /app/data/T0002/210888/b48252o/odoo-210888/addons/crm_configuration/crm_fund_data.xml
2026-02-03 10:10:01,874 - Knowledge - INFO - [WEBSOCKET] Sent: Type=unknown, Size: ?, Duration: 115ms
2026-02-03 10:10:02,037 - Knowledge - INFO - Progress: 54.1% | Files: 683/1263 | Rate: 1.02 files/sec | Queue: 553
2026-02-03 10:10:03,843 - Knowledge - INFO - [LLM_CALL] Completed: wizard_partner_create.py:chunk1, Duration: 22206ms, PromptTokens: 2604, CompletionTokens: 377, Cost: $0.00041
2026-02-03 10:10:03,843 - Knowledge - INFO - done ingest for /app/data/T0002/210888/b48252o/odoo-210888/addons/crm_configuration/wizard/wizard_partner_create.py
2026-02-03 10:10:03,983 - Knowledge - INFO - process ingested knowledge for /app/data/T0002/210888/b48252o/odoo-210888/addons/product/product_wizard.xml
2026-02-03 10:10:03,987 - Knowledge - INFO - process ingested knowledge for /app/data/T0002/210888/b48252o/odoo-210888/addons/mrp_subproduct/mrp_subproduct.py
2026-02-03 10:10:04,863 - Knowledge - INFO - process ingested knowledge for /app/data/T0002/210888/b48252o/odoo-210888/addons/mrp_repair/mrp_repair_workflow.xml
2026-02-03 10:10:04,965 - Knowledge - INFO - process ingested knowledge for /app/data/T0002/210888/b48252o/odoo-210888/addons/crm_configuration/crm_bugs_demo.xml
2026-02-03 10:10:05,946 - Knowledge - INFO - [LLM_CALL] Completed: wizard_timesheet_department.py:chunk1, Duration: 19399ms, PromptTokens: 2780, CompletionTokens: 352, Cost: $0.00042
2026-02-03 10:10:06,049 - Knowledge - INFO - done ingest for /app/data/T0002/210888/b48252o/odoo-210888/addons/hr_timesheet_sheet/wizard/wizard_timesheet_department.py
2026-02-03 10:10:07,337 - Knowledge - INFO - Processing batch of 8 files
2026-02-03 10:10:07,337 - Knowledge - INFO - process ingested knowledge for /app/data/T0002/210888/b48252o/odoo-210888/addons/crm_configuration/crm_helpdesk_demo.xml
2026-02-03 10:10:07,370 - Knowledge - INFO - [LLM_CALL] Completed: crm_config.py:chunk1, Duration: 26111ms, PromptTokens: 4488, CompletionTokens: 590, Cost: $0.00068
2026-02-03 10:10:07,371 - Knowledge - INFO - done ingest for /app/data/T0002/210888/b48252o/odoo-210888/addons/crm_configuration/crm_config.py
2026-02-03 10:10:08,370 - Knowledge - INFO - process ingested knowledge for /app/data/T0002/210888/b48252o/odoo-210888/addons/product/pricelist.py
2026-02-03 10:10:09,364 - Knowledge - INFO - process ingested knowledge for /app/data/T0002/210888/b48252o/odoo-210888/addons/mrp_subproduct/mrp_subproduct_view.xml
2026-02-03 10:10:10,475 - Knowledge - INFO - process ingested knowledge for /app/data/T0002/210888/b48252o/odoo-210888/addons/mrp_repair/mrp_repair_view.xml
2026-02-03 10:10:10,564 - Knowledge - INFO - Processing batch of 8 files
2026-02-03 10:10:10,570 - Knowledge - INFO - process ingested knowledge for /app/data/T0002/210888/b48252o/odoo-210888/addons/crm_configuration/crm_meeting_view.xml
2026-02-03 10:10:10,769 - Knowledge - INFO - process ingested knowledge for /app/data/T0002/210888/b48252o/odoo-210888/addons/crm_configuration/crm_bugs_menu.xml
2026-02-03 10:10:11,149 - Knowledge - INFO - [LLM_CALL] Completed: wizard_opportunity_set.py:chunk1, Duration: 29301ms, PromptTokens: 2944, CompletionTokens: 412, Cost: $0.00046
2026-02-03 10:10:11,168 - Knowledge - INFO - done ingest for /app/data/T0002/210888/b48252o/odoo-210888/addons/crm_configuration/wizard/wizard_opportunity_set.py
2026-02-03 10:10:13,137 - Knowledge - INFO - process ingested knowledge for /app/data/T0002/210888/b48252o/odoo-210888/addons/crm_configuration/report/crm_report.py
2026-02-03 10:10:13,754 - Knowledge - INFO - process ingested knowledge for /app/data/T0002/210888/b48252o/odoo-210888/addons/product/__terp__.py
2026-02-03 10:10:15,259 - Knowledge - INFO - process ingested knowledge for /app/data/T0002/210888/b48252o/odoo-210888/addons/mrp_repair/__terp__.py
2026-02-03 10:10:15,261 - Knowledge - INFO - process ingested knowledge for /app/data/T0002/210888/b48252o/odoo-210888/addons/crm_configuration/crm_claims_view.xml
2026-02-03 10:10:15,269 - Knowledge - INFO - process ingested knowledge for /app/data/T0002/210888/b48252o/odoo-210888/addons/crm_configuration/crm_meeting_demo.xml
2026-02-03 10:10:16,690 - Knowledge - INFO - process ingested knowledge for /app/data/T0002/210888/b48252o/odoo-210888/addons/product/pricelist_view.xml
2026-02-03 10:10:16,692 - Knowledge - INFO - process ingested knowledge for /app/data/T0002/210888/b48252o/odoo-210888/addons/crm_configuration/report/__init__.py
2026-02-03 10:10:16,737 - Knowledge - INFO - process ingested knowledge for /app/data/T0002/210888/b48252o/odoo-210888/addons/product/wizard/wizard_price.py
2026-02-03 10:10:16,751 - Knowledge - WARNING - Timeout processing /app/data/T0002/210888/b48252o/odoo-210888/addons/account_analytic_plans/account_analytic_plans.py after 90s - using fallback metadata
2026-02-03 10:10:16,776 - Knowledge - WARNING - Timeout processing /app/data/T0002/210888/b48252o/odoo-210888/addons/base_module_record/wizard/base_module_record_objects.py after 90s - using fallback metadata
2026-02-03 10:10:18,350 - Knowledge - INFO - [kw15] Queue=553, InProgress=0, PendingWorkers=20/20, Completed=687/1263 (54.4%)
2026-02-03 10:10:18,355 - Knowledge - INFO - Batch sizing: calculated=8, max_allowed=10, queue=553, active_workers=20/20
2026-02-03 10:10:18,876 - Knowledge - INFO - process ingested knowledge for /app/data/T0002/210888/b48252o/odoo-210888/addons/mrp_repair/wizard/wizard_make_invoice.py
2026-02-03 10:10:18,877 - Knowledge - INFO - process ingested knowledge for /app/data/T0002/210888/b48252o/odoo-210888/addons/crm_configuration/crm_bugs_view.xml
2026-02-03 10:10:19,554 - Knowledge - INFO - process ingested knowledge for /app/data/T0002/210888/b48252o/odoo-210888/addons/product/security/product_security.xml
2026-02-03 10:10:19,562 - Knowledge - INFO - process ingested knowledge for /app/data/T0002/210888/b48252o/odoo-210888/addons/crm_configuration/crm_jobs_demo.xml
2026-02-03 10:10:19,570 - Knowledge - INFO - process ingested knowledge for /app/data/T0002/210888/b48252o/odoo-210888/addons/crm_configuration/__terp__.py
2026-02-03 10:10:19,637 - Knowledge - INFO - [kw9] Queue=553, InProgress=0, PendingWorkers=20/20, Completed=687/1263 (54.4%)
2026-02-03 10:10:19,658 - Knowledge - INFO - Batch sizing: calculated=8, max_allowed=10, queue=553, active_workers=20/20
2026-02-03 10:10:19,752 - Knowledge - INFO - [LLM_CALL] Completed: hr_timesheet_sheet.py:chunk1, Duration: 33514ms, PromptTokens: 15748, CompletionTokens: 1206, Cost: $0.00206
2026-02-03 10:10:19,755 - Knowledge - INFO - done ingest for /app/data/T0002/210888/b48252o/odoo-210888/addons/hr_timesheet_sheet/hr_timesheet_sheet.py
2026-02-03 10:10:20,091 - Knowledge - INFO - Async storing batch of 8 embeddings
2026-02-03 10:10:20,141 - Knowledge - INFO - Worker kw15 processing /app/data/T0002/210888/b48252o/odoo-210888/addons/hr_timesheet_sheet/wizard/wizard_timesheet_current.py
2026-02-03 10:10:20,145 - Knowledge - INFO - Worker kw15 processing /app/data/T0002/210888/b48252o/odoo-210888/addons/hr_timesheet_sheet/wizard/__init__.py
2026-02-03 10:10:20,151 - Knowledge - INFO - Fast-tracked /app/data/T0002/210888/b48252o/odoo-210888/addons/hr_timesheet_sheet/wizard/__init__.py (ext=.py, size=1126)
2026-02-03 10:10:20,152 - Knowledge - INFO - Worker kw15 processing /app/data/T0002/210888/b48252o/odoo-210888/addons/hr_timesheet_sheet/__init__.py
2026-02-03 10:10:20,158 - Knowledge - INFO - Fast-tracked /app/data/T0002/210888/b48252o/odoo-210888/addons/hr_timesheet_sheet/__init__.py (ext=.py, size=1098)
2026-02-03 10:10:20,159 - Knowledge - INFO - Worker kw15 processing /app/data/T0002/210888/b48252o/odoo-210888/addons/hr_timesheet_sheet/process/hr_timesheet_sheet_process.xml
2026-02-03 10:10:20,162 - Knowledge - INFO - Fast-tracked /app/data/T0002/210888/b48252o/odoo-210888/addons/hr_timesheet_sheet/process/hr_timesheet_sheet_process.xml (ext=.xml, size=17705)
2026-02-03 10:10:20,163 - Knowledge - INFO - Worker kw15 processing /app/data/T0002/210888/b48252o/odoo-210888/addons/project_mrp/project_workflow.xml
2026-02-03 10:10:20,167 - Knowledge - INFO - Fast-tracked /app/data/T0002/210888/b48252o/odoo-210888/addons/project_mrp/project_workflow.xml (ext=.xml, size=299)
2026-02-03 10:10:20,167 - Knowledge - INFO - Worker kw15 processing /app/data/T0002/210888/b48252o/odoo-210888/addons/project_mrp/mrp.py
2026-02-03 10:10:20,169 - Knowledge - INFO - Worker kw15 processing /app/data/T0002/210888/b48252o/odoo-210888/addons/project_mrp/project.py
2026-02-03 10:10:20,171 - Knowledge - INFO - Worker kw15 processing /app/data/T0002/210888/b48252o/odoo-210888/addons/project_mrp/__terp__.py
2026-02-03 10:10:20,173 - Knowledge - INFO - Fast-tracked /app/data/T0002/210888/b48252o/odoo-210888/addons/project_mrp/__terp__.py (ext=.py, size=1761)
2026-02-03 10:10:20,180 - Knowledge - INFO - Fast-tracked /app/data/T0002/210888/b48252o/odoo-210888/addons/hr_timesheet_sheet/wizard/wizard_timesheet_current.py (small file (2717 bytes))
2026-02-03 10:10:20,251 - Knowledge - INFO - Fast-tracked /app/data/T0002/210888/b48252o/odoo-210888/addons/project_mrp/project.py (small file (2144 bytes))
2026-02-03 10:10:20,251 - Knowledge - INFO - Async storage completed for 8 embeddings
2026-02-03 10:10:20,350 - Knowledge - INFO - process ingested knowledge for /app/data/T0002/210888/b48252o/odoo-210888/addons/mrp_repair/wizard/__init__.py
2026-02-03 10:10:20,351 - Knowledge - INFO - process ingested knowledge for /app/data/T0002/210888/b48252o/odoo-210888/addons/crm_configuration/crm_fund_view.xml
2026-02-03 10:10:20,486 - Knowledge - INFO - process ingested knowledge for /app/data/T0002/210888/b48252o/odoo-210888/addons/mrp_subproduct/__init__.py
2026-02-03 10:10:20,487 - Knowledge - INFO - process ingested knowledge for /app/data/T0002/210888/b48252o/odoo-210888/addons/product/product.py
2026-02-03 10:10:21,153 - Knowledge - INFO - process ingested knowledge for /app/data/T0002/210888/b48252o/odoo-210888/addons/crm_configuration/crm_claims_demo.xml
2026-02-03 10:10:21,154 - Knowledge - INFO - [kw3] Queue=545, InProgress=0, PendingWorkers=20/20, Completed=692/1263 (54.8%)
2026-02-03 10:10:21,157 - Knowledge - INFO - Batch sizing: calculated=8, max_allowed=10, queue=545, active_workers=20/20
2026-02-03 10:10:21,371 - Knowledge - INFO - process ingested knowledge for /app/data/T0002/210888/b48252o/odoo-210888/addons/product/wizard/__init__.py
2026-02-03 10:10:21,439 - Knowledge - INFO - process ingested knowledge for /app/data/T0002/210888/b48252o/odoo-210888/addons/crm_configuration/crm_claims_data.xml
2026-02-03 10:10:21,854 - Knowledge - INFO - Async storing batch of 8 embeddings
2026-02-03 10:10:21,857 - Knowledge - INFO - Worker kw9 processing /app/data/T0002/210888/b48252o/odoo-210888/addons/project_mrp/__init__.py
2026-02-03 10:10:21,859 - Knowledge - INFO - Fast-tracked /app/data/T0002/210888/b48252o/odoo-210888/addons/project_mrp/__init__.py (ext=.py, size=1083)
2026-02-03 10:10:21,860 - Knowledge - INFO - Worker kw9 processing /app/data/T0002/210888/b48252o/odoo-210888/addons/project_mrp/process/project_mrp_process.xml
2026-02-03 10:10:21,863 - Knowledge - INFO - Fast-tracked /app/data/T0002/210888/b48252o/odoo-210888/addons/project_mrp/process/project_mrp_process.xml (ext=.xml, size=6063)
2026-02-03 10:10:21,864 - Knowledge - INFO - Worker kw9 processing /app/data/T0002/210888/b48252o/odoo-210888/addons/account_analytic_default/account_analytic_default.py
2026-02-03 10:10:21,869 - Knowledge - INFO - Worker kw9 processing /app/data/T0002/210888/b48252o/odoo-210888/addons/account_analytic_default/account_analytic_default_view.xml
2026-02-03 10:10:21,871 - Knowledge - INFO - Fast-tracked /app/data/T0002/210888/b48252o/odoo-210888/addons/account_analytic_default/account_analytic_default_view.xml (ext=.xml, size=3275)
2026-02-03 10:10:21,872 - Knowledge - INFO - Worker kw9 processing /app/data/T0002/210888/b48252o/odoo-210888/addons/account_analytic_default/__terp__.py
2026-02-03 10:10:21,873 - Knowledge - INFO - Fast-tracked /app/data/T0002/210888/b48252o/odoo-210888/addons/account_analytic_default/__terp__.py (ext=.py, size=1625)
2026-02-03 10:10:21,874 - Knowledge - INFO - Worker kw9 processing /app/data/T0002/210888/b48252o/odoo-210888/addons/account_analytic_default/__init__.py
2026-02-03 10:10:21,875 - Knowledge - INFO - Fast-tracked /app/data/T0002/210888/b48252o/odoo-210888/addons/account_analytic_default/__init__.py (ext=.py, size=1088)
2026-02-03 10:10:21,941 - Knowledge - INFO - Worker kw9 processing /app/data/T0002/210888/b48252o/odoo-210888/addons/report_intrastat/intrastat_report.xml
2026-02-03 10:10:21,951 - Knowledge - INFO - Fast-tracked /app/data/T0002/210888/b48252o/odoo-210888/addons/report_intrastat/intrastat_report.xml (ext=.xml, size=254)
2026-02-03 10:10:21,951 - Knowledge - INFO - Worker kw9 processing /app/data/T0002/210888/b48252o/odoo-210888/addons/report_intrastat/report_intrastat.py
2026-02-03 10:10:21,968 - Knowledge - INFO - Async storage completed for 8 embeddings
2026-02-03 10:10:22,163 - Knowledge - INFO - process ingested knowledge for /app/data/T0002/210888/b48252o/odoo-210888/addons/crm_configuration/crm_jobs_data.xml
2026-02-03 10:10:22,168 - Knowledge - INFO - Async storing batch of 8 embeddings
2026-02-03 10:10:22,169 - Knowledge - INFO - Worker kw3 processing /app/data/T0002/210888/b48252o/odoo-210888/addons/report_intrastat/report/invoice.py
2026-02-03 10:10:22,173 - Knowledge - INFO - Fast-tracked /app/data/T0002/210888/b48252o/odoo-210888/addons/report_intrastat/report/invoice.py (ext=.py, size=1557)
2026-02-03 10:10:22,239 - Knowledge - INFO - Worker kw3 processing /app/data/T0002/210888/b48252o/odoo-210888/addons/report_intrastat/report/__init__.py
2026-02-03 10:10:22,244 - Knowledge - INFO - Fast-tracked /app/data/T0002/210888/b48252o/odoo-210888/addons/report_intrastat/report/__init__.py (ext=.py, size=1071)
2026-02-03 10:10:22,251 - Knowledge - INFO - Worker kw3 processing /app/data/T0002/210888/b48252o/odoo-210888/addons/report_intrastat/report_intrastat_view.xml
2026-02-03 10:10:22,260 - Knowledge - INFO - Fast-tracked /app/data/T0002/210888/b48252o/odoo-210888/addons/report_intrastat/report_intrastat_view.xml (ext=.xml, size=5110)
2026-02-03 10:10:22,265 - Knowledge - INFO - Worker kw3 processing /app/data/T0002/210888/b48252o/odoo-210888/addons/report_intrastat/__terp__.py
2026-02-03 10:10:22,343 - Knowledge - INFO - Fast-tracked /app/data/T0002/210888/b48252o/odoo-210888/addons/report_intrastat/__terp__.py (ext=.py, size=1660)
2026-02-03 10:10:22,365 - Knowledge - INFO - Worker kw3 processing /app/data/T0002/210888/b48252o/odoo-210888/addons/report_intrastat/report_intrastat_data.xml
2026-02-03 10:10:22,371 - Knowledge - INFO - Fast-tracked /app/data/T0002/210888/b48252o/odoo-210888/addons/report_intrastat/report_intrastat_data.xml (ext=.xml, size=2928)
2026-02-03 10:10:22,372 - Knowledge - INFO - Worker kw3 processing /app/data/T0002/210888/b48252o/odoo-210888/addons/report_intrastat/__init__.py
2026-02-03 10:10:22,373 - Knowledge - INFO - Fast-tracked /app/data/T0002/210888/b48252o/odoo-210888/addons/report_intrastat/__init__.py (ext=.py, size=1097)
2026-02-03 10:10:22,374 - Knowledge - INFO - Worker kw3 processing /app/data/T0002/210888/b48252o/odoo-210888/addons/subscription/subscription.py
2026-02-03 10:10:22,376 - Knowledge - INFO - Worker kw3 processing /app/data/T0002/210888/b48252o/odoo-210888/addons/subscription/subscription_view.xml
2026-02-03 10:10:22,379 - Knowledge - INFO - Fast-tracked /app/data/T0002/210888/b48252o/odoo-210888/addons/subscription/subscription_view.xml (ext=.xml, size=7431)
2026-02-03 10:10:22,389 - Knowledge - INFO - Async storage completed for 8 embeddings
2026-02-03 10:10:22,564 - Knowledge - INFO - process ingested knowledge for /app/data/T0002/210888/b48252o/odoo-210888/addons/crm_configuration/crm_config_view.xml
2026-02-03 10:10:22,565 - Knowledge - INFO - process ingested knowledge for /app/data/T0002/210888/b48252o/odoo-210888/addons/product/product_demo.xml
2026-02-03 10:10:22,566 - Knowledge - INFO - process ingested knowledge for /app/data/T0002/210888/b48252o/odoo-210888/addons/crm_configuration/crm_jobs_menu.xml
2026-02-03 10:10:23,539 - Knowledge - INFO - [kw2] Queue=529, InProgress=0, PendingWorkers=20/20, Completed=694/1263 (54.9%)
2026-02-03 10:10:23,542 - Knowledge - INFO - Batch sizing: calculated=8, max_allowed=10, queue=529, active_workers=20/20
2026-02-03 10:10:24,081 - Knowledge - INFO - process ingested knowledge for /app/data/T0002/210888/b48252o/odoo-210888/addons/crm_configuration/crm_meeting_menu.xml
2026-02-03 10:10:24,849 - Knowledge - INFO - process ingested knowledge for /app/data/T0002/210888/b48252o/odoo-210888/addons/crm_configuration/__init__.py
2026-02-03 10:10:24,865 - Knowledge - INFO - process ingested knowledge for /app/data/T0002/210888/b48252o/odoo-210888/addons/product/product_data.xml
2026-02-03 10:10:25,649 - Knowledge - INFO - process ingested knowledge for /app/data/T0002/210888/b48252o/odoo-210888/addons/product/report/product_pricelist.py
2026-02-03 10:10:27,074 - Knowledge - INFO - Async storing batch of 8 embeddings
2026-02-03 10:10:27,137 - Knowledge - INFO - Worker kw2 processing /app/data/T0002/210888/b48252o/odoo-210888/addons/subscription/__terp__.py
2026-02-03 10:10:27,256 - Knowledge - INFO - Fast-tracked /app/data/T0002/210888/b48252o/odoo-210888/addons/subscription/__terp__.py (ext=.py, size=1528)
2026-02-03 10:10:27,257 - Knowledge - INFO - Worker kw2 processing /app/data/T0002/210888/b48252o/odoo-210888/addons/subscription/__init__.py
2026-02-03 10:10:27,336 - Knowledge - INFO - Fast-tracked /app/data/T0002/210888/b48252o/odoo-210888/addons/subscription/__init__.py (ext=.py, size=1079)
2026-02-03 10:10:27,342 - Knowledge - INFO - Worker kw2 processing /app/data/T0002/210888/b48252o/odoo-210888/addons/l10n_ch/dta.py
2026-02-03 10:10:27,361 - Knowledge - INFO - Worker kw2 processing /app/data/T0002/210888/b48252o/odoo-210888/addons/l10n_ch/zip_code_default.xml
2026-02-03 10:10:27,379 - Knowledge - INFO - Fast-tracked /app/data/T0002/210888/b48252o/odoo-210888/addons/l10n_ch/zip_code_default.xml (ext=.xml, size=1528013)
2026-02-03 10:10:27,438 - Knowledge - INFO - Worker kw2 processing /app/data/T0002/210888/b48252o/odoo-210888/addons/l10n_ch/account_journal_view.xml
2026-02-03 10:10:27,468 - Knowledge - INFO - Fast-tracked /app/data/T0002/210888/b48252o/odoo-210888/addons/l10n_ch/account_journal_view.xml (ext=.xml, size=2140)
2026-02-03 10:10:27,545 - Knowledge - INFO - Worker kw2 processing /app/data/T0002/210888/b48252o/odoo-210888/addons/l10n_ch/company_view.xml
2026-02-03 10:10:27,645 - Knowledge - INFO - Fast-tracked /app/data/T0002/210888/b48252o/odoo-210888/addons/l10n_ch/company_view.xml (ext=.xml, size=626)
2026-02-03 10:10:27,660 - Knowledge - INFO - Worker kw2 processing /app/data/T0002/210888/b48252o/odoo-210888/addons/l10n_ch/account_invoice.xml
2026-02-03 10:10:27,752 - Knowledge - INFO - Fast-tracked /app/data/T0002/210888/b48252o/odoo-210888/addons/l10n_ch/account_invoice.xml (ext=.xml, size=2104)
2026-02-03 10:10:27,752 - Knowledge - INFO - process ingested knowledge for /app/data/T0002/210888/b48252o/odoo-210888/addons/crm_configuration/crm_claims_menu.xml
2026-02-03 10:10:27,758 - Knowledge - INFO - Worker kw2 processing /app/data/T0002/210888/b48252o/odoo-210888/addons/l10n_ch/l10n_ch_wizard.xml
2026-02-03 10:10:27,938 - Knowledge - INFO - Fast-tracked /app/data/T0002/210888/b48252o/odoo-210888/addons/l10n_ch/l10n_ch_wizard.xml (ext=.xml, size=464)
2026-02-03 10:10:28,058 - Knowledge - INFO - Async storage completed for 8 embeddings
2026-02-03 10:10:28,469 - Knowledge - INFO - process ingested knowledge for /app/data/T0002/210888/b48252o/odoo-210888/addons/crm_configuration/crm_phonecall_view.xml
2026-02-03 10:10:28,563 - Knowledge - INFO - process ingested knowledge for /app/data/T0002/210888/b48252o/odoo-210888/addons/crm_configuration/crm_meeting_data.xml
2026-02-03 10:10:28,637 - Knowledge - INFO - process ingested knowledge for /app/data/T0002/210888/b48252o/odoo-210888/addons/product/report/pricelist.py
2026-02-03 10:10:29,547 - Knowledge - INFO - [LLM_CALL] Completed: mrp.py:chunk1, Duration: 9311ms, PromptTokens: 2600, CompletionTokens: 386, Cost: $0.00041
2026-02-03 10:10:29,548 - Knowledge - INFO - done ingest for /app/data/T0002/210888/b48252o/odoo-210888/addons/project_mrp/mrp.py
2026-02-03 10:10:30,078 - Knowledge - INFO - process ingested knowledge for /app/data/T0002/210888/b48252o/odoo-210888/addons/crm_configuration/crm_opportunity_view.xml
2026-02-03 10:10:30,082 - Knowledge - INFO - process ingested knowledge for /app/data/T0002/210888/b48252o/odoo-210888/addons/crm_configuration/crm_lead_view.xml
2026-02-03 10:10:31,858 - Knowledge - INFO - process ingested knowledge for /app/data/T0002/210888/b48252o/odoo-210888/addons/crm_configuration/crm_phonecall_demo.xml
2026-02-03 10:10:34,738 - Knowledge - INFO - process ingested knowledge for /app/data/T0002/210888/b48252o/odoo-210888/addons/crm_configuration/crm_phonecall_data.xml
2026-02-03 10:10:34,748 - Knowledge - INFO - process ingested knowledge for /app/data/T0002/210888/b48252o/odoo-210888/addons/crm_configuration/crm_configuration_wizard.xml
2026-02-03 10:10:36,042 - Knowledge - INFO - [LLM_CALL] Completed: subscription.py:chunk1, Duration: 13656ms, PromptTokens: 4374, CompletionTokens: 597, Cost: $0.00068
2026-02-03 10:10:36,056 - Knowledge - INFO - done ingest for /app/data/T0002/210888/b48252o/odoo-210888/addons/subscription/subscription.py
2026-02-03 10:10:37,567 - Knowledge - INFO - [LLM_CALL] Completed: dta.py:chunk1, Duration: 9607ms, PromptTokens: 2824, CompletionTokens: 371, Cost: $0.00043
2026-02-03 10:10:37,569 - Knowledge - INFO - done ingest for /app/data/T0002/210888/b48252o/odoo-210888/addons/l10n_ch/dta.py
2026-02-03 10:10:37,768 - Knowledge - INFO - [LLM_CALL] Completed: report_intrastat.py:chunk1, Duration: 15804ms, PromptTokens: 3128, CompletionTokens: 386, Cost: $0.00047
2026-02-03 10:10:37,768 - Knowledge - INFO - done ingest for /app/data/T0002/210888/b48252o/odoo-210888/addons/report_intrastat/report_intrastat.py
2026-02-03 10:10:39,057 - Knowledge - INFO - [LLM_CALL] Completed: account_analytic_default.py:chunk1, Duration: 17102ms, PromptTokens: 3380, CompletionTokens: 524, Cost: $0.00055
2026-02-03 10:10:39,059 - Knowledge - INFO - done ingest for /app/data/T0002/210888/b48252o/odoo-210888/addons/account_analytic_default/account_analytic_default.py
2026-02-03 10:10:39,281 - Knowledge - INFO - process ingested knowledge for /app/data/T0002/210888/b48252o/odoo-210888/addons/crm_configuration/crm_jobs_view.xml
2026-02-03 10:10:39,566 - Knowledge - INFO - [kw12] Queue=521, InProgress=0, PendingWorkers=20/20, Completed=707/1263 (56.0%)
2026-02-03 10:10:39,568 - Knowledge - INFO - Batch sizing: calculated=8, max_allowed=10, queue=521, active_workers=20/20
2026-02-03 10:10:41,345 - Knowledge - INFO - Processing batch of 8 files
2026-02-03 10:10:41,346 - Knowledge - INFO - process ingested knowledge for /app/data/T0002/210888/b48252o/odoo-210888/addons/crm_configuration/crm_config.py
2026-02-03 10:10:41,348 - Knowledge - INFO - process ingested knowledge for /app/data/T0002/210888/b48252o/odoo-210888/addons/crm_configuration/crm_helpdesk_menu.xml
2026-02-03 10:10:41,374 - Knowledge - INFO - Processing batch of 8 files
2026-02-03 10:10:41,374 - Knowledge - INFO - process ingested knowledge for /app/data/T0002/210888/b48252o/odoo-210888/addons/crm_configuration/process/crm_configuration_process.xml
2026-02-03 10:10:41,567 - Knowledge - INFO - [WEBSOCKET] Sent: Type=progress_update, Size: 296, Duration: 0ms
2026-02-03 10:10:41,568 - Knowledge - INFO - [WEBSOCKET] Sent: Type=unknown, Size: ?, Duration: 1ms
2026-02-03 10:10:41,569 - Knowledge - INFO - Progress: 56.5% | Files: 713/1263 | Rate: 1.00 files/sec | Queue: 513
2026-02-03 10:10:41,570 - Knowledge - INFO - Async storing batch of 8 embeddings
2026-02-03 10:10:41,572 - Knowledge - INFO - Worker kw12 processing /app/data/T0002/210888/b48252o/odoo-210888/addons/l10n_ch/invoice.py
2026-02-03 10:10:41,573 - Knowledge - INFO - Worker kw12 processing /app/data/T0002/210888/b48252o/odoo-210888/addons/l10n_ch/report/bvr.py
2026-02-03 10:10:41,641 - Knowledge - INFO - Worker kw12 processing /app/data/T0002/210888/b48252o/odoo-210888/addons/l10n_ch/report/__init__.py
2026-02-03 10:10:41,647 - Knowledge - INFO - Fast-tracked /app/data/T0002/210888/b48252o/odoo-210888/addons/l10n_ch/report/__init__.py (ext=.py, size=1426)
2026-02-03 10:10:41,648 - Knowledge - INFO - Worker kw12 processing /app/data/T0002/210888/b48252o/odoo-210888/addons/l10n_ch/readme.txt
2026-02-03 10:10:41,650 - Knowledge - INFO - Fast-tracked /app/data/T0002/210888/b48252o/odoo-210888/addons/l10n_ch/readme.txt (ext=.txt, size=1388)
2026-02-03 10:10:41,650 - Knowledge - INFO - Worker kw12 processing /app/data/T0002/210888/b48252o/odoo-210888/addons/l10n_ch/dta_view.xml
2026-02-03 10:10:41,652 - Knowledge - INFO - Fast-tracked /app/data/T0002/210888/b48252o/odoo-210888/addons/l10n_ch/dta_view.xml (ext=.xml, size=1478)
2026-02-03 10:10:41,653 - Knowledge - INFO - Worker kw12 processing /app/data/T0002/210888/b48252o/odoo-210888/addons/l10n_ch/company.py
2026-02-03 10:10:41,655 - Knowledge - INFO - Worker kw12 processing /app/data/T0002/210888/b48252o/odoo-210888/addons/l10n_ch/__terp__.py
2026-02-03 10:10:41,657 - Knowledge - INFO - Worker kw12 processing /app/data/T0002/210888/b48252o/odoo-210888/addons/l10n_ch/wizard/dta_wizard.py
2026-02-03 10:10:41,747 - Knowledge - INFO - Fast-tracked /app/data/T0002/210888/b48252o/odoo-210888/addons/l10n_ch/company.py (small file (2036 bytes))
2026-02-03 10:10:41,766 - Knowledge - INFO - Async storage completed for 8 embeddings
2026-02-03 10:10:42,351 - Knowledge - INFO - [kw19] Queue=513, InProgress=0, PendingWorkers=20/20, Completed=716/1263 (56.7%)
2026-02-03 10:10:42,352 - Knowledge - INFO - Batch sizing: calculated=8, max_allowed=10, queue=513, active_workers=20/20
2026-02-03 10:10:42,659 - Knowledge - INFO - process ingested knowledge for /app/data/T0002/210888/b48252o/odoo-210888/addons/crm_configuration/crm_opportunity_demo.xml
2026-02-03 10:10:42,661 - Knowledge - INFO - process ingested knowledge for /app/data/T0002/210888/b48252o/odoo-210888/addons/crm_configuration/crm_lead_data.xml
2026-02-03 10:10:43,956 - Knowledge - INFO - [kw16] Queue=513, InProgress=0, PendingWorkers=20/20, Completed=717/1263 (56.8%)
2026-02-03 10:10:43,956 - Knowledge - INFO - Batch sizing: calculated=8, max_allowed=10, queue=513, active_workers=20/20
2026-02-03 10:10:44,664 - Knowledge - INFO - Async storing batch of 8 embeddings
2026-02-03 10:10:44,756 - Knowledge - INFO - Worker kw19 processing /app/data/T0002/210888/b48252o/odoo-210888/addons/l10n_ch/wizard/opae_wizard.py
2026-02-03 10:10:44,857 - Knowledge - INFO - Worker kw19 processing /app/data/T0002/210888/b48252o/odoo-210888/addons/l10n_ch/wizard/wizard_bvr.py
2026-02-03 10:10:44,946 - Knowledge - INFO - Worker kw19 processing /app/data/T0002/210888/b48252o/odoo-210888/addons/l10n_ch/wizard/bvr_import.py
2026-02-03 10:10:44,962 - Knowledge - INFO - Worker kw19 processing /app/data/T0002/210888/b48252o/odoo-210888/addons/l10n_ch/wizard/__init__.py
2026-02-03 10:10:45,042 - Knowledge - INFO - Fast-tracked /app/data/T0002/210888/b48252o/odoo-210888/addons/l10n_ch/wizard/__init__.py (ext=.py, size=1560)
2026-02-03 10:10:45,044 - Knowledge - INFO - Worker kw19 processing /app/data/T0002/210888/b48252o/odoo-210888/addons/l10n_ch/wizard/journal_config.py
2026-02-03 10:10:45,052 - Knowledge - INFO - Worker kw19 processing /app/data/T0002/210888/b48252o/odoo-210888/addons/l10n_ch/dta_data.xml
2026-02-03 10:10:45,067 - Knowledge - INFO - Fast-tracked /app/data/T0002/210888/b48252o/odoo-210888/addons/l10n_ch/dta_data.xml (ext=.xml, size=5472)
2026-02-03 10:10:45,141 - Knowledge - INFO - Worker kw19 processing /app/data/T0002/210888/b48252o/odoo-210888/addons/l10n_ch/account_move_line.py
2026-02-03 10:10:45,151 - Knowledge - INFO - Worker kw19 processing /app/data/T0002/210888/b48252o/odoo-210888/addons/l10n_ch/data.xml
2026-02-03 10:10:45,238 - Knowledge - INFO - Fast-tracked /app/data/T0002/210888/b48252o/odoo-210888/addons/l10n_ch/data.xml (ext=.xml, size=4834)
2026-02-03 10:10:45,748 - Knowledge - INFO - process ingested knowledge for /app/data/T0002/210888/b48252o/odoo-210888/addons/crm_configuration/wizard/meeting_planify.py
2026-02-03 10:10:45,756 - Knowledge - INFO - [kw17] Queue=505, InProgress=0, PendingWorkers=20/20, Completed=721/1263 (57.1%)
2026-02-03 10:10:45,836 - Knowledge - INFO - Batch sizing: calculated=8, max_allowed=10, queue=505, active_workers=20/20
2026-02-03 10:10:46,171 - Knowledge - INFO - Async storage completed for 8 embeddings
2026-02-03 10:10:46,973 - Knowledge - INFO - [kw11] Queue=505, InProgress=0, PendingWorkers=20/20, Completed=723/1263 (57.2%)
2026-02-03 10:10:47,044 - Knowledge - INFO - Batch sizing: calculated=8, max_allowed=10, queue=505, active_workers=20/20
2026-02-03 10:10:47,070 - Knowledge - INFO - Async storing batch of 8 embeddings
2026-02-03 10:10:47,173 - Knowledge - INFO - Worker kw16 processing /app/data/T0002/210888/b48252o/odoo-210888/addons/l10n_ch/bvr_wizard.xml
2026-02-03 10:10:47,247 - Knowledge - INFO - Fast-tracked /app/data/T0002/210888/b48252o/odoo-210888/addons/l10n_ch/bvr_wizard.xml (ext=.xml, size=681)
2026-02-03 10:10:47,248 - Knowledge - INFO - Worker kw16 processing /app/data/T0002/210888/b48252o/odoo-210888/addons/l10n_ch/bank_ch.xml
2026-02-03 10:10:47,269 - Knowledge - INFO - Fast-tracked /app/data/T0002/210888/b48252o/odoo-210888/addons/l10n_ch/bank_ch.xml (ext=.xml, size=2016242)
2026-02-03 10:10:47,336 - Knowledge - INFO - Worker kw16 processing /app/data/T0002/210888/b48252o/odoo-210888/addons/l10n_ch/bank_view.xml
2026-02-03 10:10:47,381 - Knowledge - INFO - Fast-tracked /app/data/T0002/210888/b48252o/odoo-210888/addons/l10n_ch/bank_view.xml (ext=.xml, size=2367)
2026-02-03 10:10:47,382 - Knowledge - INFO - Worker kw16 processing /app/data/T0002/210888/b48252o/odoo-210888/addons/l10n_ch/demo/data_demo.xml
2026-02-03 10:10:47,440 - Knowledge - INFO - Fast-tracked /app/data/T0002/210888/b48252o/odoo-210888/addons/l10n_ch/demo/data_demo.xml (ext=.xml, size=11489)
2026-02-03 10:10:47,447 - Knowledge - INFO - Worker kw16 processing /app/data/T0002/210888/b48252o/odoo-210888/addons/l10n_ch/payment.py
2026-02-03 10:10:47,543 - Knowledge - INFO - Worker kw16 processing /app/data/T0002/210888/b48252o/odoo-210888/addons/l10n_ch/bvr_view.xml
2026-02-03 10:10:47,654 - Knowledge - INFO - Fast-tracked /app/data/T0002/210888/b48252o/odoo-210888/addons/l10n_ch/bvr_view.xml (ext=.xml, size=669)
2026-02-03 10:10:47,736 - Knowledge - INFO - Worker kw16 processing /app/data/T0002/210888/b48252o/odoo-210888/addons/l10n_ch/bank.py
2026-02-03 10:10:47,760 - Knowledge - INFO - Worker kw16 processing /app/data/T0002/210888/b48252o/odoo-210888/addons/l10n_ch/partner.py
2026-02-03 10:10:47,945 - Knowledge - INFO - Fast-tracked /app/data/T0002/210888/b48252o/odoo-210888/addons/l10n_ch/partner.py (ext=.py, size=1686)
2026-02-03 10:10:48,258 - Knowledge - INFO - Fast-tracked /app/data/T0002/210888/b48252o/odoo-210888/addons/l10n_ch/payment.py (small file (2328 bytes))
2026-02-03 10:10:48,639 - Knowledge - INFO - Async storage completed for 8 embeddings
2026-02-03 10:10:48,939 - Knowledge - INFO - [LLM_CALL] Completed: __terp__.py:chunk1, Duration: 7188ms, PromptTokens: 2380, CompletionTokens: 287, Cost: $0.00035
2026-02-03 10:10:48,942 - Knowledge - INFO - done ingest for /app/data/T0002/210888/b48252o/odoo-210888/addons/l10n_ch/__terp__.py
2026-02-03 10:10:49,139 - Knowledge - INFO - Processing batch of 8 files
2026-02-03 10:10:49,140 - Knowledge - INFO - process ingested knowledge for /app/data/T0002/210888/b48252o/odoo-210888/addons/account_analytic_plans/wizard/wizard_crossovered_analytic.py
2026-02-03 10:10:49,544 - Knowledge - INFO - process ingested knowledge for /app/data/T0002/210888/b48252o/odoo-210888/addons/hr_timesheet_sheet/hr_timesheet_sheet.py
2026-02-03 10:10:50,137 - Knowledge - INFO - Async storing batch of 8 embeddings
2026-02-03 10:10:50,165 - Knowledge - INFO - Worker kw17 processing /app/data/T0002/210888/b48252o/odoo-210888/addons/l10n_ch/__init__.py
2026-02-03 10:10:50,257 - Knowledge - INFO - Fast-tracked /app/data/T0002/210888/b48252o/odoo-210888/addons/l10n_ch/__init__.py (ext=.py, size=1557)
2026-02-03 10:10:50,269 - Knowledge - INFO - Worker kw17 processing /app/data/T0002/210888/b48252o/odoo-210888/addons/l10n_ch/l10n_ch_report.xml
2026-02-03 10:10:50,363 - Knowledge - INFO - Fast-tracked /app/data/T0002/210888/b48252o/odoo-210888/addons/l10n_ch/l10n_ch_report.xml (ext=.xml, size=589)
2026-02-03 10:10:50,363 - Knowledge - INFO - Worker kw17 processing /app/data/T0002/210888/b48252o/odoo-210888/addons/base_report_creator/base_report_creator_demo.xml
2026-02-03 10:10:50,449 - Knowledge - INFO - Fast-tracked /app/data/T0002/210888/b48252o/odoo-210888/addons/base_report_creator/base_report_creator_demo.xml (ext=.xml, size=2541)
2026-02-03 10:10:50,449 - Knowledge - INFO - Worker kw17 processing /app/data/T0002/210888/b48252o/odoo-210888/addons/base_report_creator/base_report_creator_wizard.xml
2026-02-03 10:10:50,576 - Knowledge - INFO - Fast-tracked /app/data/T0002/210888/b48252o/odoo-210888/addons/base_report_creator/base_report_creator_wizard.xml (ext=.xml, size=305)
2026-02-03 10:10:50,576 - Knowledge - INFO - Worker kw17 processing /app/data/T0002/210888/b48252o/odoo-210888/addons/base_report_creator/base_report_creator.py
2026-02-03 10:10:50,666 - Knowledge - INFO - Worker kw17 processing /app/data/T0002/210888/b48252o/odoo-210888/addons/base_report_creator/__terp__.py
2026-02-03 10:10:50,736 - Knowledge - INFO - Fast-tracked /app/data/T0002/210888/b48252o/odoo-210888/addons/base_report_creator/__terp__.py (ext=.py, size=1755)
2026-02-03 10:10:50,737 - Knowledge - INFO - Worker kw17 processing /app/data/T0002/210888/b48252o/odoo-210888/addons/base_report_creator/base_report_creator_view.xml
2026-02-03 10:10:50,764 - Knowledge - INFO - Fast-tracked /app/data/T0002/210888/b48252o/odoo-210888/addons/base_report_creator/base_report_creator_view.xml (ext=.xml, size=7244)
2026-02-03 10:10:50,770 - Knowledge - INFO - Worker kw17 processing /app/data/T0002/210888/b48252o/odoo-210888/addons/base_report_creator/wizard/report_menu_create.py
2026-02-03 10:10:51,766 - Knowledge - INFO - Fast-tracked /app/data/T0002/210888/b48252o/odoo-210888/addons/base_report_creator/wizard/report_menu_create.py (small file (2914 bytes))
2026-02-03 10:10:51,869 - Knowledge - INFO - Async storage completed for 8 embeddings
2026-02-03 10:10:51,958 - Knowledge - INFO - Async storing batch of 8 embeddings
2026-02-03 10:10:51,966 - Knowledge - INFO - Worker kw11 processing /app/data/T0002/210888/b48252o/odoo-210888/addons/base_report_creator/wizard/base_report_creator_open.py
2026-02-03 10:10:52,037 - Knowledge - INFO - Worker kw11 processing /app/data/T0002/210888/b48252o/odoo-210888/addons/base_report_creator/wizard/__init__.py
2026-02-03 10:10:52,148 - Knowledge - INFO - Fast-tracked /app/data/T0002/210888/b48252o/odoo-210888/addons/base_report_creator/wizard/__init__.py (ext=.py, size=1145)
2026-02-03 10:10:52,167 - Knowledge - INFO - Worker kw11 processing /app/data/T0002/210888/b48252o/odoo-210888/addons/base_report_creator/wizard/wiz_set_filter_fields.py
2026-02-03 10:10:52,252 - Knowledge - INFO - Worker kw11 processing /app/data/T0002/210888/b48252o/odoo-210888/addons/base_report_creator/__init__.py
2026-02-03 10:10:52,365 - Knowledge - INFO - Processing batch of 8 files
2026-02-03 10:10:52,375 - Knowledge - INFO - process ingested knowledge for /app/data/T0002/210888/b48252o/odoo-210888/addons/hr_timesheet_sheet/wizard/wizard_timesheet_current.py
2026-02-03 10:10:52,436 - Knowledge - INFO - Fast-tracked /app/data/T0002/210888/b48252o/odoo-210888/addons/base_report_creator/__init__.py (ext=.py, size=1099)
2026-02-03 10:10:52,461 - Knowledge - INFO - Worker kw11 processing /app/data/T0002/210888/b48252o/odoo-210888/addons/sale/test/invoice_packing.xml
2026-02-03 10:10:52,553 - Knowledge - INFO - Fast-tracked /app/data/T0002/210888/b48252o/odoo-210888/addons/sale/test/invoice_packing.xml (ext=.xml, size=7462)
2026-02-03 10:10:52,554 - Knowledge - INFO - Worker kw11 processing /app/data/T0002/210888/b48252o/odoo-210888/addons/sale/test/bug399817.xml
2026-02-03 10:10:52,661 - Knowledge - INFO - Fast-tracked /app/data/T0002/210888/b48252o/odoo-210888/addons/sale/test/bug399817.xml (ext=.xml, size=3061)
2026-02-03 10:10:52,750 - Knowledge - INFO - Worker kw11 processing /app/data/T0002/210888/b48252o/odoo-210888/addons/sale/test/bug461801.xml
2026-02-03 10:10:52,770 - Knowledge - INFO - Fast-tracked /app/data/T0002/210888/b48252o/odoo-210888/addons/sale/test/bug461801.xml (ext=.xml, size=3750)
2026-02-03 10:10:52,936 - Knowledge - INFO - Processing batch of 8 files
2026-02-03 10:10:52,941 - Knowledge - INFO - process ingested knowledge for /app/data/T0002/210888/b48252o/odoo-210888/addons/account_analytic_plans/wizard/create_model.py
2026-02-03 10:10:52,949 - Knowledge - INFO - process ingested knowledge for /app/data/T0002/210888/b48252o/odoo-210888/addons/hr_timesheet_sheet/hr_timesheet_sheet_demo.xml
2026-02-03 10:10:52,955 - Knowledge - INFO - Worker kw11 processing /app/data/T0002/210888/b48252o/odoo-210888/addons/sale/test/sale_test.xml
2026-02-03 10:10:53,071 - Knowledge - INFO - process ingested knowledge for /app/data/T0002/210888/b48252o/odoo-210888/addons/subscription/__terp__.py
2026-02-03 10:10:53,270 - Knowledge - INFO - Fast-tracked /app/data/T0002/210888/b48252o/odoo-210888/addons/sale/test/sale_test.xml (ext=.xml, size=20810)
2026-02-03 10:10:53,380 - Knowledge - INFO - Fast-tracked /app/data/T0002/210888/b48252o/odoo-210888/addons/base_report_creator/wizard/base_report_creator_open.py (small file (2256 bytes))
2026-02-03 10:10:53,771 - Knowledge - INFO - Async storage completed for 8 embeddings
2026-02-03 10:10:55,968 - Knowledge - INFO - process ingested knowledge for /app/data/T0002/210888/b48252o/odoo-210888/addons/hr_timesheet_sheet/wizard/__init__.py
2026-02-03 10:10:57,247 - Knowledge - INFO - process ingested knowledge for /app/data/T0002/210888/b48252o/odoo-210888/addons/crm_configuration/wizard/wizard_partner_create.py
2026-02-03 10:10:58,058 - Knowledge - INFO - process ingested knowledge for /app/data/T0002/210888/b48252o/odoo-210888/addons/hr_timesheet_sheet/hr_timesheet_sheet_view.xml
2026-02-03 10:10:58,351 - Knowledge - INFO - [LLM_CALL] Completed: bank.py:chunk1, Duration: 9889ms, PromptTokens: 2890, CompletionTokens: 329, Cost: $0.00042
2026-02-03 10:10:58,382 - Knowledge - INFO - done ingest for /app/data/T0002/210888/b48252o/odoo-210888/addons/l10n_ch/bank.py
2026-02-03 10:11:01,853 - Knowledge - INFO - [LLM_CALL] Completed: wizard_bvr.py:chunk1, Duration: 16305ms, PromptTokens: 2440, CompletionTokens: 310, Cost: $0.00037
2026-02-03 10:11:01,857 - Knowledge - INFO - done ingest for /app/data/T0002/210888/b48252o/odoo-210888/addons/l10n_ch/wizard/wizard_bvr.py
2026-02-03 10:11:02,079 - Knowledge - INFO - process ingested knowledge for /app/data/T0002/210888/b48252o/odoo-210888/addons/hr_timesheet_sheet/__init__.py
2026-02-03 10:11:02,844 - Knowledge - INFO - process ingested knowledge for /app/data/T0002/210888/b48252o/odoo-210888/addons/account_analytic_plans/wizard/__init__.py
2026-02-03 10:11:02,845 - Knowledge - INFO - process ingested knowledge for /app/data/T0002/210888/b48252o/odoo-210888/addons/crm_configuration/wizard/__init__.py
2026-02-03 10:11:02,858 - Knowledge - INFO - process ingested knowledge for /app/data/T0002/210888/b48252o/odoo-210888/addons/subscription/__init__.py
2026-02-03 10:11:03,365 - Knowledge - INFO - Processing batch of 8 files
2026-02-03 10:11:03,366 - Knowledge - INFO - process ingested knowledge for /app/data/T0002/210888/b48252o/odoo-210888/addons/report_intrastat/report/invoice.py
2026-02-03 10:11:05,774 - Knowledge - INFO - [LLM_CALL] Completed: invoice.py:chunk1, Duration: 24112ms, PromptTokens: 4026, CompletionTokens: 409, Cost: $0.00057
2026-02-03 10:11:05,842 - Knowledge - INFO - done ingest for /app/data/T0002/210888/b48252o/odoo-210888/addons/l10n_ch/invoice.py
2026-02-03 10:11:07,049 - Knowledge - INFO - [kw6] Queue=481, InProgress=0, PendingWorkers=20/20, Completed=739/1263 (58.5%)
2026-02-03 10:11:07,049 - Knowledge - INFO - Batch sizing: calculated=6, max_allowed=10, queue=481, active_workers=20/20
2026-02-03 10:11:07,080 - Knowledge - INFO - process ingested knowledge for /app/data/T0002/210888/b48252o/odoo-210888/addons/hr_timesheet_sheet/process/hr_timesheet_sheet_process.xml
2026-02-03 10:11:07,937 - Knowledge - INFO - process ingested knowledge for /app/data/T0002/210888/b48252o/odoo-210888/addons/hr_timesheet_sheet/hr_timesheet_workflow.xml
2026-02-03 10:11:07,952 - Knowledge - INFO - process ingested knowledge for /app/data/T0002/210888/b48252o/odoo-210888/addons/account_analytic_plans/account_analytic_plans.py
2026-02-03 10:11:08,046 - Knowledge - INFO - process ingested knowledge for /app/data/T0002/210888/b48252o/odoo-210888/addons/crm_configuration/wizard/wizard_opportunity_set.py
2026-02-03 10:11:08,137 - Knowledge - INFO - [WEBSOCKET] Sent: Type=progress_update, Size: 293, Duration: 0ms
2026-02-03 10:11:08,674 - Knowledge - INFO - [WEBSOCKET] Sent: Type=unknown, Size: ?, Duration: 537ms
2026-02-03 10:11:08,742 - Knowledge - INFO - Progress: 58.5% | Files: 739/1263 | Rate: 1.01 files/sec | Queue: 481
2026-02-03 10:11:11,150 - Knowledge - INFO - Async storing batch of 8 embeddings
2026-02-03 10:11:11,166 - Knowledge - INFO - Worker kw6 processing /app/data/T0002/210888/b48252o/odoo-210888/addons/sale/sale_demo.xml
2026-02-03 10:11:11,267 - Knowledge - INFO - Fast-tracked /app/data/T0002/210888/b48252o/odoo-210888/addons/sale/sale_demo.xml (ext=.xml, size=9162)
2026-02-03 10:11:11,268 - Knowledge - INFO - Worker kw6 processing /app/data/T0002/210888/b48252o/odoo-210888/addons/sale/security/sale_security.xml
2026-02-03 10:11:11,366 - Knowledge - INFO - Fast-tracked /app/data/T0002/210888/b48252o/odoo-210888/addons/sale/security/sale_security.xml (ext=.xml, size=471)
2026-02-03 10:11:11,455 - Knowledge - INFO - Worker kw6 processing /app/data/T0002/210888/b48252o/odoo-210888/addons/sale/mrp_view.xml
2026-02-03 10:11:11,573 - Knowledge - INFO - Fast-tracked /app/data/T0002/210888/b48252o/odoo-210888/addons/sale/mrp_view.xml (ext=.xml, size=557)
2026-02-03 10:11:11,641 - Knowledge - INFO - [LLM_CALL] Completed: dta_wizard.py:chunk1, Duration: 29883ms, PromptTokens: 11960, CompletionTokens: 567, Cost: $0.00142
2026-02-03 10:11:11,651 - Knowledge - INFO - Worker kw6 processing /app/data/T0002/210888/b48252o/odoo-210888/addons/sale/product.py
2026-02-03 10:11:11,670 - Knowledge - INFO - done ingest for /app/data/T0002/210888/b48252o/odoo-210888/addons/l10n_ch/wizard/dta_wizard.py
2026-02-03 10:11:11,766 - Knowledge - INFO - Worker kw6 processing /app/data/T0002/210888/b48252o/odoo-210888/addons/sale/sale_wizard.xml
2026-02-03 10:11:11,945 - Knowledge - INFO - Fast-tracked /app/data/T0002/210888/b48252o/odoo-210888/addons/sale/sale_wizard.xml (ext=.xml, size=761)
2026-02-03 10:11:11,945 - Knowledge - INFO - Worker kw6 processing /app/data/T0002/210888/b48252o/odoo-210888/addons/sale/sale_sequence.xml
2026-02-03 10:11:12,068 - Knowledge - INFO - Fast-tracked /app/data/T0002/210888/b48252o/odoo-210888/addons/sale/sale_sequence.xml (ext=.xml, size=586)
2026-02-03 10:11:12,277 - Knowledge - INFO - Fast-tracked /app/data/T0002/210888/b48252o/odoo-210888/addons/sale/product.py (small file (3006 bytes))
2026-02-03 10:11:12,341 - Knowledge - INFO - process ingested knowledge for /app/data/T0002/210888/b48252o/odoo-210888/addons/project_mrp/project_workflow.xml
2026-02-03 10:11:12,342 - Knowledge - INFO - Async storage completed for 8 embeddings
2026-02-03 10:11:12,367 - Knowledge - INFO - process ingested knowledge for /app/data/T0002/210888/b48252o/odoo-210888/addons/report_intrastat/report/__init__.py
2026-02-03 10:11:12,445 - Knowledge - INFO - process ingested knowledge for /app/data/T0002/210888/b48252o/odoo-210888/addons/account_analytic_plans/__init__.py
2026-02-03 10:11:12,477 - Knowledge - INFO - [kw20] Queue=475, InProgress=0, PendingWorkers=20/20, Completed=743/1263 (58.8%)
2026-02-03 10:11:12,852 - Knowledge - INFO - Batch sizing: calculated=6, max_allowed=10, queue=475, active_workers=20/20
2026-02-03 10:11:13,657 - Knowledge - INFO - [LLM_CALL] Completed: wiz_set_filter_fields.py:chunk1, Duration: 20009ms, PromptTokens: 5934, CompletionTokens: 523, Cost: $0.00080
2026-02-03 10:11:13,739 - Knowledge - INFO - done ingest for /app/data/T0002/210888/b48252o/odoo-210888/addons/base_report_creator/wizard/wiz_set_filter_fields.py
2026-02-03 10:11:13,969 - Knowledge - INFO - process ingested knowledge for /app/data/T0002/210888/b48252o/odoo-210888/addons/l10n_ch/dta.py
2026-02-03 10:11:14,049 - Knowledge - INFO - process ingested knowledge for /app/data/T0002/210888/b48252o/odoo-210888/addons/project_mrp/mrp.py
2026-02-03 10:11:14,059 - Knowledge - INFO - [kw13] Queue=475, InProgress=0, PendingWorkers=20/20, Completed=746/1263 (59.1%)
2026-02-03 10:11:14,071 - Knowledge - INFO - Batch sizing: calculated=6, max_allowed=10, queue=475, active_workers=20/20
2026-02-03 10:11:14,167 - Knowledge - INFO - Processing batch of 8 files
2026-02-03 10:11:14,244 - Knowledge - INFO - process ingested knowledge for /app/data/T0002/210888/b48252o/odoo-210888/addons/project_mrp/__init__.py
2026-02-03 10:11:14,883 - Knowledge - INFO - process ingested knowledge for /app/data/T0002/210888/b48252o/odoo-210888/addons/report_intrastat/report_intrastat_view.xml
2026-02-03 10:11:14,961 - Knowledge - INFO - Async storing batch of 8 embeddings
2026-02-03 10:11:14,969 - Knowledge - INFO - Worker kw20 processing /app/data/T0002/210888/b48252o/odoo-210888/addons/sale/sale.py
2026-02-03 10:11:15,045 - Knowledge - INFO - Worker kw20 processing /app/data/T0002/210888/b48252o/odoo-210888/addons/sale/report/sale_prepare_allot.py
2026-02-03 10:11:15,137 - Knowledge - INFO - Fast-tracked /app/data/T0002/210888/b48252o/odoo-210888/addons/sale/report/sale_prepare_allot.py (ext=.py, size=1940)
2026-02-03 10:11:15,137 - Knowledge - INFO - Worker kw20 processing /app/data/T0002/210888/b48252o/odoo-210888/addons/sale/report/order.py
2026-02-03 10:11:15,143 - Knowledge - INFO - Fast-tracked /app/data/T0002/210888/b48252o/odoo-210888/addons/sale/report/order.py (ext=.py, size=1445)
2026-02-03 10:11:15,149 - Knowledge - INFO - Worker kw20 processing /app/data/T0002/210888/b48252o/odoo-210888/addons/sale/report/__init__.py
2026-02-03 10:11:15,154 - Knowledge - INFO - [LLM_CALL] Completed: bvr.py:chunk1, Duration: 33487ms, PromptTokens: 2960, CompletionTokens: 486, Cost: $0.00049
2026-02-03 10:11:15,155 - Knowledge - INFO - done ingest for /app/data/T0002/210888/b48252o/odoo-210888/addons/l10n_ch/report/bvr.py
2026-02-03 10:11:15,250 - Knowledge - INFO - Fast-tracked /app/data/T0002/210888/b48252o/odoo-210888/addons/sale/report/__init__.py (ext=.py, size=1096)
2026-02-03 10:11:15,252 - Knowledge - INFO - Worker kw20 processing /app/data/T0002/210888/b48252o/odoo-210888/addons/sale/mrp.py
2026-02-03 10:11:15,342 - Knowledge - INFO - Worker kw20 processing /app/data/T0002/210888/b48252o/odoo-210888/addons/sale/sale_workflow.xml
2026-02-03 10:11:15,446 - Knowledge - INFO - Fast-tracked /app/data/T0002/210888/b48252o/odoo-210888/addons/sale/sale_workflow.xml (ext=.xml, size=11639)
2026-02-03 10:11:15,854 - Knowledge - INFO - Fast-tracked /app/data/T0002/210888/b48252o/odoo-210888/addons/sale/mrp.py (small file (2936 bytes))
2026-02-03 10:11:16,038 - Knowledge - INFO - Async storage completed for 8 embeddings
2026-02-03 10:11:16,056 - Knowledge - INFO - process ingested knowledge for /app/data/T0002/210888/b48252o/odoo-210888/addons/hr_timesheet_sheet/__terp__.py
2026-02-03 10:11:16,145 - Knowledge - INFO - process ingested knowledge for /app/data/T0002/210888/b48252o/odoo-210888/addons/l10n_ch/zip_code_default.xml
2026-02-03 10:11:16,163 - Knowledge - INFO - process ingested knowledge for /app/data/T0002/210888/b48252o/odoo-210888/addons/crm_configuration/crm_fund_menu.xml
2026-02-03 10:11:17,550 - Knowledge - INFO - process ingested knowledge for /app/data/T0002/210888/b48252o/odoo-210888/addons/project_mrp/process/project_mrp_process.xml
2026-02-03 10:11:17,649 - Knowledge - INFO - process ingested knowledge for /app/data/T0002/210888/b48252o/odoo-210888/addons/report_intrastat/__terp__.py
2026-02-03 10:11:17,667 - Knowledge - INFO - [kw8] Queue=469, InProgress=0, PendingWorkers=20/20, Completed=749/1263 (59.3%)
2026-02-03 10:11:17,738 - Knowledge - INFO - process ingested knowledge for /app/data/T0002/210888/b48252o/odoo-210888/addons/hr_timesheet_sheet/wizard/wizard_timesheet_department.py
2026-02-03 10:11:17,739 - Knowledge - INFO - Batch sizing: calculated=6, max_allowed=10, queue=469, active_workers=20/20
2026-02-03 10:11:17,745 - Knowledge - INFO - process ingested knowledge for /app/data/T0002/210888/b48252o/odoo-210888/addons/project_mrp/project.py
2026-02-03 10:11:17,750 - Knowledge - INFO - process ingested knowledge for /app/data/T0002/210888/b48252o/odoo-210888/addons/l10n_ch/account_journal_view.xml
2026-02-03 10:11:17,774 - Knowledge - INFO - process ingested knowledge for /app/data/T0002/210888/b48252o/odoo-210888/addons/crm_configuration/crm_fund_demo.xml
2026-02-03 10:11:17,850 - Knowledge - INFO - process ingested knowledge for /app/data/T0002/210888/b48252o/odoo-210888/addons/account_analytic_default/account_analytic_default.py
2026-02-03 10:11:18,770 - Knowledge - INFO - Async storing batch of 8 embeddings
2026-02-03 10:11:18,861 - Knowledge - INFO - Worker kw13 processing /app/data/T0002/210888/b48252o/odoo-210888/addons/sale/__terp__.py
2026-02-03 10:11:19,037 - Knowledge - INFO - Worker kw13 processing /app/data/T0002/210888/b48252o/odoo-210888/addons/sale/sale_view.xml
2026-02-03 10:11:19,069 - Knowledge - INFO - Fast-tracked /app/data/T0002/210888/b48252o/odoo-210888/addons/sale/sale_view.xml (ext=.xml, size=30759)
2026-02-03 10:11:19,078 - Knowledge - INFO - Worker kw13 processing /app/data/T0002/210888/b48252o/odoo-210888/addons/sale/wizard/make_invoice_advance.py
2026-02-03 10:11:19,144 - Knowledge - INFO - Worker kw13 processing /app/data/T0002/210888/b48252o/odoo-210888/addons/sale/wizard/make_invoice.py
2026-02-03 10:11:19,169 - Knowledge - INFO - Worker kw13 processing /app/data/T0002/210888/b48252o/odoo-210888/addons/sale/wizard/__init__.py
2026-02-03 10:11:19,451 - Knowledge - INFO - Fast-tracked /app/data/T0002/210888/b48252o/odoo-210888/addons/sale/wizard/__init__.py (ext=.py, size=1157)
2026-02-03 10:11:19,460 - Knowledge - INFO - Worker kw13 processing /app/data/T0002/210888/b48252o/odoo-210888/addons/sale/wizard/wizard_sale_line_invoice.py
2026-02-03 10:11:19,777 - Knowledge - INFO - process ingested knowledge for /app/data/T0002/210888/b48252o/odoo-210888/addons/account_analytic_plans/account_analytic_plans_view.xml
2026-02-03 10:11:19,850 - Knowledge - INFO - [kw10] Queue=463, InProgress=0, PendingWorkers=20/20, Completed=752/1263 (59.5%)
2026-02-03 10:11:19,856 - Knowledge - INFO - Batch sizing: calculated=6, max_allowed=10, queue=463, active_workers=20/20
2026-02-03 10:11:19,858 - Knowledge - INFO - Fast-tracked /app/data/T0002/210888/b48252o/odoo-210888/addons/sale/__terp__.py (small file (2441 bytes))
2026-02-03 10:11:20,759 - Knowledge - INFO - process ingested knowledge for /app/data/T0002/210888/b48252o/odoo-210888/addons/report_intrastat/report_intrastat_data.xml
2026-02-03 10:11:20,763 - Knowledge - INFO - process ingested knowledge for /app/data/T0002/210888/b48252o/odoo-210888/addons/project_mrp/__terp__.py
2026-02-03 10:11:20,839 - Knowledge - INFO - process ingested knowledge for /app/data/T0002/210888/b48252o/odoo-210888/addons/account_analytic_default/account_analytic_default_view.xml
2026-02-03 10:11:20,945 - Knowledge - INFO - [kw4] Queue=463, InProgress=0, PendingWorkers=20/20, Completed=755/1263 (59.8%)
2026-02-03 10:11:20,949 - Knowledge - INFO - process ingested knowledge for /app/data/T0002/210888/b48252o/odoo-210888/addons/l10n_ch/company_view.xml
2026-02-03 10:11:20,955 - Knowledge - INFO - [LLM_CALL] Completed: journal_config.py:chunk1, Duration: 34988ms, PromptTokens: 3220, CompletionTokens: 483, Cost: $0.00052
2026-02-03 10:11:21,138 - Knowledge - INFO - Batch sizing: calculated=6, max_allowed=10, queue=463, active_workers=20/20
2026-02-03 10:11:21,181 - Knowledge - INFO - done ingest for /app/data/T0002/210888/b48252o/odoo-210888/addons/l10n_ch/wizard/journal_config.py
2026-02-03 10:11:21,444 - Knowledge - INFO - Async storage completed for 8 embeddings
2026-02-03 10:11:21,539 - Knowledge - INFO - [LLM_CALL] Completed: base_report_creator.py:chunk1, Duration: 30190ms, PromptTokens: 11360, CompletionTokens: 943, Cost: $0.00151
2026-02-03 10:11:21,647 - Knowledge - INFO - done ingest for /app/data/T0002/210888/b48252o/odoo-210888/addons/base_report_creator/base_report_creator.py
2026-02-03 10:11:21,653 - Knowledge - INFO - [kw14] Queue=463, InProgress=0, PendingWorkers=20/20, Completed=756/1263 (59.9%)
2026-02-03 10:11:21,677 - Knowledge - INFO - process ingested knowledge for /app/data/T0002/210888/b48252o/odoo-210888/addons/base_module_record/__terp__.py
2026-02-03 10:11:21,764 - Knowledge - INFO - Batch sizing: calculated=6, max_allowed=10, queue=463, active_workers=20/20
2026-02-03 10:11:22,542 - Knowledge - INFO - Async storing batch of 8 embeddings
2026-02-03 10:11:22,555 - Knowledge - INFO - Worker kw8 processing /app/data/T0002/210888/b48252o/odoo-210888/addons/sale/stock_view.xml
2026-02-03 10:11:22,556 - Knowledge - INFO - process ingested knowledge for /app/data/T0002/210888/b48252o/odoo-210888/addons/report_intrastat/__init__.py
2026-02-03 10:11:22,557 - Knowledge - INFO - process ingested knowledge for /app/data/T0002/210888/b48252o/odoo-210888/addons/account_analytic_default/__terp__.py
2026-02-03 10:11:22,648 - Knowledge - INFO - Fast-tracked /app/data/T0002/210888/b48252o/odoo-210888/addons/sale/stock_view.xml (ext=.xml, size=1183)
2026-02-03 10:11:22,767 - Knowledge - INFO - Async storing batch of 8 embeddings
2026-02-03 10:11:22,770 - Knowledge - INFO - process ingested knowledge for /app/data/T0002/210888/b48252o/odoo-210888/addons/base_module_record/wizard/base_module_record_objects.py
2026-02-03 10:11:22,777 - Knowledge - INFO - Worker kw8 processing /app/data/T0002/210888/b48252o/odoo-210888/addons/sale/sale_data.xml
2026-02-03 10:11:22,876 - Knowledge - INFO - Worker kw10 processing /app/data/T0002/210888/b48252o/odoo-210888/addons/mrp_jit/test/mrp_jit_test.xml
2026-02-03 10:11:22,943 - Knowledge - INFO - Fast-tracked /app/data/T0002/210888/b48252o/odoo-210888/addons/sale/sale_data.xml (ext=.xml, size=1126)
2026-02-03 10:11:22,951 - Knowledge - INFO - Worker kw8 processing /app/data/T0002/210888/b48252o/odoo-210888/addons/sale/stock.py
2026-02-03 10:11:23,036 - Knowledge - INFO - Fast-tracked /app/data/T0002/210888/b48252o/odoo-210888/addons/mrp_jit/test/mrp_jit_test.xml (ext=.xml, size=19262)
2026-02-03 10:11:23,048 - Knowledge - INFO - Worker kw10 processing /app/data/T0002/210888/b48252o/odoo-210888/addons/mrp_jit/mrp_jit.xml
2026-02-03 10:11:23,067 - Knowledge - INFO - Worker kw8 processing /app/data/T0002/210888/b48252o/odoo-210888/addons/sale/__init__.py
2026-02-03 10:11:23,071 - Knowledge - INFO - Fast-tracked /app/data/T0002/210888/b48252o/odoo-210888/addons/mrp_jit/mrp_jit.xml (ext=.xml, size=349)
2026-02-03 10:11:23,140 - Knowledge - INFO - Worker kw10 processing /app/data/T0002/210888/b48252o/odoo-210888/addons/mrp_jit/__terp__.py
2026-02-03 10:11:23,144 - Knowledge - INFO - Fast-tracked /app/data/T0002/210888/b48252o/odoo-210888/addons/sale/__init__.py (ext=.py, size=1273)
2026-02-03 10:11:23,157 - Knowledge - INFO - Worker kw10 processing /app/data/T0002/210888/b48252o/odoo-210888/addons/mrp_jit/__init__.py
2026-02-03 10:11:23,158 - Knowledge - INFO - Worker kw8 processing /app/data/T0002/210888/b48252o/odoo-210888/addons/sale/sale_report.xml
2026-02-03 10:11:23,178 - Knowledge - INFO - Fast-tracked /app/data/T0002/210888/b48252o/odoo-210888/addons/mrp_jit/__init__.py (ext=.py, size=1058)
2026-02-03 10:11:23,262 - Knowledge - INFO - Worker kw10 processing /app/data/T0002/210888/b48252o/odoo-210888/addons/base_vat/__terp__.py
2026-02-03 10:11:23,268 - Knowledge - INFO - Fast-tracked /app/data/T0002/210888/b48252o/odoo-210888/addons/sale/sale_report.xml (ext=.xml, size=231)
2026-02-03 10:11:23,341 - Knowledge - INFO - Fast-tracked /app/data/T0002/210888/b48252o/odoo-210888/addons/base_vat/__terp__.py (ext=.py, size=1428)
2026-02-03 10:11:23,344 - Knowledge - INFO - Worker kw8 processing /app/data/T0002/210888/b48252o/odoo-210888/addons/sale/process/sale_process.xml
2026-02-03 10:11:23,345 - Knowledge - INFO - Worker kw10 processing /app/data/T0002/210888/b48252o/odoo-210888/addons/base_vat/base_vat_data.xml
2026-02-03 10:11:23,445 - Knowledge - INFO - Fast-tracked /app/data/T0002/210888/b48252o/odoo-210888/addons/sale/process/sale_process.xml (ext=.xml, size=18887)
2026-02-03 10:11:23,539 - Knowledge - INFO - Fast-tracked /app/data/T0002/210888/b48252o/odoo-210888/addons/base_vat/base_vat_data.xml (ext=.xml, size=665)
2026-02-03 10:11:23,680 - Knowledge - INFO - Fast-tracked /app/data/T0002/210888/b48252o/odoo-210888/addons/mrp_jit/__terp__.py (small file (2042 bytes))
2026-02-03 10:11:23,681 - Knowledge - INFO - Async storage completed for 8 embeddings
2026-02-03 10:11:23,760 - Knowledge - INFO - Async storage completed for 8 embeddings
2026-02-03 10:11:24,855 - Knowledge - INFO - Async storing batch of 8 embeddings
2026-02-03 10:11:24,859 - Knowledge - INFO - [LLM_CALL] Completed: bvr_import.py:chunk1, Duration: 39102ms, PromptTokens: 5460, CompletionTokens: 396, Cost: $0.00070
2026-02-03 10:11:24,860 - Knowledge - INFO - [kw7] Queue=445, InProgress=0, PendingWorkers=20/20, Completed=762/1263 (60.3%)
2026-02-03 10:11:24,862 - Knowledge - INFO - process ingested knowledge for /app/data/T0002/210888/b48252o/odoo-210888/addons/subscription/subscription.py
2026-02-03 10:11:24,866 - Knowledge - INFO - Worker kw4 processing /app/data/T0002/210888/b48252o/odoo-210888/addons/base_vat/partner.py
2026-02-03 10:11:24,867 - Knowledge - INFO - done ingest for /app/data/T0002/210888/b48252o/odoo-210888/addons/l10n_ch/wizard/bvr_import.py
2026-02-03 10:11:24,873 - Knowledge - INFO - Processing batch of 6 files
2026-02-03 10:11:24,875 - Knowledge - INFO - Async storing batch of 8 embeddings
2026-02-03 10:11:24,941 - Knowledge - INFO - Batch sizing: calculated=6, max_allowed=10, queue=445, active_workers=20/20
2026-02-03 10:11:24,981 - Knowledge - INFO - Worker kw4 processing /app/data/T0002/210888/b48252o/odoo-210888/addons/base_vat/__init__.py
2026-02-03 10:11:25,051 - Knowledge - INFO - process ingested knowledge for /app/data/T0002/210888/b48252o/odoo-210888/addons/sale/sale_demo.xml
2026-02-03 10:11:25,052 - Knowledge - INFO - process ingested knowledge for /app/data/T0002/210888/b48252o/odoo-210888/addons/l10n_ch/account_invoice.xml
2026-02-03 10:11:25,277 - Knowledge - INFO - Fast-tracked /app/data/T0002/210888/b48252o/odoo-210888/addons/base_vat/__init__.py (ext=.py, size=1074)
2026-02-03 10:11:25,371 - Knowledge - INFO - Worker kw14 processing /app/data/T0002/210888/b48252o/odoo-210888/addons/project_gtd/project_gtd_view.xml
2026-02-03 10:11:25,446 - Knowledge - INFO - Worker kw4 processing /app/data/T0002/210888/b48252o/odoo-210888/addons/project_gtd/project_gtd_demo.xml
2026-02-03 10:11:25,548 - Knowledge - INFO - Fast-tracked /app/data/T0002/210888/b48252o/odoo-210888/addons/project_gtd/project_gtd_view.xml (ext=.xml, size=10378)
2026-02-03 10:11:25,562 - Knowledge - INFO - Worker kw14 processing /app/data/T0002/210888/b48252o/odoo-210888/addons/project_gtd/wizard/project_gtd_fill.py
2026-02-03 10:11:25,572 - Knowledge - INFO - Fast-tracked /app/data/T0002/210888/b48252o/odoo-210888/addons/project_gtd/project_gtd_demo.xml (ext=.xml, size=4576)
2026-02-03 10:11:25,573 - Knowledge - INFO - Worker kw4 processing /app/data/T0002/210888/b48252o/odoo-210888/addons/project_gtd/project_gtd_wizard.xml
2026-02-03 10:11:25,652 - Knowledge - INFO - Fast-tracked /app/data/T0002/210888/b48252o/odoo-210888/addons/project_gtd/project_gtd_wizard.xml (ext=.xml, size=668)
2026-02-03 10:11:25,661 - Knowledge - INFO - Worker kw14 processing /app/data/T0002/210888/b48252o/odoo-210888/addons/project_gtd/wizard/project_gtd_empty.py
2026-02-03 10:11:25,839 - Knowledge - INFO - Worker kw4 processing /app/data/T0002/210888/b48252o/odoo-210888/addons/project_gtd/project_gtd.py
2026-02-03 10:11:25,938 - Knowledge - INFO - Worker kw14 processing /app/data/T0002/210888/b48252o/odoo-210888/addons/project_gtd/wizard/project_gtd_daily.py
2026-02-03 10:11:26,042 - Knowledge - INFO - Worker kw4 processing /app/data/T0002/210888/b48252o/odoo-210888/addons/project_gtd/__terp__.py
2026-02-03 10:11:26,254 - Knowledge - INFO - Worker kw14 processing /app/data/T0002/210888/b48252o/odoo-210888/addons/project_gtd/wizard/__init__.py
2026-02-03 10:11:26,361 - Knowledge - INFO - Fast-tracked /app/data/T0002/210888/b48252o/odoo-210888/addons/project_gtd/wizard/__init__.py (ext=.py, size=1132)
2026-02-03 10:11:26,364 - Knowledge - INFO - Worker kw14 processing /app/data/T0002/210888/b48252o/odoo-210888/addons/project_gtd/__init__.py
2026-02-03 10:11:26,455 - Knowledge - INFO - Fast-tracked /app/data/T0002/210888/b48252o/odoo-210888/addons/project_gtd/__init__.py (ext=.py, size=1090)
2026-02-03 10:11:26,574 - Knowledge - INFO - Fast-tracked /app/data/T0002/210888/b48252o/odoo-210888/addons/project_gtd/wizard/project_gtd_fill.py (small file (2900 bytes))
2026-02-03 10:11:26,682 - Knowledge - INFO - Fast-tracked /app/data/T0002/210888/b48252o/odoo-210888/addons/project_gtd/wizard/project_gtd_empty.py (small file (2272 bytes))
2026-02-03 10:11:26,838 - Knowledge - INFO - Fast-tracked /app/data/T0002/210888/b48252o/odoo-210888/addons/project_gtd/wizard/project_gtd_daily.py (small file (2381 bytes))
2026-02-03 10:11:26,871 - Knowledge - INFO - Async storage completed for 8 embeddings
2026-02-03 10:11:27,163 - Knowledge - INFO - process ingested knowledge for /app/data/T0002/210888/b48252o/odoo-210888/addons/account_analytic_default/__init__.py
2026-02-03 10:11:27,682 - Knowledge - INFO - [LLM_CALL] Completed: account_move_line.py:chunk1, Duration: 41609ms, PromptTokens: 2110, CompletionTokens: 290, Cost: $0.00033
2026-02-03 10:11:27,736 - Knowledge - INFO - done ingest for /app/data/T0002/210888/b48252o/odoo-210888/addons/l10n_ch/account_move_line.py
2026-02-03 10:11:27,766 - Knowledge - INFO - Fast-tracked /app/data/T0002/210888/b48252o/odoo-210888/addons/project_gtd/__terp__.py (small file (2126 bytes))
2026-02-03 10:11:27,856 - Knowledge - INFO - Async storage completed for 8 embeddings
2026-02-03 10:11:28,547 - Knowledge - INFO - Processing batch of 8 files
2026-02-03 10:11:28,566 - Knowledge - INFO - process ingested knowledge for /app/data/T0002/210888/b48252o/odoo-210888/addons/base_report_creator/wizard/base_report_creator_open.py
2026-02-03 10:11:28,650 - Knowledge - INFO - Async storing batch of 8 embeddings
2026-02-03 10:11:28,661 - Knowledge - INFO - process ingested knowledge for /app/data/T0002/210888/b48252o/odoo-210888/addons/sale/security/sale_security.xml
2026-02-03 10:11:28,677 - Knowledge - INFO - Worker kw7 processing /app/data/T0002/210888/b48252o/odoo-210888/addons/account/account_demo.xml
2026-02-03 10:11:28,748 - Knowledge - INFO - process ingested knowledge for /app/data/T0002/210888/b48252o/odoo-210888/addons/l10n_ch/l10n_ch_wizard.xml
2026-02-03 10:11:28,865 - Knowledge - INFO - Fast-tracked /app/data/T0002/210888/b48252o/odoo-210888/addons/account/account_demo.xml (ext=.xml, size=5383)
2026-02-03 10:11:28,937 - Knowledge - INFO - process ingested knowledge for /app/data/T0002/210888/b48252o/odoo-210888/addons/subscription/subscription_view.xml
2026-02-03 10:11:29,037 - Knowledge - INFO - Worker kw7 processing /app/data/T0002/210888/b48252o/odoo-210888/addons/account/sequence.py
2026-02-03 10:11:29,173 - Knowledge - INFO - Worker kw7 processing /app/data/T0002/210888/b48252o/odoo-210888/addons/account/test/test_parent_structure.py
2026-02-03 10:11:29,364 - Knowledge - INFO - Fast-tracked /app/data/T0002/210888/b48252o/odoo-210888/addons/account/test/test_parent_structure.py (ext=.py, size=2010)
2026-02-03 10:11:29,438 - Knowledge - INFO - Worker kw7 processing /app/data/T0002/210888/b48252o/odoo-210888/addons/account/test/invoice_bug452854_test.xml
2026-02-03 10:11:29,459 - Knowledge - INFO - Fast-tracked /app/data/T0002/210888/b48252o/odoo-210888/addons/account/test/invoice_bug452854_test.xml (ext=.xml, size=2818)
2026-02-03 10:11:29,477 - Knowledge - INFO - Worker kw7 processing /app/data/T0002/210888/b48252o/odoo-210888/addons/account/test/invoice_basic_test.xml
2026-02-03 10:11:29,575 - Knowledge - INFO - Fast-tracked /app/data/T0002/210888/b48252o/odoo-210888/addons/account/test/invoice_basic_test.xml (ext=.xml, size=3255)
2026-02-03 10:11:29,575 - Knowledge - INFO - Worker kw7 processing /app/data/T0002/210888/b48252o/odoo-210888/addons/account/company_view.xml
2026-02-03 10:11:29,740 - Knowledge - INFO - Fast-tracked /app/data/T0002/210888/b48252o/odoo-210888/addons/account/company_view.xml (ext=.xml, size=2370)
2026-02-03 10:11:30,037 - Knowledge - INFO - Fast-tracked /app/data/T0002/210888/b48252o/odoo-210888/addons/account/sequence.py (small file (2658 bytes))
2026-02-03 10:11:30,074 - Knowledge - INFO - Async storage completed for 8 embeddings
2026-02-03 10:11:31,542 - Knowledge - INFO - process ingested knowledge for /app/data/T0002/210888/b48252o/odoo-210888/addons/base_report_creator/wizard/__init__.py
2026-02-03 10:11:31,651 - Knowledge - INFO - process ingested knowledge for /app/data/T0002/210888/b48252o/odoo-210888/addons/report_intrastat/intrastat_report.xml
2026-02-03 10:11:31,781 - Knowledge - INFO - Processing batch of 8 files
2026-02-03 10:11:31,781 - Knowledge - INFO - process ingested knowledge for /app/data/T0002/210888/b48252o/odoo-210888/addons/l10n_ch/bvr_wizard.xml
2026-02-03 10:11:34,048 - Knowledge - INFO - process ingested knowledge for /app/data/T0002/210888/b48252o/odoo-210888/addons/base_report_creator/wizard/wiz_set_filter_fields.py
2026-02-03 10:11:34,071 - Knowledge - INFO - process ingested knowledge for /app/data/T0002/210888/b48252o/odoo-210888/addons/report_intrastat/report_intrastat.py
2026-02-03 10:11:34,955 - Knowledge - INFO - process ingested knowledge for /app/data/T0002/210888/b48252o/odoo-210888/addons/l10n_ch/bank_ch.xml
2026-02-03 10:11:38,449 - Knowledge - INFO - process ingested knowledge for /app/data/T0002/210888/b48252o/odoo-210888/addons/base_report_creator/__init__.py
2026-02-03 10:11:39,937 - Knowledge - INFO - process ingested knowledge for /app/data/T0002/210888/b48252o/odoo-210888/addons/l10n_ch/bank_view.xml
2026-02-03 10:11:42,552 - Knowledge - INFO - process ingested knowledge for /app/data/T0002/210888/b48252o/odoo-210888/addons/sale/mrp_view.xml
2026-02-03 10:11:42,554 - Knowledge - INFO - process ingested knowledge for /app/data/T0002/210888/b48252o/odoo-210888/addons/sale/test/invoice_packing.xml
2026-02-03 10:11:45,859 - Knowledge - INFO - Processing batch of 8 files
2026-02-03 10:11:45,859 - Knowledge - INFO - process ingested knowledge for /app/data/T0002/210888/b48252o/odoo-210888/addons/l10n_ch/invoice.py
2026-02-03 10:11:45,962 - Knowledge - INFO - [LLM_CALL] Completed: opae_wizard.py:chunk1, Duration: 60612ms, PromptTokens: 12038, CompletionTokens: 776, Cost: $0.00151
2026-02-03 10:11:46,038 - Knowledge - INFO - done ingest for /app/data/T0002/210888/b48252o/odoo-210888/addons/l10n_ch/wizard/opae_wizard.py
2026-02-03 10:11:47,250 - Knowledge - INFO - [LLM_CALL] Completed: make_invoice.py:chunk1, Duration: 26707ms, PromptTokens: 2488, CompletionTokens: 298, Cost: $0.00037
2026-02-03 10:11:47,251 - Knowledge - INFO - done ingest for /app/data/T0002/210888/b48252o/odoo-210888/addons/sale/wizard/make_invoice.py
2026-02-03 10:11:48,464 - Knowledge - INFO - process ingested knowledge for /app/data/T0002/210888/b48252o/odoo-210888/addons/sale/product.py
2026-02-03 10:11:48,538 - Knowledge - INFO - process ingested knowledge for /app/data/T0002/210888/b48252o/odoo-210888/addons/sale/test/bug399817.xml
2026-02-03 10:11:49,843 - Knowledge - INFO - Processing batch of 6 files
2026-02-03 10:11:49,937 - Knowledge - INFO - process ingested knowledge for /app/data/T0002/210888/b48252o/odoo-210888/addons/account/account_demo.xml
2026-02-03 10:11:50,560 - Knowledge - INFO - process ingested knowledge for /app/data/T0002/210888/b48252o/odoo-210888/addons/l10n_ch/report/bvr.py
2026-02-03 10:11:50,637 - Knowledge - INFO - Processing batch of 6 files
2026-02-03 10:11:50,676 - Knowledge - INFO - process ingested knowledge for /app/data/T0002/210888/b48252o/odoo-210888/addons/mrp_jit/test/mrp_jit_test.xml
2026-02-03 10:11:51,650 - Knowledge - INFO - Processing batch of 8 files
2026-02-03 10:11:51,739 - Knowledge - INFO - process ingested knowledge for /app/data/T0002/210888/b48252o/odoo-210888/addons/l10n_ch/__init__.py
2026-02-03 10:11:51,862 - Knowledge - INFO - [LLM_CALL] Completed: stock.py:chunk1, Duration: 28220ms, PromptTokens: 4834, CompletionTokens: 834, Cost: $0.00082
2026-02-03 10:11:51,872 - Knowledge - INFO - done ingest for /app/data/T0002/210888/b48252o/odoo-210888/addons/sale/stock.py
2026-02-03 10:11:52,970 - Knowledge - INFO - process ingested knowledge for /app/data/T0002/210888/b48252o/odoo-210888/addons/sale/test/bug461801.xml
2026-02-03 10:11:53,050 - Knowledge - INFO - [LLM_CALL] Completed: wizard_sale_line_invoice.py:chunk1, Duration: 31807ms, PromptTokens: 2936, CompletionTokens: 404, Cost: $0.00046
2026-02-03 10:11:53,050 - Knowledge - INFO - done ingest for /app/data/T0002/210888/b48252o/odoo-210888/addons/sale/wizard/wizard_sale_line_invoice.py
2026-02-03 10:11:53,962 - Knowledge - INFO - process ingested knowledge for /app/data/T0002/210888/b48252o/odoo-210888/addons/account/sequence.py
2026-02-03 10:11:55,049 - Knowledge - INFO - process ingested knowledge for /app/data/T0002/210888/b48252o/odoo-210888/addons/l10n_ch/report/__init__.py
2026-02-03 10:11:55,149 - Knowledge - INFO - process ingested knowledge for /app/data/T0002/210888/b48252o/odoo-210888/addons/mrp_jit/mrp_jit.xml
2026-02-03 10:11:58,053 - Knowledge - INFO - [LLM_CALL] Completed: make_invoice_advance.py:chunk1, Duration: 37968ms, PromptTokens: 3912, CompletionTokens: 431, Cost: $0.00056
2026-02-03 10:11:58,061 - Knowledge - INFO - done ingest for /app/data/T0002/210888/b48252o/odoo-210888/addons/sale/wizard/make_invoice_advance.py
2026-02-03 10:11:58,159 - Knowledge - INFO - process ingested knowledge for /app/data/T0002/210888/b48252o/odoo-210888/addons/l10n_ch/l10n_ch_report.xml
2026-02-03 10:11:58,259 - Knowledge - INFO - process ingested knowledge for /app/data/T0002/210888/b48252o/odoo-210888/addons/l10n_ch/demo/data_demo.xml
2026-02-03 10:11:58,338 - Knowledge - INFO - process ingested knowledge for /app/data/T0002/210888/b48252o/odoo-210888/addons/sale/test/sale_test.xml
2026-02-03 10:11:58,465 - Knowledge - INFO - Processing batch of 6 files
2026-02-03 10:11:58,465 - Knowledge - INFO - process ingested knowledge for /app/data/T0002/210888/b48252o/odoo-210888/addons/project_gtd/project_gtd_view.xml
2026-02-03 10:11:58,963 - Knowledge - INFO - process ingested knowledge for /app/data/T0002/210888/b48252o/odoo-210888/addons/account/test/test_parent_structure.py
2026-02-03 10:11:59,442 - Knowledge - INFO - process ingested knowledge for /app/data/T0002/210888/b48252o/odoo-210888/addons/l10n_ch/readme.txt
2026-02-03 10:11:59,443 - Knowledge - INFO - process ingested knowledge for /app/data/T0002/210888/b48252o/odoo-210888/addons/sale/sale_wizard.xml
2026-02-03 10:11:59,870 - Knowledge - INFO - [LLM_CALL] Completed: project_gtd.py:chunk1, Duration: 32521ms, PromptTokens: 4912, CompletionTokens: 516, Cost: $0.00070
2026-02-03 10:11:59,873 - Knowledge - INFO - done ingest for /app/data/T0002/210888/b48252o/odoo-210888/addons/project_gtd/project_gtd.py
2026-02-03 10:12:00,938 - Knowledge - INFO - process ingested knowledge for /app/data/T0002/210888/b48252o/odoo-210888/addons/l10n_ch/payment.py
2026-02-03 10:12:00,955 - Knowledge - INFO - [WEBSOCKET] Sent: Type=progress_update, Size: 293, Duration: 0ms
2026-02-03 10:12:00,969 - Knowledge - INFO - [WEBSOCKET] Sent: Type=unknown, Size: ?, Duration: 14ms
2026-02-03 10:12:01,045 - Knowledge - INFO - Progress: 63.4% | Files: 801/1263 | Rate: 1.02 files/sec | Queue: 433
2026-02-03 10:12:01,560 - Knowledge - INFO - process ingested knowledge for /app/data/T0002/210888/b48252o/odoo-210888/addons/account/test/invoice_bug452854_test.xml
2026-02-03 10:12:01,566 - Knowledge - INFO - process ingested knowledge for /app/data/T0002/210888/b48252o/odoo-210888/addons/mrp_jit/__terp__.py
2026-02-03 10:12:01,638 - Knowledge - INFO - process ingested knowledge for /app/data/T0002/210888/b48252o/odoo-210888/addons/l10n_ch/dta_view.xml
2026-02-03 10:12:01,645 - Knowledge - INFO - process ingested knowledge for /app/data/T0002/210888/b48252o/odoo-210888/addons/sale/sale_sequence.xml
2026-02-03 10:12:01,743 - Knowledge - INFO - process ingested knowledge for /app/data/T0002/210888/b48252o/odoo-210888/addons/base_report_creator/base_report_creator_demo.xml
2026-02-03 10:12:01,750 - Knowledge - INFO - process ingested knowledge for /app/data/T0002/210888/b48252o/odoo-210888/addons/project_gtd/wizard/project_gtd_fill.py
2026-02-03 10:12:03,776 - Knowledge - INFO - process ingested knowledge for /app/data/T0002/210888/b48252o/odoo-210888/addons/account/test/invoice_basic_test.xml
2026-02-03 10:12:05,365 - Knowledge - INFO - process ingested knowledge for /app/data/T0002/210888/b48252o/odoo-210888/addons/l10n_ch/company.py
2026-02-03 10:12:05,439 - Knowledge - INFO - process ingested knowledge for /app/data/T0002/210888/b48252o/odoo-210888/addons/l10n_ch/bvr_view.xml
2026-02-03 10:12:06,283 - Knowledge - INFO - process ingested knowledge for /app/data/T0002/210888/b48252o/odoo-210888/addons/project_gtd/wizard/project_gtd_empty.py
2026-02-03 10:12:06,348 - Knowledge - INFO - [LLM_CALL] Completed: partner.py:chunk1, Duration: 39699ms, PromptTokens: 20940, CompletionTokens: 964, Cost: $0.00248
2026-02-03 10:12:06,349 - Knowledge - INFO - done ingest for /app/data/T0002/210888/b48252o/odoo-210888/addons/base_vat/partner.py
2026-02-03 10:12:06,371 - Knowledge - INFO - process ingested knowledge for /app/data/T0002/210888/b48252o/odoo-210888/addons/mrp_jit/__init__.py
2026-02-03 10:12:06,452 - Knowledge - INFO - process ingested knowledge for /app/data/T0002/210888/b48252o/odoo-210888/addons/account/company_view.xml
2026-02-03 10:12:07,338 - Knowledge - INFO - process ingested knowledge for /app/data/T0002/210888/b48252o/odoo-210888/addons/base_report_creator/base_report_creator_wizard.xml
2026-02-03 10:12:07,777 - Knowledge - INFO - process ingested knowledge for /app/data/T0002/210888/b48252o/odoo-210888/addons/l10n_ch/__terp__.py
2026-02-03 10:12:07,778 - Knowledge - INFO - process ingested knowledge for /app/data/T0002/210888/b48252o/odoo-210888/addons/l10n_ch/wizard/dta_wizard.py
2026-02-03 10:12:07,841 - Knowledge - INFO - process ingested knowledge for /app/data/T0002/210888/b48252o/odoo-210888/addons/project_gtd/wizard/project_gtd_daily.py
2026-02-03 10:12:08,436 - Knowledge - INFO - [kw1] Queue=433, InProgress=0, PendingWorkers=20/20, Completed=807/1263 (63.9%)
2026-02-03 10:12:08,442 - Knowledge - INFO - Batch sizing: calculated=6, max_allowed=10, queue=433, active_workers=20/20
2026-02-03 10:12:08,451 - Knowledge - INFO - process ingested knowledge for /app/data/T0002/210888/b48252o/odoo-210888/addons/base_vat/__terp__.py
2026-02-03 10:12:08,542 - Knowledge - INFO - [kw5] Queue=433, InProgress=0, PendingWorkers=20/20, Completed=809/1263 (64.1%)
2026-02-03 10:12:08,545 - Knowledge - INFO - process ingested knowledge for /app/data/T0002/210888/b48252o/odoo-210888/addons/l10n_ch/bank.py
2026-02-03 10:12:08,552 - Knowledge - INFO - Batch sizing: calculated=6, max_allowed=10, queue=433, active_workers=20/20
2026-02-03 10:12:09,239 - Knowledge - INFO - [kw18] Queue=433, InProgress=0, PendingWorkers=20/20, Completed=809/1263 (64.1%)
2026-02-03 10:12:09,251 - Knowledge - INFO - process ingested knowledge for /app/data/T0002/210888/b48252o/odoo-210888/addons/project_gtd/wizard/__init__.py
2026-02-03 10:12:09,260 - Knowledge - INFO - Batch sizing: calculated=6, max_allowed=10, queue=433, active_workers=20/20
2026-02-03 10:12:09,260 - Knowledge - INFO - Async storing batch of 8 embeddings
2026-02-03 10:12:09,341 - Knowledge - INFO - process ingested knowledge for /app/data/T0002/210888/b48252o/odoo-210888/addons/base_report_creator/base_report_creator.py
2026-02-03 10:12:09,353 - Knowledge - INFO - [kw15] Queue=427, InProgress=0, PendingWorkers=20/20, Completed=810/1263 (64.1%)
2026-02-03 10:12:09,360 - Knowledge - INFO - process ingested knowledge for /app/data/T0002/210888/b48252o/odoo-210888/addons/base_vat/base_vat_data.xml
2026-02-03 10:12:09,443 - Knowledge - INFO - Async storing batch of 8 embeddings
2026-02-03 10:12:09,465 - Knowledge - INFO - Batch sizing: calculated=6, max_allowed=10, queue=427, active_workers=20/20
2026-02-03 10:12:09,474 - Knowledge - INFO - Worker kw1 processing /app/data/T0002/210888/b48252o/odoo-210888/addons/account/account_end_fy.xml
2026-02-03 10:12:09,574 - Knowledge - INFO - Worker kw5 processing /app/data/T0002/210888/b48252o/odoo-210888/addons/account/account_assert_test.xml
2026-02-03 10:12:09,637 - Knowledge - INFO - Fast-tracked /app/data/T0002/210888/b48252o/odoo-210888/addons/account/account_end_fy.xml (ext=.xml, size=702)
2026-02-03 10:12:09,651 - Knowledge - INFO - Worker kw1 processing /app/data/T0002/210888/b48252o/odoo-210888/addons/account/security/account_security.xml
2026-02-03 10:12:09,659 - Knowledge - INFO - Fast-tracked /app/data/T0002/210888/b48252o/odoo-210888/addons/account/account_assert_test.xml (ext=.xml, size=1542)
2026-02-03 10:12:09,665 - Knowledge - INFO - Worker kw5 processing /app/data/T0002/210888/b48252o/odoo-210888/addons/account/report/partner_balance.py
2026-02-03 10:12:09,746 - Knowledge - INFO - Worker kw5 processing /app/data/T0002/210888/b48252o/odoo-210888/addons/account/report/aged_trial_balance.py
2026-02-03 10:12:09,748 - Knowledge - INFO - Worker kw5 processing /app/data/T0002/210888/b48252o/odoo-210888/addons/account/report/transfer.xml
2026-02-03 10:12:09,759 - Knowledge - INFO - Fast-tracked /app/data/T0002/210888/b48252o/odoo-210888/addons/account/security/account_security.xml (ext=.xml, size=1356)
2026-02-03 10:12:09,759 - Knowledge - INFO - Worker kw1 processing /app/data/T0002/210888/b48252o/odoo-210888/addons/account/product.py
2026-02-03 10:12:09,774 - Knowledge - INFO - Fast-tracked /app/data/T0002/210888/b48252o/odoo-210888/addons/account/report/transfer.xml (ext=.xml, size=454)
2026-02-03 10:12:09,839 - Knowledge - INFO - Worker kw1 processing /app/data/T0002/210888/b48252o/odoo-210888/addons/account/invoice.py
2026-02-03 10:12:09,850 - Knowledge - INFO - Worker kw5 processing /app/data/T0002/210888/b48252o/odoo-210888/addons/account/report/invoice.py
2026-02-03 10:12:09,863 - Knowledge - INFO - Worker kw1 processing /app/data/T0002/210888/b48252o/odoo-210888/addons/account/account.py
2026-02-03 10:12:09,948 - Knowledge - INFO - Fast-tracked /app/data/T0002/210888/b48252o/odoo-210888/addons/account/report/invoice.py (ext=.py, size=1489)
2026-02-03 10:12:09,956 - Knowledge - INFO - Worker kw5 processing /app/data/T0002/210888/b48252o/odoo-210888/addons/account/report/rml_parse.py
2026-02-03 10:12:09,962 - Knowledge - INFO - Fast-tracked /app/data/T0002/210888/b48252o/odoo-210888/addons/account/account.py (ext=.py, size=121502)
2026-02-03 10:12:09,969 - Knowledge - INFO - Worker kw1 processing /app/data/T0002/210888/b48252o/odoo-210888/addons/account/account_wizard.xml
2026-02-03 10:12:10,063 - Knowledge - INFO - Fast-tracked /app/data/T0002/210888/b48252o/odoo-210888/addons/account/account_wizard.xml (ext=.xml, size=8213)
2026-02-03 10:12:10,372 - Knowledge - INFO - Split /app/data/T0002/210888/b48252o/odoo-210888/addons/account/invoice.py (65542 bytes) into 3 chunks of ~32KB
2026-02-03 10:12:10,854 - Knowledge - INFO - Async storage completed for 8 embeddings
2026-02-03 10:12:11,259 - Knowledge - INFO - Async storage completed for 8 embeddings
2026-02-03 10:12:11,354 - Knowledge - INFO - [LLM_CALL] Completed: sale.py:chunk1, Duration: 55795ms, PromptTokens: 27788, CompletionTokens: 2124, Cost: $0.00363
2026-02-03 10:12:11,360 - Knowledge - INFO - done ingest for /app/data/T0002/210888/b48252o/odoo-210888/addons/sale/sale.py
2026-02-03 10:12:11,941 - Knowledge - INFO - process ingested knowledge for /app/data/T0002/210888/b48252o/odoo-210888/addons/project_gtd/__init__.py
2026-02-03 10:12:12,265 - Knowledge - INFO - process ingested knowledge for /app/data/T0002/210888/b48252o/odoo-210888/addons/base_report_creator/__terp__.py
2026-02-03 10:12:13,073 - Knowledge - INFO - Processing batch of 6 files
2026-02-03 10:12:13,074 - Knowledge - INFO - process ingested knowledge for /app/data/T0002/210888/b48252o/odoo-210888/addons/sale/__terp__.py
2026-02-03 10:12:14,954 - Knowledge - INFO - Async storing batch of 8 embeddings
2026-02-03 10:12:14,964 - Knowledge - INFO - Worker kw18 processing /app/data/T0002/210888/b48252o/odoo-210888/addons/account/report/central_journal.py
2026-02-03 10:12:14,972 - Knowledge - INFO - process ingested knowledge for /app/data/T0002/210888/b48252o/odoo-210888/addons/l10n_ch/partner.py
2026-02-03 10:12:15,046 - Knowledge - INFO - Worker kw18 processing /app/data/T0002/210888/b48252o/odoo-210888/addons/account/report/account_tax_code.py
2026-02-03 10:12:15,075 - Knowledge - INFO - Worker kw18 processing /app/data/T0002/210888/b48252o/odoo-210888/addons/account/report/account_journal.py
2026-02-03 10:12:15,170 - Knowledge - INFO - Worker kw18 processing /app/data/T0002/210888/b48252o/odoo-210888/addons/account/report/overdue.py
2026-02-03 10:12:15,252 - Knowledge - INFO - Worker kw18 processing /app/data/T0002/210888/b48252o/odoo-210888/addons/account/report/account_balance.py
2026-02-03 10:12:15,344 - Knowledge - INFO - Worker kw18 processing /app/data/T0002/210888/b48252o/odoo-210888/addons/account/report/third_party_ledger.py
2026-02-03 10:12:15,771 - Knowledge - INFO - Fast-tracked /app/data/T0002/210888/b48252o/odoo-210888/addons/account/report/account_tax_code.py (small file (2666 bytes))
2026-02-03 10:12:16,352 - Knowledge - INFO - Async storing batch of 8 embeddings
2026-02-03 10:12:16,370 - Knowledge - INFO - Worker kw15 processing /app/data/T0002/210888/b48252o/odoo-210888/addons/account/report/general_ledger.py
2026-02-03 10:12:16,541 - Knowledge - INFO - Worker kw15 processing /app/data/T0002/210888/b48252o/odoo-210888/addons/account/report/__init__.py
2026-02-03 10:12:16,749 - Knowledge - INFO - Fast-tracked /app/data/T0002/210888/b48252o/odoo-210888/addons/account/report/__init__.py (ext=.py, size=1320)
2026-02-03 10:12:16,762 - Knowledge - INFO - Worker kw15 processing /app/data/T0002/210888/b48252o/odoo-210888/addons/account/report/general_journal.py
2026-02-03 10:12:16,839 - Knowledge - INFO - Worker kw15 processing /app/data/T0002/210888/b48252o/odoo-210888/addons/account/report/tax_report.py
2026-02-03 10:12:16,948 - Knowledge - INFO - Worker kw15 processing /app/data/T0002/210888/b48252o/odoo-210888/addons/account/account_invoice_workflow.xml
2026-02-03 10:12:16,963 - Knowledge - INFO - Fast-tracked /app/data/T0002/210888/b48252o/odoo-210888/addons/account/account_invoice_workflow.xml (ext=.xml, size=7063)
2026-02-03 10:12:17,069 - Knowledge - INFO - Worker kw15 processing /app/data/T0002/210888/b48252o/odoo-210888/addons/account/sequence_view.xml
2026-02-03 10:12:17,158 - Knowledge - INFO - Fast-tracked /app/data/T0002/210888/b48252o/odoo-210888/addons/account/sequence_view.xml (ext=.xml, size=1230)
2026-02-03 10:12:17,251 - Knowledge - INFO - Async storage completed for 8 embeddings
2026-02-03 10:12:18,052 - Knowledge - INFO - process ingested knowledge for /app/data/T0002/210888/b48252o/odoo-210888/addons/sale/sale_view.xml
2026-02-03 10:12:18,360 - Knowledge - INFO - Async storage completed for 8 embeddings
2026-02-03 10:12:18,644 - Knowledge - INFO - [LLM_CALL] Completed: product.py:chunk1, Duration: 8490ms, PromptTokens: 2122, CompletionTokens: 275, Cost: $0.00032
2026-02-03 10:12:18,736 - Knowledge - INFO - done ingest for /app/data/T0002/210888/b48252o/odoo-210888/addons/account/product.py
2026-02-03 10:12:20,237 - Knowledge - INFO - process ingested knowledge for /app/data/T0002/210888/b48252o/odoo-210888/addons/base_report_creator/base_report_creator_view.xml
2026-02-03 10:12:21,438 - Knowledge - INFO - Processing batch of 6 files
2026-02-03 10:12:21,449 - Knowledge - INFO - process ingested knowledge for /app/data/T0002/210888/b48252o/odoo-210888/addons/base_vat/partner.py
2026-02-03 10:12:21,740 - Knowledge - INFO - process ingested knowledge for /app/data/T0002/210888/b48252o/odoo-210888/addons/sale/wizard/make_invoice_advance.py
2026-02-03 10:12:25,461 - Knowledge - INFO - process ingested knowledge for /app/data/T0002/210888/b48252o/odoo-210888/addons/base_report_creator/wizard/report_menu_create.py
2026-02-03 10:12:26,266 - Knowledge - INFO - [kw2] Queue=409, InProgress=0, PendingWorkers=20/20, Completed=823/1263 (65.2%)
2026-02-03 10:12:26,267 - Knowledge - INFO - Batch sizing: calculated=6, max_allowed=10, queue=409, active_workers=20/20
2026-02-03 10:12:26,281 - Knowledge - INFO - process ingested knowledge for /app/data/T0002/210888/b48252o/odoo-210888/addons/base_vat/__init__.py
2026-02-03 10:12:26,971 - Knowledge - INFO - process ingested knowledge for /app/data/T0002/210888/b48252o/odoo-210888/addons/sale/wizard/make_invoice.py
2026-02-03 10:12:28,064 - Knowledge - INFO - [kw9] Queue=409, InProgress=0, PendingWorkers=20/20, Completed=824/1263 (65.2%)
2026-02-03 10:12:28,074 - Knowledge - INFO - [kw3] Queue=409, InProgress=0, PendingWorkers=20/20, Completed=824/1263 (65.2%)
2026-02-03 10:12:28,150 - Knowledge - INFO - Batch sizing: calculated=6, max_allowed=10, queue=409, active_workers=20/20
2026-02-03 10:12:28,173 - Knowledge - INFO - Batch sizing: calculated=6, max_allowed=10, queue=409, active_workers=20/20
2026-02-03 10:12:28,682 - Knowledge - INFO - Async storing batch of 8 embeddings
2026-02-03 10:12:28,743 - Knowledge - INFO - Worker kw2 processing /app/data/T0002/210888/b48252o/odoo-210888/addons/account/account_invoice_view.xml
2026-02-03 10:12:28,853 - Knowledge - INFO - process ingested knowledge for /app/data/T0002/210888/b48252o/odoo-210888/addons/project_gtd/project_gtd_demo.xml
2026-02-03 10:12:28,860 - Knowledge - INFO - Fast-tracked /app/data/T0002/210888/b48252o/odoo-210888/addons/account/account_invoice_view.xml (ext=.xml, size=40183)
2026-02-03 10:12:28,937 - Knowledge - INFO - Worker kw2 processing /app/data/T0002/210888/b48252o/odoo-210888/addons/account/product_view.xml
2026-02-03 10:12:28,959 - Knowledge - INFO - Fast-tracked /app/data/T0002/210888/b48252o/odoo-210888/addons/account/product_view.xml (ext=.xml, size=3546)
2026-02-03 10:12:29,043 - Knowledge - INFO - Worker kw2 processing /app/data/T0002/210888/b48252o/odoo-210888/addons/account/data/account_invoice.xml
2026-02-03 10:12:29,154 - Knowledge - INFO - Fast-tracked /app/data/T0002/210888/b48252o/odoo-210888/addons/account/data/account_invoice.xml (ext=.xml, size=3050)
2026-02-03 10:12:29,163 - Knowledge - INFO - Worker kw2 processing /app/data/T0002/210888/b48252o/odoo-210888/addons/account/data/account_data2.xml
2026-02-03 10:12:29,172 - Knowledge - INFO - Fast-tracked /app/data/T0002/210888/b48252o/odoo-210888/addons/account/data/account_data2.xml (ext=.xml, size=15049)
2026-02-03 10:12:29,172 - Knowledge - INFO - Worker kw2 processing /app/data/T0002/210888/b48252o/odoo-210888/addons/account/account_view.xml
2026-02-03 10:12:29,238 - Knowledge - INFO - Fast-tracked /app/data/T0002/210888/b48252o/odoo-210888/addons/account/account_view.xml (ext=.xml, size=89356)
2026-02-03 10:12:29,249 - Knowledge - INFO - Worker kw2 processing /app/data/T0002/210888/b48252o/odoo-210888/addons/account/company.py
2026-02-03 10:12:29,553 - Knowledge - INFO - Async storage completed for 8 embeddings
2026-02-03 10:12:30,447 - Knowledge - INFO - process ingested knowledge for /app/data/T0002/210888/b48252o/odoo-210888/addons/sale/wizard/__init__.py
2026-02-03 10:12:33,175 - Knowledge - INFO - Async storing batch of 8 embeddings
2026-02-03 10:12:33,262 - Knowledge - INFO - Worker kw9 processing /app/data/T0002/210888/b48252o/odoo-210888/addons/account/__terp__.py
2026-02-03 10:12:33,365 - Knowledge - INFO - Worker kw9 processing /app/data/T0002/210888/b48252o/odoo-210888/addons/account/wizard/wizard_aged_trial_balance.py
2026-02-03 10:12:33,463 - Knowledge - INFO - Worker kw9 processing /app/data/T0002/210888/b48252o/odoo-210888/addons/account/wizard/wizard_account_balance_report.py
2026-02-03 10:12:33,647 - Knowledge - INFO - Worker kw9 processing /app/data/T0002/210888/b48252o/odoo-210888/addons/account/wizard/wizard_open_closed_fiscalyear.py
2026-02-03 10:12:33,779 - Knowledge - INFO - Worker kw9 processing /app/data/T0002/210888/b48252o/odoo-210888/addons/account/wizard/wizard_invoice_state.py
2026-02-03 10:12:33,858 - Knowledge - INFO - Processing batch of 8 files
2026-02-03 10:12:33,872 - Knowledge - INFO - process ingested knowledge for /app/data/T0002/210888/b48252o/odoo-210888/addons/project_gtd/project_gtd_wizard.xml
2026-02-03 10:12:33,957 - Knowledge - INFO - Worker kw9 processing /app/data/T0002/210888/b48252o/odoo-210888/addons/account/wizard/wizard_move_line_select.py
2026-02-03 10:12:34,076 - Knowledge - INFO - process ingested knowledge for /app/data/T0002/210888/b48252o/odoo-210888/addons/l10n_ch/wizard/opae_wizard.py
2026-02-03 10:12:34,668 - Knowledge - INFO - Fast-tracked /app/data/T0002/210888/b48252o/odoo-210888/addons/account/__terp__.py (small file (2610 bytes))
2026-02-03 10:12:36,077 - Knowledge - INFO - Fast-tracked /app/data/T0002/210888/b48252o/odoo-210888/addons/account/wizard/wizard_open_closed_fiscalyear.py (small file (2672 bytes))
2026-02-03 10:12:36,437 - Knowledge - INFO - Fast-tracked /app/data/T0002/210888/b48252o/odoo-210888/addons/account/wizard/wizard_invoice_state.py (small file (2037 bytes))
2026-02-03 10:12:36,560 - Knowledge - INFO - Fast-tracked /app/data/T0002/210888/b48252o/odoo-210888/addons/account/wizard/wizard_move_line_select.py (small file (2810 bytes))
2026-02-03 10:12:36,569 - Knowledge - INFO - Async storage completed for 8 embeddings
2026-02-03 10:12:36,869 - Knowledge - INFO - Processing batch of 6 files
2026-02-03 10:12:36,937 - Knowledge - INFO - process ingested knowledge for /app/data/T0002/210888/b48252o/odoo-210888/addons/sale/stock_view.xml
2026-02-03 10:12:36,947 - Knowledge - INFO - process ingested knowledge for /app/data/T0002/210888/b48252o/odoo-210888/addons/sale/wizard/wizard_sale_line_invoice.py
2026-02-03 10:12:37,972 - Knowledge - INFO - Async storing batch of 8 embeddings
2026-02-03 10:12:38,140 - Knowledge - INFO - Worker kw3 processing /app/data/T0002/210888/b48252o/odoo-210888/addons/account/wizard/wizard_use_model.py
2026-02-03 10:12:38,259 - Knowledge - INFO - Worker kw3 processing /app/data/T0002/210888/b48252o/odoo-210888/addons/account/wizard/wizard_general_ledger_report.py
2026-02-03 10:12:38,447 - Knowledge - INFO - Worker kw3 processing /app/data/T0002/210888/b48252o/odoo-210888/addons/account/wizard/wizard_vat.py
2026-02-03 10:12:38,463 - Knowledge - INFO - Worker kw3 processing /app/data/T0002/210888/b48252o/odoo-210888/addons/account/wizard/wizard_journal.py
2026-02-03 10:12:38,549 - Knowledge - INFO - Worker kw3 processing /app/data/T0002/210888/b48252o/odoo-210888/addons/account/wizard/wizard_central_journal.py
2026-02-03 10:12:38,666 - Knowledge - INFO - Worker kw3 processing /app/data/T0002/210888/b48252o/odoo-210888/addons/account/wizard/wizard_reconcile_select.py
2026-02-03 10:12:39,958 - Knowledge - INFO - Fast-tracked /app/data/T0002/210888/b48252o/odoo-210888/addons/account/wizard/wizard_vat.py (small file (2587 bytes))
2026-02-03 10:12:40,948 - Knowledge - INFO - Fast-tracked /app/data/T0002/210888/b48252o/odoo-210888/addons/account/wizard/wizard_central_journal.py (small file (2895 bytes))
2026-02-03 10:12:41,340 - Knowledge - INFO - Fast-tracked /app/data/T0002/210888/b48252o/odoo-210888/addons/account/wizard/wizard_reconcile_select.py (small file (2261 bytes))
2026-02-03 10:12:41,340 - Knowledge - INFO - Async storage completed for 8 embeddings
2026-02-03 10:12:44,567 - Knowledge - INFO - process ingested knowledge for /app/data/T0002/210888/b48252o/odoo-210888/addons/project_gtd/project_gtd.py
2026-02-03 10:12:46,453 - Knowledge - INFO - [LLM_CALL] Completed: company.py:chunk1, Duration: 16996ms, PromptTokens: 2652, CompletionTokens: 402, Cost: $0.00043
2026-02-03 10:12:46,476 - Knowledge - INFO - done ingest for /app/data/T0002/210888/b48252o/odoo-210888/addons/account/company.py
2026-02-03 10:12:46,481 - Knowledge - INFO - process ingested knowledge for /app/data/T0002/210888/b48252o/odoo-210888/addons/sale/sale_data.xml
2026-02-03 10:12:46,547 - Knowledge - INFO - [WEBSOCKET] Sent: Type=progress_update, Size: 293, Duration: 0ms
2026-02-03 10:12:46,647 - Knowledge - INFO - [WEBSOCKET] Sent: Type=unknown, Size: ?, Duration: 100ms
2026-02-03 10:12:46,658 - Knowledge - INFO - Progress: 65.6% | Files: 828/1263 | Rate: 1.00 files/sec | Queue: 391
2026-02-03 10:12:48,576 - Knowledge - INFO - [LLM_CALL] Completed: invoice.py:chunk1, Duration: 38028ms, PromptTokens: 15476, CompletionTokens: 1185, Cost: $0.00202
2026-02-03 10:12:50,555 - Knowledge - INFO - process ingested knowledge for /app/data/T0002/210888/b48252o/odoo-210888/addons/l10n_ch/wizard/wizard_bvr.py
2026-02-03 10:12:53,961 - Knowledge - INFO - [kw6] Queue=391, InProgress=0, PendingWorkers=20/20, Completed=829/1263 (65.6%)
2026-02-03 10:12:53,978 - Knowledge - INFO - Batch sizing: calculated=6, max_allowed=10, queue=391, active_workers=20/20
2026-02-03 10:12:54,262 - Knowledge - INFO - [LLM_CALL] Completed: account_journal.py:chunk1, Duration: 38299ms, PromptTokens: 2622, CompletionTokens: 395, Cost: $0.00042
2026-02-03 10:12:54,263 - Knowledge - INFO - done ingest for /app/data/T0002/210888/b48252o/odoo-210888/addons/account/report/account_journal.py
2026-02-03 10:12:55,261 - Knowledge - INFO - process ingested knowledge for /app/data/T0002/210888/b48252o/odoo-210888/addons/project_gtd/__terp__.py
2026-02-03 10:12:55,364 - Knowledge - INFO - Processing batch of 6 files
2026-02-03 10:12:55,465 - Knowledge - INFO - process ingested knowledge for /app/data/T0002/210888/b48252o/odoo-210888/addons/sale/sale.py
2026-02-03 10:12:59,840 - Knowledge - INFO - process ingested knowledge for /app/data/T0002/210888/b48252o/odoo-210888/addons/sale/stock.py
2026-02-03 10:12:59,841 - Knowledge - INFO - [kw7] Queue=391, InProgress=0, PendingWorkers=20/20, Completed=830/1263 (65.7%)
2026-02-03 10:12:59,856 - Knowledge - INFO - [kw11] Queue=391, InProgress=0, PendingWorkers=20/20, Completed=830/1263 (65.7%)
2026-02-03 10:12:59,874 - Knowledge - INFO - Async storing batch of 6 embeddings
2026-02-03 10:12:59,967 - Knowledge - INFO - process ingested knowledge for /app/data/T0002/210888/b48252o/odoo-210888/addons/l10n_ch/wizard/bvr_import.py
2026-02-03 10:12:59,967 - Knowledge - INFO - Batch sizing: calculated=6, max_allowed=10, queue=391, active_workers=20/20
2026-02-03 10:13:00,039 - Knowledge - INFO - process ingested knowledge for /app/data/T0002/210888/b48252o/odoo-210888/addons/sale/report/sale_prepare_allot.py
2026-02-03 10:13:00,054 - Knowledge - INFO - Batch sizing: calculated=6, max_allowed=10, queue=391, active_workers=20/20
2026-02-03 10:13:00,138 - Knowledge - INFO - Worker kw6 processing /app/data/T0002/210888/b48252o/odoo-210888/addons/account/wizard/wizard_subscription_generate.py
2026-02-03 10:13:00,848 - Knowledge - INFO - Worker kw6 processing /app/data/T0002/210888/b48252o/odoo-210888/addons/account/wizard/wizard_bank_reconcile.py
2026-02-03 10:13:00,884 - Knowledge - INFO - Worker kw6 processing /app/data/T0002/210888/b48252o/odoo-210888/addons/account/wizard/wizard_print_journal.py
2026-02-03 10:13:01,062 - Knowledge - INFO - Worker kw6 processing /app/data/T0002/210888/b48252o/odoo-210888/addons/account/wizard/wizard_account_duplicate.py
2026-02-03 10:13:01,337 - Knowledge - INFO - Worker kw6 processing /app/data/T0002/210888/b48252o/odoo-210888/addons/account/wizard/wizard_unreconcile.py
2026-02-03 10:13:01,445 - Knowledge - INFO - Worker kw6 processing /app/data/T0002/210888/b48252o/odoo-210888/addons/account/wizard/wizard_automatic_reconcile.py
2026-02-03 10:13:01,750 - Knowledge - INFO - Fast-tracked /app/data/T0002/210888/b48252o/odoo-210888/addons/account/wizard/wizard_subscription_generate.py (small file (2286 bytes))
2026-02-03 10:13:01,974 - Knowledge - INFO - Fast-tracked /app/data/T0002/210888/b48252o/odoo-210888/addons/account/wizard/wizard_bank_reconcile.py (small file (2619 bytes))
2026-02-03 10:13:02,062 - Knowledge - INFO - Fast-tracked /app/data/T0002/210888/b48252o/odoo-210888/addons/account/wizard/wizard_print_journal.py (small file (2918 bytes))
2026-02-03 10:13:02,563 - Knowledge - INFO - Fast-tracked /app/data/T0002/210888/b48252o/odoo-210888/addons/account/wizard/wizard_account_duplicate.py (small file (2018 bytes))
2026-02-03 10:13:02,864 - Knowledge - INFO - process ingested knowledge for /app/data/T0002/210888/b48252o/odoo-210888/addons/sale/__init__.py
2026-02-03 10:13:03,342 - Knowledge - INFO - process ingested knowledge for /app/data/T0002/210888/b48252o/odoo-210888/addons/l10n_ch/wizard/__init__.py
2026-02-03 10:13:03,537 - Knowledge - INFO - Async storing batch of 8 embeddings
2026-02-03 10:13:03,565 - Knowledge - INFO - Worker kw11 processing /app/data/T0002/210888/b48252o/odoo-210888/addons/account/wizard/wizard_journal_select.py
2026-02-03 10:13:03,746 - Knowledge - INFO - Worker kw11 processing /app/data/T0002/210888/b48252o/odoo-210888/addons/account/wizard/wizard_state_open.py
2026-02-03 10:13:03,863 - Knowledge - INFO - Worker kw11 processing /app/data/T0002/210888/b48252o/odoo-210888/addons/account/wizard/wizard_account_chart.py
2026-02-03 10:13:03,967 - Knowledge - INFO - Async storage completed for 6 embeddings
2026-02-03 10:13:04,060 - Knowledge - INFO - Worker kw11 processing /app/data/T0002/210888/b48252o/odoo-210888/addons/account/wizard/wizard_pay_invoice.py
2026-02-03 10:13:04,245 - Knowledge - INFO - Worker kw11 processing /app/data/T0002/210888/b48252o/odoo-210888/addons/account/wizard/wizard_unreconcile_select.py
2026-02-03 10:13:04,268 - Knowledge - INFO - Worker kw11 processing /app/data/T0002/210888/b48252o/odoo-210888/addons/account/wizard/wizard_partner_balance_report.py
2026-02-03 10:13:04,645 - Knowledge - INFO - Fast-tracked /app/data/T0002/210888/b48252o/odoo-210888/addons/account/wizard/wizard_journal_select.py (small file (2042 bytes))
2026-02-03 10:13:04,863 - Knowledge - INFO - Fast-tracked /app/data/T0002/210888/b48252o/odoo-210888/addons/account/wizard/wizard_state_open.py (small file (2229 bytes))
2026-02-03 10:13:05,242 - Knowledge - INFO - [kw14] Queue=379, InProgress=0, PendingWorkers=20/20, Completed=832/1263 (65.9%)
2026-02-03 10:13:05,248 - Knowledge - INFO - Batch sizing: calculated=6, max_allowed=10, queue=379, active_workers=20/20
2026-02-03 10:13:06,436 - Knowledge - INFO - Fast-tracked /app/data/T0002/210888/b48252o/odoo-210888/addons/account/wizard/wizard_unreconcile_select.py (small file (2208 bytes))
2026-02-03 10:13:06,955 - Knowledge - INFO - Async storage completed for 8 embeddings
2026-02-03 10:13:07,168 - Knowledge - INFO - process ingested knowledge for /app/data/T0002/210888/b48252o/odoo-210888/addons/sale/sale_report.xml
2026-02-03 10:13:08,470 - Knowledge - INFO - [LLM_CALL] Completed: wizard_account_balance_report.py:chunk1, Duration: 32820ms, PromptTokens: 4004, CompletionTokens: 364, Cost: $0.00055
2026-02-03 10:13:08,572 - Knowledge - INFO - done ingest for /app/data/T0002/210888/b48252o/odoo-210888/addons/account/wizard/wizard_account_balance_report.py
2026-02-03 10:13:09,842 - Knowledge - INFO - Async storing batch of 6 embeddings
2026-02-03 10:13:09,858 - Knowledge - INFO - [kw12] Queue=373, InProgress=0, PendingWorkers=20/20, Completed=833/1263 (66.0%)
2026-02-03 10:13:09,943 - Knowledge - INFO - process ingested knowledge for /app/data/T0002/210888/b48252o/odoo-210888/addons/sale/report/order.py
2026-02-03 10:13:09,955 - Knowledge - INFO - process ingested knowledge for /app/data/T0002/210888/b48252o/odoo-210888/addons/l10n_ch/wizard/journal_config.py
2026-02-03 10:13:10,057 - Knowledge - INFO - Worker kw7 processing /app/data/T0002/210888/b48252o/odoo-210888/addons/account/wizard/wizard_third_party_ledger.py
2026-02-03 10:13:10,142 - Knowledge - INFO - Batch sizing: calculated=6, max_allowed=10, queue=373, active_workers=20/20
2026-02-03 10:13:10,460 - Knowledge - INFO - Worker kw7 processing /app/data/T0002/210888/b48252o/odoo-210888/addons/account/wizard/wizard_validate_account_move.py
2026-02-03 10:13:10,574 - Knowledge - INFO - Worker kw7 processing /app/data/T0002/210888/b48252o/odoo-210888/addons/account/wizard/wizard_reconcile.py
2026-02-03 10:13:10,737 - Knowledge - INFO - Worker kw7 processing /app/data/T0002/210888/b48252o/odoo-210888/addons/account/wizard/wizard_refund.py
2026-02-03 10:13:10,766 - Knowledge - INFO - Worker kw7 processing /app/data/T0002/210888/b48252o/odoo-210888/addons/account/wizard/wizard_statement_from_invoice.py
2026-02-03 10:13:10,860 - Knowledge - INFO - Worker kw7 processing /app/data/T0002/210888/b48252o/odoo-210888/addons/account/wizard/__init__.py
2026-02-03 10:13:11,449 - Knowledge - INFO - process ingested knowledge for /app/data/T0002/210888/b48252o/odoo-210888/addons/sale/process/sale_process.xml
2026-02-03 10:13:12,742 - Knowledge - INFO - [LLM_CALL] Completed: rml_parse.py:chunk1, Duration: 61679ms, PromptTokens: 3590, CompletionTokens: 656, Cost: $0.00062
2026-02-03 10:13:12,763 - Knowledge - INFO - done ingest for /app/data/T0002/210888/b48252o/odoo-210888/addons/account/report/rml_parse.py
2026-02-03 10:13:13,146 - Knowledge - INFO - [LLM_CALL] Completed: wizard_aged_trial_balance.py:chunk1, Duration: 38271ms, PromptTokens: 3096, CompletionTokens: 402, Cost: $0.00047
2026-02-03 10:13:13,236 - Knowledge - INFO - done ingest for /app/data/T0002/210888/b48252o/odoo-210888/addons/account/wizard/wizard_aged_trial_balance.py
2026-02-03 10:13:13,553 - Knowledge - INFO - Async storing batch of 6 embeddings
2026-02-03 10:13:13,554 - Knowledge - INFO - Worker kw14 processing /app/data/T0002/210888/b48252o/odoo-210888/addons/account/wizard/wizard_period_close.py
2026-02-03 10:13:13,769 - Knowledge - INFO - Worker kw14 processing /app/data/T0002/210888/b48252o/odoo-210888/addons/account/wizard/wizard_fiscalyear_close_state.py
2026-02-03 10:13:14,466 - Knowledge - INFO - Worker kw14 processing /app/data/T0002/210888/b48252o/odoo-210888/addons/account/wizard/wizard_fiscalyear_close.py
2026-02-03 10:13:14,637 - Knowledge - INFO - Worker kw14 processing /app/data/T0002/210888/b48252o/odoo-210888/addons/account/wizard/wizard_general_journal.py
2026-02-03 10:13:14,744 - Knowledge - INFO - Worker kw14 processing /app/data/T0002/210888/b48252o/odoo-210888/addons/account/account_move_line.py
2026-02-03 10:13:14,756 - Knowledge - INFO - process ingested knowledge for /app/data/T0002/210888/b48252o/odoo-210888/addons/sale/report/__init__.py
2026-02-03 10:13:14,938 - Knowledge - INFO - Async storing batch of 8 embeddings
2026-02-03 10:13:14,972 - Knowledge - INFO - Worker kw14 processing /app/data/T0002/210888/b48252o/odoo-210888/addons/account/demo/account_minimal.xml
2026-02-03 10:13:15,445 - Knowledge - INFO - Fast-tracked /app/data/T0002/210888/b48252o/odoo-210888/addons/account/demo/account_minimal.xml (ext=.xml, size=14254)
2026-02-03 10:13:15,548 - Knowledge - INFO - Processing batch of 6 files
2026-02-03 10:13:15,664 - Knowledge - INFO - process ingested knowledge for /app/data/T0002/210888/b48252o/odoo-210888/addons/account/account_invoice_view.xml
2026-02-03 10:13:15,739 - Knowledge - INFO - Fast-tracked /app/data/T0002/210888/b48252o/odoo-210888/addons/account/wizard/wizard_period_close.py (small file (2080 bytes))
2026-02-03 10:13:15,944 - Knowledge - INFO - Worker kw12 processing /app/data/T0002/210888/b48252o/odoo-210888/addons/account/partner_view.xml
2026-02-03 10:13:15,946 - Knowledge - INFO - Fast-tracked /app/data/T0002/210888/b48252o/odoo-210888/addons/account/wizard/wizard_fiscalyear_close_state.py (small file (2769 bytes))
2026-02-03 10:13:16,063 - Knowledge - INFO - Fast-tracked /app/data/T0002/210888/b48252o/odoo-210888/addons/account/wizard/__init__.py (small file (2099 bytes))
2026-02-03 10:13:16,069 - Knowledge - INFO - Async storage completed for 6 embeddings
2026-02-03 10:13:16,145 - Knowledge - INFO - Fast-tracked /app/data/T0002/210888/b48252o/odoo-210888/addons/account/partner_view.xml (ext=.xml, size=6026)
2026-02-03 10:13:16,150 - Knowledge - INFO - Worker kw12 processing /app/data/T0002/210888/b48252o/odoo-210888/addons/account/account_bank_statement.py
2026-02-03 10:13:16,242 - Knowledge - INFO - Worker kw12 processing /app/data/T0002/210888/b48252o/odoo-210888/addons/account/partner.py
2026-02-03 10:13:16,469 - Knowledge - INFO - Worker kw12 processing /app/data/T0002/210888/b48252o/odoo-210888/addons/account/project/project_view.xml
2026-02-03 10:13:16,636 - Knowledge - INFO - Fast-tracked /app/data/T0002/210888/b48252o/odoo-210888/addons/account/project/project_view.xml (ext=.xml, size=19914)
2026-02-03 10:13:16,646 - Knowledge - INFO - Worker kw12 processing /app/data/T0002/210888/b48252o/odoo-210888/addons/account/project/analytic_account_demo.xml
2026-02-03 10:13:16,955 - Knowledge - INFO - Fast-tracked /app/data/T0002/210888/b48252o/odoo-210888/addons/account/project/analytic_account_demo.xml (ext=.xml, size=11766)
2026-02-03 10:13:16,956 - Knowledge - INFO - Worker kw12 processing /app/data/T0002/210888/b48252o/odoo-210888/addons/account/project/report/quantity_cost_ledger.py
2026-02-03 10:13:17,145 - Knowledge - INFO - [LLM_CALL] Completed: partner_balance.py:chunk1, Duration: 66996ms, PromptTokens: 9430, CompletionTokens: 1019, Cost: $0.00135
2026-02-03 10:13:17,149 - Knowledge - INFO - done ingest for /app/data/T0002/210888/b48252o/odoo-210888/addons/account/report/partner_balance.py
2026-02-03 10:13:17,242 - Knowledge - INFO - Fast-tracked /app/data/T0002/210888/b48252o/odoo-210888/addons/account/wizard/wizard_general_journal.py (small file (2901 bytes))
2026-02-03 10:13:18,760 - Knowledge - INFO - Async storage completed for 6 embeddings
2026-02-03 10:13:18,853 - Knowledge - INFO - [LLM_CALL] Completed: tax_report.py:chunk1, Duration: 60613ms, PromptTokens: 4930, CompletionTokens: 615, Cost: $0.00074
2026-02-03 10:13:19,360 - Knowledge - INFO - done ingest for /app/data/T0002/210888/b48252o/odoo-210888/addons/account/report/tax_report.py
2026-02-03 10:13:19,979 - Knowledge - INFO - process ingested knowledge for /app/data/T0002/210888/b48252o/odoo-210888/addons/sale/mrp.py
2026-02-03 10:13:20,463 - Knowledge - INFO - [LLM_CALL] Completed: aged_trial_balance.py:chunk1, Duration: 69997ms, PromptTokens: 5406, CompletionTokens: 518, Cost: $0.00075
2026-02-03 10:13:20,564 - Knowledge - INFO - done ingest for /app/data/T0002/210888/b48252o/odoo-210888/addons/account/report/aged_trial_balance.py
2026-02-03 10:13:21,150 - Knowledge - INFO - Async storage completed for 8 embeddings
2026-02-03 10:13:22,857 - Knowledge - INFO - process ingested knowledge for /app/data/T0002/210888/b48252o/odoo-210888/addons/l10n_ch/dta_data.xml
2026-02-03 10:13:22,865 - Knowledge - INFO - [kw10] Queue=361, InProgress=0, PendingWorkers=20/20, Completed=837/1263 (66.3%)
2026-02-03 10:13:23,076 - Knowledge - INFO - Batch sizing: calculated=6, max_allowed=10, queue=361, active_workers=20/20
2026-02-03 10:13:24,837 - Knowledge - INFO - process ingested knowledge for /app/data/T0002/210888/b48252o/odoo-210888/addons/account/product_view.xml
2026-02-03 10:13:27,966 - Knowledge - INFO - [LLM_CALL] Completed: general_journal.py:chunk1, Duration: 70013ms, PromptTokens: 3988, CompletionTokens: 531, Cost: $0.00061
2026-02-03 10:13:28,045 - Knowledge - INFO - done ingest for /app/data/T0002/210888/b48252o/odoo-210888/addons/account/report/general_journal.py
2026-02-03 10:13:30,665 - Knowledge - INFO - process ingested knowledge for /app/data/T0002/210888/b48252o/odoo-210888/addons/l10n_ch/account_move_line.py
2026-02-03 10:13:31,550 - Knowledge - INFO - [LLM_CALL] Completed: overdue.py:chunk1, Duration: 75272ms, PromptTokens: 2576, CompletionTokens: 455, Cost: $0.00044
2026-02-03 10:13:31,639 - Knowledge - INFO - done ingest for /app/data/T0002/210888/b48252o/odoo-210888/addons/account/report/overdue.py
2026-02-03 10:13:32,281 - Knowledge - INFO - process ingested knowledge for /app/data/T0002/210888/b48252o/odoo-210888/addons/sale/sale_workflow.xml
2026-02-03 10:13:32,336 - Knowledge - INFO - process ingested knowledge for /app/data/T0002/210888/b48252o/odoo-210888/addons/account/data/account_invoice.xml
2026-02-03 10:13:33,737 - Knowledge - INFO - process ingested knowledge for /app/data/T0002/210888/b48252o/odoo-210888/addons/l10n_ch/data.xml
2026-02-03 10:13:33,947 - Knowledge - INFO - Async storing batch of 6 embeddings
2026-02-03 10:13:35,260 - Knowledge - INFO - [LLM_CALL] Completed: central_journal.py:chunk1, Duration: 79683ms, PromptTokens: 2634, CompletionTokens: 436, Cost: $0.00044
2026-02-03 10:13:35,341 - Knowledge - INFO - done ingest for /app/data/T0002/210888/b48252o/odoo-210888/addons/account/report/central_journal.py
2026-02-03 10:13:35,364 - Knowledge - INFO - Worker kw10 processing /app/data/T0002/210888/b48252o/odoo-210888/addons/account/project/report/cost_ledger.py
2026-02-03 10:13:35,748 - Knowledge - INFO - Worker kw10 processing /app/data/T0002/210888/b48252o/odoo-210888/addons/account/project/report/analytic_journal.py
2026-02-03 10:13:35,969 - Knowledge - INFO - Worker kw10 processing /app/data/T0002/210888/b48252o/odoo-210888/addons/account/project/report/account_journal.py
2026-02-03 10:13:36,061 - Knowledge - INFO - Worker kw10 processing /app/data/T0002/210888/b48252o/odoo-210888/addons/account/project/report/inverted_analytic_balance.py
2026-02-03 10:13:36,264 - Knowledge - INFO - Worker kw10 processing /app/data/T0002/210888/b48252o/odoo-210888/addons/account/project/report/analytic_balance.py
2026-02-03 10:13:36,665 - Knowledge - INFO - Worker kw10 processing /app/data/T0002/210888/b48252o/odoo-210888/addons/account/project/report/analytic_check.py
2026-02-03 10:13:38,055 - Knowledge - INFO - Fast-tracked /app/data/T0002/210888/b48252o/odoo-210888/addons/account/project/report/account_journal.py (small file (2137 bytes))
2026-02-03 10:13:40,558 - Knowledge - INFO - Async storage completed for 6 embeddings
2026-02-03 10:13:41,160 - Knowledge - INFO - process ingested knowledge for /app/data/T0002/210888/b48252o/odoo-210888/addons/account/data/account_data2.xml
2026-02-03 10:13:41,236 - Knowledge - INFO - [kw16] Queue=355, InProgress=0, PendingWorkers=20/20, Completed=842/1263 (66.7%)
2026-02-03 10:13:41,278 - Knowledge - INFO - Batch sizing: calculated=6, max_allowed=10, queue=355, active_workers=20/20
2026-02-03 10:13:46,765 - Knowledge - INFO - [LLM_CALL] Completed: wizard_partner_balance_report.py:chunk1, Duration: 40085ms, PromptTokens: 3616, CompletionTokens: 340, Cost: $0.00050
2026-02-03 10:13:46,856 - Knowledge - INFO - done ingest for /app/data/T0002/210888/b48252o/odoo-210888/addons/account/wizard/wizard_partner_balance_report.py
2026-02-03 10:13:47,368 - Knowledge - INFO - [LLM_CALL] Completed: wizard_unreconcile.py:chunk1, Duration: 44610ms, PromptTokens: 2388, CompletionTokens: 353, Cost: $0.00038
2026-02-03 10:13:47,382 - Knowledge - INFO - done ingest for /app/data/T0002/210888/b48252o/odoo-210888/addons/account/wizard/wizard_unreconcile.py
2026-02-03 10:13:48,837 - Knowledge - INFO - process ingested knowledge for /app/data/T0002/210888/b48252o/odoo-210888/addons/account/account_view.xml
2026-02-03 10:13:50,777 - Knowledge - INFO - [LLM_CALL] Completed: wizard_automatic_reconcile.py:chunk1, Duration: 47619ms, PromptTokens: 6548, CompletionTokens: 302, Cost: $0.00078
2026-02-03 10:13:50,778 - Knowledge - INFO - done ingest for /app/data/T0002/210888/b48252o/odoo-210888/addons/account/wizard/wizard_automatic_reconcile.py
2026-02-03 10:13:52,060 - Knowledge - INFO - [LLM_CALL] Completed: wizard_journal.py:chunk1, Duration: 71496ms, PromptTokens: 2712, CompletionTokens: 410, Cost: $0.00044
2026-02-03 10:13:52,172 - Knowledge - INFO - done ingest for /app/data/T0002/210888/b48252o/odoo-210888/addons/account/wizard/wizard_journal.py
2026-02-03 10:13:52,479 - Knowledge - INFO - [LLM_CALL] Completed: general_ledger.py:chunk1, Duration: 94928ms, PromptTokens: 7946, CompletionTokens: 963, Cost: $0.00118
2026-02-03 10:13:52,479 - Knowledge - INFO - done ingest for /app/data/T0002/210888/b48252o/odoo-210888/addons/account/report/general_ledger.py
2026-02-03 10:13:53,858 - Knowledge - INFO - [kw13] Queue=355, InProgress=0, PendingWorkers=20/20, Completed=845/1263 (66.9%)
2026-02-03 10:13:53,962 - Knowledge - INFO - Batch sizing: calculated=6, max_allowed=10, queue=355, active_workers=20/20
2026-02-03 10:13:56,258 - Knowledge - INFO - [LLM_CALL] Completed: wizard_use_model.py:chunk1, Duration: 77309ms, PromptTokens: 3198, CompletionTokens: 430, Cost: $0.00049
2026-02-03 10:13:56,258 - Knowledge - INFO - done ingest for /app/data/T0002/210888/b48252o/odoo-210888/addons/account/wizard/wizard_use_model.py
2026-02-03 10:13:57,567 - Knowledge - INFO - [LLM_CALL] Completed: wizard_general_ledger_report.py:chunk1, Duration: 77931ms, PromptTokens: 4592, CompletionTokens: 427, Cost: $0.00063
2026-02-03 10:13:57,574 - Knowledge - INFO - done ingest for /app/data/T0002/210888/b48252o/odoo-210888/addons/account/wizard/wizard_general_ledger_report.py
2026-02-03 10:13:58,852 - Knowledge - INFO - process ingested knowledge for /app/data/T0002/210888/b48252o/odoo-210888/addons/account/company.py
2026-02-03 10:13:58,876 - Knowledge - INFO - Async storing batch of 8 embeddings
2026-02-03 10:13:58,943 - Knowledge - INFO - [kw17] Queue=349, InProgress=0, PendingWorkers=20/20, Completed=845/1263 (66.9%)
2026-02-03 10:13:58,945 - Knowledge - INFO - Worker kw16 processing /app/data/T0002/210888/b48252o/odoo-210888/addons/account/project/report/__init__.py
2026-02-03 10:13:58,965 - Knowledge - INFO - Batch sizing: calculated=6, max_allowed=10, queue=349, active_workers=20/20
2026-02-03 10:13:59,059 - Knowledge - INFO - Async storing batch of 6 embeddings
2026-02-03 10:13:59,166 - Knowledge - INFO - Fast-tracked /app/data/T0002/210888/b48252o/odoo-210888/addons/account/project/report/__init__.py (ext=.py, size=1209)
2026-02-03 10:13:59,172 - Knowledge - INFO - Worker kw16 processing /app/data/T0002/210888/b48252o/odoo-210888/addons/account/project/project_demo.xml
2026-02-03 10:13:59,353 - Knowledge - INFO - Worker kw13 processing /app/data/T0002/210888/b48252o/odoo-210888/addons/account/project/wizard/wizard_analytic_account_chart.py
2026-02-03 10:13:59,361 - Knowledge - INFO - Fast-tracked /app/data/T0002/210888/b48252o/odoo-210888/addons/account/project/project_demo.xml (ext=.xml, size=763)
2026-02-03 10:13:59,552 - Knowledge - INFO - Worker kw16 processing /app/data/T0002/210888/b48252o/odoo-210888/addons/account/project/project.py
2026-02-03 10:13:59,637 - Knowledge - INFO - Worker kw13 processing /app/data/T0002/210888/b48252o/odoo-210888/addons/account/project/wizard/wizard_account_analytic_analytic_check.py
2026-02-03 10:13:59,737 - Knowledge - INFO - Worker kw16 processing /app/data/T0002/210888/b48252o/odoo-210888/addons/account/project/project_report.xml
2026-02-03 10:13:59,876 - Knowledge - INFO - Fast-tracked /app/data/T0002/210888/b48252o/odoo-210888/addons/account/project/wizard/wizard_account_analytic_analytic_check.py (ext=.py, size=1958)
2026-02-03 10:13:59,876 - Knowledge - INFO - Worker kw13 processing /app/data/T0002/210888/b48252o/odoo-210888/addons/account/project/wizard/wizard_account_analytic_cost_ledger_for_journal_report.py
2026-02-03 10:13:59,970 - Knowledge - INFO - Fast-tracked /app/data/T0002/210888/b48252o/odoo-210888/addons/account/project/project_report.xml (ext=.xml, size=2814)
2026-02-03 10:13:59,971 - Knowledge - INFO - Worker kw13 processing /app/data/T0002/210888/b48252o/odoo-210888/addons/account/project/wizard/wizard_account_analytic_journal_report.py
2026-02-03 10:14:00,038 - Knowledge - INFO - Worker kw16 processing /app/data/T0002/210888/b48252o/odoo-210888/addons/account/project/wizard/wizard_account_analytic_balance_report.py
2026-02-03 10:14:00,053 - Knowledge - INFO - Fast-tracked /app/data/T0002/210888/b48252o/odoo-210888/addons/account/project/wizard/wizard_account_analytic_journal_report.py (ext=.py, size=1945)
2026-02-03 10:14:00,166 - Knowledge - INFO - Worker kw13 processing /app/data/T0002/210888/b48252o/odoo-210888/addons/account/project/wizard/wizard_account_analytic_cost_ledger_report.py
2026-02-03 10:14:00,172 - Knowledge - INFO - Worker kw16 processing /app/data/T0002/210888/b48252o/odoo-210888/addons/account/project/wizard/wizard_account_analytic_inverted_balance_report.py
2026-02-03 10:14:00,259 - Knowledge - INFO - Fast-tracked /app/data/T0002/210888/b48252o/odoo-210888/addons/account/project/wizard/wizard_account_analytic_cost_ledger_report.py (ext=.py, size=1950)
2026-02-03 10:14:00,277 - Knowledge - INFO - Fast-tracked /app/data/T0002/210888/b48252o/odoo-210888/addons/account/project/wizard/wizard_account_analytic_inverted_balance_report.py (ext=.py, size=1962)
2026-02-03 10:14:00,366 - Knowledge - INFO - Worker kw13 processing /app/data/T0002/210888/b48252o/odoo-210888/addons/account/project/wizard/__init__.py
2026-02-03 10:14:00,379 - Knowledge - INFO - [LLM_CALL] Completed: wizard_pay_invoice.py:chunk1, Duration: 54528ms, PromptTokens: 5182, CompletionTokens: 455, Cost: $0.00070
2026-02-03 10:14:00,666 - Knowledge - INFO - Fast-tracked /app/data/T0002/210888/b48252o/odoo-210888/addons/account/project/wizard/__init__.py (ext=.py, size=1437)
2026-02-03 10:14:00,668 - Knowledge - INFO - done ingest for /app/data/T0002/210888/b48252o/odoo-210888/addons/account/wizard/wizard_pay_invoice.py
2026-02-03 10:14:01,050 - Knowledge - INFO - Fast-tracked /app/data/T0002/210888/b48252o/odoo-210888/addons/account/project/wizard/wizard_analytic_account_chart.py (small file (3009 bytes))
2026-02-03 10:14:01,064 - Knowledge - INFO - Fast-tracked /app/data/T0002/210888/b48252o/odoo-210888/addons/account/project/wizard/wizard_account_analytic_balance_report.py (small file (2110 bytes))
2026-02-03 10:14:01,244 - Knowledge - INFO - Fast-tracked /app/data/T0002/210888/b48252o/odoo-210888/addons/account/project/wizard/wizard_account_analytic_cost_ledger_for_journal_report.py (small file (2403 bytes))
2026-02-03 10:14:01,245 - Knowledge - INFO - Async storage completed for 8 embeddings
2026-02-03 10:14:01,339 - Knowledge - INFO - Async storage completed for 6 embeddings
2026-02-03 10:14:01,945 - Knowledge - INFO - Async storing batch of 8 embeddings
2026-02-03 10:14:02,049 - Knowledge - INFO - Worker kw17 processing /app/data/T0002/210888/b48252o/odoo-210888/addons/account/project/wizard/wizard_account_analytic_line.py
2026-02-03 10:14:02,163 - Knowledge - INFO - Worker kw17 processing /app/data/T0002/210888/b48252o/odoo-210888/addons/account/project/__init__.py
2026-02-03 10:14:02,236 - Knowledge - INFO - Fast-tracked /app/data/T0002/210888/b48252o/odoo-210888/addons/account/project/__init__.py (ext=.py, size=1103)
2026-02-03 10:14:02,338 - Knowledge - INFO - Worker kw17 processing /app/data/T0002/210888/b48252o/odoo-210888/addons/account/__init__.py
2026-02-03 10:14:02,466 - Knowledge - INFO - Fast-tracked /app/data/T0002/210888/b48252o/odoo-210888/addons/account/__init__.py (ext=.py, size=1275)
2026-02-03 10:14:02,466 - Knowledge - INFO - Worker kw17 processing /app/data/T0002/210888/b48252o/odoo-210888/addons/account/account_report.xml
2026-02-03 10:14:02,657 - Knowledge - INFO - Fast-tracked /app/data/T0002/210888/b48252o/odoo-210888/addons/account/account_report.xml (ext=.xml, size=4193)
2026-02-03 10:14:02,741 - Knowledge - INFO - Worker kw17 processing /app/data/T0002/210888/b48252o/odoo-210888/addons/account/account_analytic_line.py
2026-02-03 10:14:02,863 - Knowledge - INFO - Processing batch of 6 files
2026-02-03 10:14:02,969 - Knowledge - INFO - Worker kw17 processing /app/data/T0002/210888/b48252o/odoo-210888/addons/account/process/statement_process.xml
2026-02-03 10:14:03,068 - Knowledge - INFO - process ingested knowledge for /app/data/T0002/210888/b48252o/odoo-210888/addons/account/__terp__.py
2026-02-03 10:14:03,437 - Knowledge - INFO - Fast-tracked /app/data/T0002/210888/b48252o/odoo-210888/addons/account/process/statement_process.xml (ext=.xml, size=5468)
2026-02-03 10:14:03,973 - Knowledge - INFO - [LLM_CALL] Completed: invoice.py:chunk2, Duration: 75222ms, PromptTokens: 18146, CompletionTokens: 1185, Cost: $0.00229
2026-02-03 10:14:04,067 - Knowledge - INFO - Fast-tracked /app/data/T0002/210888/b48252o/odoo-210888/addons/account/project/wizard/wizard_account_analytic_line.py (small file (2819 bytes))
2026-02-03 10:14:06,189 - Knowledge - INFO - Async storage completed for 8 embeddings
2026-02-03 10:14:06,439 - Knowledge - WARNING - Timeout processing /app/data/T0002/210888/b48252o/odoo-210888/addons/account/invoice.py after 90s - using fallback metadata
2026-02-03 10:14:06,450 - Knowledge - INFO - [LLM_CALL] Completed: account_balance.py:chunk1, Duration: 109795ms, PromptTokens: 3646, CompletionTokens: 507, Cost: $0.00057
2026-02-03 10:14:06,475 - Knowledge - INFO - [kw4] Queue=337, InProgress=0, PendingWorkers=20/20, Completed=853/1263 (67.5%)
2026-02-03 10:14:06,638 - Knowledge - INFO - process ingested knowledge for /app/data/T0002/210888/b48252o/odoo-210888/addons/account/wizard/wizard_aged_trial_balance.py
2026-02-03 10:14:06,657 - Knowledge - INFO - done ingest for /app/data/T0002/210888/b48252o/odoo-210888/addons/account/report/account_balance.py
2026-02-03 10:14:06,756 - Knowledge - INFO - Batch sizing: calculated=6, max_allowed=10, queue=337, active_workers=20/20
2026-02-03 10:14:06,936 - Knowledge - INFO - [WEBSOCKET] Sent: Type=progress_update, Size: 293, Duration: 148ms
2026-02-03 10:14:07,157 - Knowledge - INFO - [WEBSOCKET] Sent: Type=unknown, Size: ?, Duration: 370ms
2026-02-03 10:14:07,252 - Knowledge - INFO - Progress: 67.7% | Files: 856/1263 | Rate: 0.94 files/sec | Queue: 337
2026-02-03 10:14:07,536 - Knowledge - INFO - Processing batch of 6 files
2026-02-03 10:14:07,738 - Knowledge - INFO - process ingested knowledge for /app/data/T0002/210888/b48252o/odoo-210888/addons/account/account_assert_test.xml
2026-02-03 10:14:09,565 - Knowledge - INFO - [LLM_CALL] Completed: quantity_cost_ledger.py:chunk1, Duration: 48928ms, PromptTokens: 3608, CompletionTokens: 399, Cost: $0.00052
2026-02-03 10:14:09,566 - Knowledge - INFO - done ingest for /app/data/T0002/210888/b48252o/odoo-210888/addons/account/project/report/quantity_cost_ledger.py
2026-02-03 10:14:10,558 - Knowledge - INFO - Async storing batch of 6 embeddings
2026-02-03 10:14:10,766 - Knowledge - INFO - process ingested knowledge for /app/data/T0002/210888/b48252o/odoo-210888/addons/account/report/partner_balance.py
2026-02-03 10:14:11,353 - Knowledge - INFO - Worker kw4 processing /app/data/T0002/210888/b48252o/odoo-210888/addons/account/process/supplier_invoice_process.xml
2026-02-03 10:14:11,536 - Knowledge - INFO - Fast-tracked /app/data/T0002/210888/b48252o/odoo-210888/addons/account/process/supplier_invoice_process.xml (ext=.xml, size=11515)
2026-02-03 10:14:11,552 - Knowledge - INFO - Worker kw4 processing /app/data/T0002/210888/b48252o/odoo-210888/addons/account/process/customer_invoice_process.xml
2026-02-03 10:14:11,764 - Knowledge - INFO - Fast-tracked /app/data/T0002/210888/b48252o/odoo-210888/addons/account/process/customer_invoice_process.xml (ext=.xml, size=13639)
2026-02-03 10:14:11,765 - Knowledge - INFO - Worker kw4 processing /app/data/T0002/210888/b48252o/odoo-210888/addons/account/account_menuitem.xml
2026-02-03 10:14:12,074 - Knowledge - INFO - Fast-tracked /app/data/T0002/210888/b48252o/odoo-210888/addons/account/account_menuitem.xml (ext=.xml, size=1602)
2026-02-03 10:14:12,143 - Knowledge - INFO - Worker kw4 processing /app/data/T0002/210888/b48252o/odoo-210888/addons/report_crm/report_crm.py
2026-02-03 10:14:13,544 - Knowledge - INFO - Worker kw4 processing /app/data/T0002/210888/b48252o/odoo-210888/addons/report_crm/report_crm_view.xml
2026-02-03 10:14:13,836 - Knowledge - INFO - Fast-tracked /app/data/T0002/210888/b48252o/odoo-210888/addons/report_crm/report_crm_view.xml (ext=.xml, size=13021)
2026-02-03 10:14:13,837 - Knowledge - INFO - Worker kw4 processing /app/data/T0002/210888/b48252o/odoo-210888/addons/report_crm/__terp__.py
2026-02-03 10:14:13,976 - Knowledge - INFO - Fast-tracked /app/data/T0002/210888/b48252o/odoo-210888/addons/report_crm/__terp__.py (ext=.py, size=1570)
2026-02-03 10:14:15,446 - Knowledge - INFO - Async storage completed for 6 embeddings
2026-02-03 10:14:15,836 - Knowledge - INFO - [kw8] Queue=331, InProgress=0, PendingWorkers=20/20, Completed=864/1263 (68.4%)
2026-02-03 10:14:15,837 - Knowledge - INFO - Batch sizing: calculated=6, max_allowed=10, queue=331, active_workers=20/20
2026-02-03 10:14:15,963 - Knowledge - INFO - process ingested knowledge for /app/data/T0002/210888/b48252o/odoo-210888/addons/account/wizard/wizard_account_balance_report.py
2026-02-03 10:14:19,058 - Knowledge - INFO - Async storing batch of 6 embeddings
2026-02-03 10:14:19,237 - Knowledge - INFO - process ingested knowledge for /app/data/T0002/210888/b48252o/odoo-210888/addons/account/report/aged_trial_balance.py
2026-02-03 10:14:19,252 - Knowledge - INFO - process ingested knowledge for /app/data/T0002/210888/b48252o/odoo-210888/addons/account/wizard/wizard_open_closed_fiscalyear.py
2026-02-03 10:14:19,340 - Knowledge - INFO - Worker kw8 processing /app/data/T0002/210888/b48252o/odoo-210888/addons/report_crm/__init__.py
2026-02-03 10:14:19,836 - Knowledge - INFO - Fast-tracked /app/data/T0002/210888/b48252o/odoo-210888/addons/report_crm/__init__.py (ext=.py, size=1077)
2026-02-03 10:14:19,943 - Knowledge - INFO - Worker kw8 processing /app/data/T0002/210888/b48252o/odoo-210888/addons/stock_no_autopicking/stock_no_autopicking.py
2026-02-03 10:14:20,068 - Knowledge - INFO - Fast-tracked /app/data/T0002/210888/b48252o/odoo-210888/addons/stock_no_autopicking/stock_no_autopicking.py (ext=.py, size=1549)
2026-02-03 10:14:20,165 - Knowledge - INFO - Worker kw8 processing /app/data/T0002/210888/b48252o/odoo-210888/addons/stock_no_autopicking/stock_no_autopicking_view.xml
2026-02-03 10:14:20,263 - Knowledge - INFO - Fast-tracked /app/data/T0002/210888/b48252o/odoo-210888/addons/stock_no_autopicking/stock_no_autopicking_view.xml (ext=.xml, size=493)
2026-02-03 10:14:20,446 - Knowledge - INFO - Worker kw8 processing /app/data/T0002/210888/b48252o/odoo-210888/addons/stock_no_autopicking/__terp__.py
2026-02-03 10:14:20,653 - Knowledge - INFO - Fast-tracked /app/data/T0002/210888/b48252o/odoo-210888/addons/stock_no_autopicking/__terp__.py (ext=.py, size=1792)
2026-02-03 10:14:20,653 - Knowledge - INFO - Worker kw8 processing /app/data/T0002/210888/b48252o/odoo-210888/addons/stock_no_autopicking/__init__.py
2026-02-03 10:14:20,937 - Knowledge - INFO - Fast-tracked /app/data/T0002/210888/b48252o/odoo-210888/addons/stock_no_autopicking/__init__.py (ext=.py, size=1086)
2026-02-03 10:14:20,950 - Knowledge - INFO - Worker kw8 processing /app/data/T0002/210888/b48252o/odoo-210888/addons/document_ics/document_view.xml
2026-02-03 10:14:21,063 - Knowledge - INFO - Fast-tracked /app/data/T0002/210888/b48252o/odoo-210888/addons/document_ics/document_view.xml (ext=.xml, size=2030)
2026-02-03 10:14:21,070 - Knowledge - INFO - Async storage completed for 6 embeddings
2026-02-03 10:14:22,355 - Knowledge - INFO - [LLM_CALL] Completed: wizard_account_chart.py:chunk1, Duration: 77113ms, PromptTokens: 2388, CompletionTokens: 400, Cost: $0.00040
2026-02-03 10:14:22,553 - Knowledge - INFO - done ingest for /app/data/T0002/210888/b48252o/odoo-210888/addons/account/wizard/wizard_account_chart.py
2026-02-03 10:14:22,670 - Knowledge - INFO - Processing batch of 6 files
2026-02-03 10:14:22,838 - Knowledge - INFO - process ingested knowledge for /app/data/T0002/210888/b48252o/odoo-210888/addons/account/report/transfer.xml
2026-02-03 10:14:22,955 - Knowledge - INFO - process ingested knowledge for /app/data/T0002/210888/b48252o/odoo-210888/addons/account/report/general_ledger.py
2026-02-03 10:14:23,251 - Knowledge - INFO - process ingested knowledge for /app/data/T0002/210888/b48252o/odoo-210888/addons/account/wizard/wizard_invoice_state.py
2026-02-03 10:14:23,660 - Knowledge - INFO - [LLM_CALL] Completed: third_party_ledger.py:chunk1, Duration: 126517ms, PromptTokens: 9466, CompletionTokens: 765, Cost: $0.00125
2026-02-03 10:14:23,775 - Knowledge - INFO - done ingest for /app/data/T0002/210888/b48252o/odoo-210888/addons/account/report/third_party_ledger.py
2026-02-03 10:14:25,469 - Knowledge - INFO - [kw20] Queue=325, InProgress=0, PendingWorkers=20/20, Completed=874/1263 (69.2%)
2026-02-03 10:14:25,537 - Knowledge - INFO - Batch sizing: calculated=6, max_allowed=10, queue=325, active_workers=20/20
2026-02-03 10:14:25,837 - Knowledge - INFO - process ingested knowledge for /app/data/T0002/210888/b48252o/odoo-210888/addons/account/report/invoice.py
2026-02-03 10:14:25,848 - Knowledge - INFO - Processing batch of 6 files
2026-02-03 10:14:25,965 - Knowledge - INFO - process ingested knowledge for /app/data/T0002/210888/b48252o/odoo-210888/addons/account/account_end_fy.xml
2026-02-03 10:14:26,344 - Knowledge - INFO - Processing batch of 6 files
2026-02-03 10:14:26,360 - Knowledge - INFO - process ingested knowledge for /app/data/T0002/210888/b48252o/odoo-210888/addons/account/wizard/wizard_subscription_generate.py
2026-02-03 10:14:27,140 - Knowledge - INFO - Processing batch of 6 files
2026-02-03 10:14:27,150 - Knowledge - INFO - process ingested knowledge for /app/data/T0002/210888/b48252o/odoo-210888/addons/account/wizard/wizard_use_model.py
2026-02-03 10:14:27,637 - Knowledge - INFO - process ingested knowledge for /app/data/T0002/210888/b48252o/odoo-210888/addons/account/report/__init__.py
2026-02-03 10:14:27,666 - Knowledge - INFO - Async storing batch of 6 embeddings
2026-02-03 10:14:27,952 - Knowledge - INFO - Worker kw20 processing /app/data/T0002/210888/b48252o/odoo-210888/addons/document_ics/document_demo.xml
2026-02-03 10:14:28,164 - Knowledge - INFO - Fast-tracked /app/data/T0002/210888/b48252o/odoo-210888/addons/document_ics/document_demo.xml (ext=.xml, size=2369)
2026-02-03 10:14:28,242 - Knowledge - INFO - Worker kw20 processing /app/data/T0002/210888/b48252o/odoo-210888/addons/document_ics/document.py
2026-02-03 10:14:28,437 - Knowledge - INFO - Worker kw20 processing /app/data/T0002/210888/b48252o/odoo-210888/addons/document_ics/__terp__.py
2026-02-03 10:14:28,743 - Knowledge - INFO - process ingested knowledge for /app/data/T0002/210888/b48252o/odoo-210888/addons/account/wizard/wizard_move_line_select.py
2026-02-03 10:14:28,846 - Knowledge - INFO - Fast-tracked /app/data/T0002/210888/b48252o/odoo-210888/addons/document_ics/__terp__.py (ext=.py, size=1657)
2026-02-03 10:14:28,860 - Knowledge - INFO - Worker kw20 processing /app/data/T0002/210888/b48252o/odoo-210888/addons/document_ics/document_ics_config_wizard.xml
2026-02-03 10:14:28,952 - Knowledge - INFO - process ingested knowledge for /app/data/T0002/210888/b48252o/odoo-210888/addons/account/security/account_security.xml
2026-02-03 10:14:29,136 - Knowledge - INFO - Fast-tracked /app/data/T0002/210888/b48252o/odoo-210888/addons/document_ics/document_ics_config_wizard.xml (ext=.xml, size=2281)
2026-02-03 10:14:29,137 - Knowledge - INFO - Worker kw20 processing /app/data/T0002/210888/b48252o/odoo-210888/addons/document_ics/document_ics_config_wizard.py
2026-02-03 10:14:29,247 - Knowledge - INFO - Worker kw20 processing /app/data/T0002/210888/b48252o/odoo-210888/addons/document_ics/__init__.py
2026-02-03 10:14:29,436 - Knowledge - INFO - Processing batch of 6 files
2026-02-03 10:14:29,437 - Knowledge - INFO - process ingested knowledge for /app/data/T0002/210888/b48252o/odoo-210888/addons/account/project/wizard/wizard_analytic_account_chart.py
2026-02-03 10:14:29,443 - Knowledge - INFO - Fast-tracked /app/data/T0002/210888/b48252o/odoo-210888/addons/document_ics/__init__.py (ext=.py, size=1107)
2026-02-03 10:14:29,568 - Knowledge - INFO - process ingested knowledge for /app/data/T0002/210888/b48252o/odoo-210888/addons/account/wizard/wizard_general_ledger_report.py
2026-02-03 10:14:29,576 - Knowledge - INFO - process ingested knowledge for /app/data/T0002/210888/b48252o/odoo-210888/addons/account/report/rml_parse.py
2026-02-03 10:14:29,648 - Knowledge - INFO - [WEBSOCKET] Sent: Type=progress_update, Size: 293, Duration: 0ms
2026-02-03 10:14:29,674 - Knowledge - INFO - process ingested knowledge for /app/data/T0002/210888/b48252o/odoo-210888/addons/account/product.py
2026-02-03 10:14:29,736 - Knowledge - INFO - process ingested knowledge for /app/data/T0002/210888/b48252o/odoo-210888/addons/account/wizard/wizard_bank_reconcile.py
2026-02-03 10:14:30,043 - Knowledge - INFO - [WEBSOCKET] Sent: Type=unknown, Size: ?, Duration: 395ms
2026-02-03 10:14:31,139 - Knowledge - INFO - Progress: 70.1% | Files: 885/1263 | Rate: 0.94 files/sec | Queue: 319
2026-02-03 10:14:31,644 - Knowledge - INFO - process ingested knowledge for /app/data/T0002/210888/b48252o/odoo-210888/addons/account/report/general_journal.py
2026-02-03 10:14:31,655 - Knowledge - INFO - process ingested knowledge for /app/data/T0002/210888/b48252o/odoo-210888/addons/account/wizard/wizard_vat.py
2026-02-03 10:14:31,737 - Knowledge - INFO - process ingested knowledge for /app/data/T0002/210888/b48252o/odoo-210888/addons/account/project/wizard/wizard_account_analytic_analytic_check.py
2026-02-03 10:14:31,848 - Knowledge - INFO - process ingested knowledge for /app/data/T0002/210888/b48252o/odoo-210888/addons/account/invoice.py
2026-02-03 10:14:32,143 - Knowledge - INFO - Async storage completed for 6 embeddings
2026-02-03 10:14:33,969 - Knowledge - INFO - process ingested knowledge for /app/data/T0002/210888/b48252o/odoo-210888/addons/account/wizard/wizard_print_journal.py
2026-02-03 10:14:34,043 - Knowledge - INFO - [kw19] Queue=319, InProgress=0, PendingWorkers=20/20, Completed=887/1263 (70.2%)
2026-02-03 10:14:34,137 - Knowledge - INFO - Batch sizing: calculated=6, max_allowed=10, queue=319, active_workers=20/20
2026-02-03 10:14:34,344 - Knowledge - INFO - process ingested knowledge for /app/data/T0002/210888/b48252o/odoo-210888/addons/account/wizard/wizard_journal.py
2026-02-03 10:14:34,456 - Knowledge - INFO - [kw2] Queue=319, InProgress=0, PendingWorkers=20/20, Completed=888/1263 (70.3%)
2026-02-03 10:14:34,467 - Knowledge - INFO - process ingested knowledge for /app/data/T0002/210888/b48252o/odoo-210888/addons/account/account.py
2026-02-03 10:14:34,537 - Knowledge - INFO - process ingested knowledge for /app/data/T0002/210888/b48252o/odoo-210888/addons/account/report/tax_report.py
2026-02-03 10:14:34,641 - Knowledge - INFO - Batch sizing: calculated=6, max_allowed=10, queue=319, active_workers=20/20
2026-02-03 10:14:34,661 - Knowledge - INFO - process ingested knowledge for /app/data/T0002/210888/b48252o/odoo-210888/addons/account/wizard/wizard_account_duplicate.py
2026-02-03 10:14:34,743 - Knowledge - INFO - process ingested knowledge for /app/data/T0002/210888/b48252o/odoo-210888/addons/account/wizard/wizard_central_journal.py
2026-02-03 10:14:36,258 - Knowledge - INFO - [LLM_CALL] Completed: partner.py:chunk1, Duration: 76813ms, PromptTokens: 4520, CompletionTokens: 510, Cost: $0.00066
2026-02-03 10:14:36,444 - Knowledge - INFO - done ingest for /app/data/T0002/210888/b48252o/odoo-210888/addons/account/partner.py
2026-02-03 10:14:37,949 - Knowledge - INFO - Async storing batch of 8 embeddings
2026-02-03 10:14:38,579 - Knowledge - INFO - [LLM_CALL] Completed: wizard_third_party_ledger.py:chunk1, Duration: 86925ms, PromptTokens: 4260, CompletionTokens: 444, Cost: $0.00060
2026-02-03 10:14:38,659 - Knowledge - INFO - done ingest for /app/data/T0002/210888/b48252o/odoo-210888/addons/account/wizard/wizard_third_party_ledger.py
2026-02-03 10:14:38,737 - Knowledge - INFO - Worker kw19 processing /app/data/T0002/210888/b48252o/odoo-210888/addons/document_ics/document_data.xml
2026-02-03 10:14:38,841 - Knowledge - INFO - Fast-tracked /app/data/T0002/210888/b48252o/odoo-210888/addons/document_ics/document_data.xml (ext=.xml, size=699)
2026-02-03 10:14:39,045 - Knowledge - INFO - Worker kw19 processing /app/data/T0002/210888/b48252o/odoo-210888/addons/profile_association/profile_association.py
2026-02-03 10:14:39,056 - Knowledge - INFO - [LLM_CALL] Completed: account_analytic_line.py:chunk1, Duration: 34384ms, PromptTokens: 3682, CompletionTokens: 535, Cost: $0.00058
2026-02-03 10:14:39,280 - Knowledge - INFO - done ingest for /app/data/T0002/210888/b48252o/odoo-210888/addons/account/account_analytic_line.py
2026-02-03 10:14:39,336 - Knowledge - INFO - Worker kw19 processing /app/data/T0002/210888/b48252o/odoo-210888/addons/profile_association/profile_association.xml
2026-02-03 10:14:39,439 - Knowledge - INFO - process ingested knowledge for /app/data/T0002/210888/b48252o/odoo-210888/addons/account/project/wizard/wizard_account_analytic_cost_ledger_for_journal_report.py
2026-02-03 10:14:39,457 - Knowledge - INFO - process ingested knowledge for /app/data/T0002/210888/b48252o/odoo-210888/addons/account/account_wizard.xml
2026-02-03 10:14:39,541 - Knowledge - INFO - Fast-tracked /app/data/T0002/210888/b48252o/odoo-210888/addons/profile_association/profile_association.xml (ext=.xml, size=2381)
2026-02-03 10:14:39,542 - Knowledge - INFO - Worker kw19 processing /app/data/T0002/210888/b48252o/odoo-210888/addons/profile_association/__terp__.py
2026-02-03 10:14:39,684 - Knowledge - INFO - Async storing batch of 6 embeddings
2026-02-03 10:14:39,842 - Knowledge - INFO - process ingested knowledge for /app/data/T0002/210888/b48252o/odoo-210888/addons/account/wizard/wizard_unreconcile.py
2026-02-03 10:14:39,842 - Knowledge - INFO - Fast-tracked /app/data/T0002/210888/b48252o/odoo-210888/addons/profile_association/__terp__.py (ext=.py, size=1450)
2026-02-03 10:14:39,858 - Knowledge - INFO - Worker kw2 processing /app/data/T0002/210888/b48252o/odoo-210888/addons/hr_timesheet_invoice/hr_timesheet_invoice.py
2026-02-03 10:14:39,968 - Knowledge - INFO - process ingested knowledge for /app/data/T0002/210888/b48252o/odoo-210888/addons/account/wizard/wizard_reconcile_select.py
2026-02-03 10:14:40,154 - Knowledge - INFO - Worker kw19 processing /app/data/T0002/210888/b48252o/odoo-210888/addons/profile_association/__init__.py
2026-02-03 10:14:40,337 - Knowledge - INFO - Worker kw2 processing /app/data/T0002/210888/b48252o/odoo-210888/addons/hr_timesheet_invoice/report/cost_ledger.py
2026-02-03 10:14:40,561 - Knowledge - INFO - Fast-tracked /app/data/T0002/210888/b48252o/odoo-210888/addons/profile_association/__init__.py (ext=.py, size=1084)
2026-02-03 10:14:40,561 - Knowledge - INFO - Worker kw19 processing /app/data/T0002/210888/b48252o/odoo-210888/addons/hr_timesheet_invoice/hr_timesheet_invoice_demo.xml
2026-02-03 10:14:40,679 - Knowledge - INFO - Worker kw2 processing /app/data/T0002/210888/b48252o/odoo-210888/addons/hr_timesheet_invoice/report/account_analytic_profit.py
2026-02-03 10:14:40,747 - Knowledge - INFO - Worker kw2 processing /app/data/T0002/210888/b48252o/odoo-210888/addons/hr_timesheet_invoice/report/__init__.py
2026-02-03 10:14:40,755 - Knowledge - INFO - Fast-tracked /app/data/T0002/210888/b48252o/odoo-210888/addons/hr_timesheet_invoice/hr_timesheet_invoice_demo.xml (ext=.xml, size=1430)
2026-02-03 10:14:40,969 - Knowledge - INFO - Fast-tracked /app/data/T0002/210888/b48252o/odoo-210888/addons/hr_timesheet_invoice/report/__init__.py (ext=.py, size=1109)
2026-02-03 10:14:41,144 - Knowledge - INFO - Worker kw2 processing /app/data/T0002/210888/b48252o/odoo-210888/addons/hr_timesheet_invoice/hr_timesheet_invoice_wizard.xml
2026-02-03 10:14:41,468 - Knowledge - INFO - Fast-tracked /app/data/T0002/210888/b48252o/odoo-210888/addons/hr_timesheet_invoice/hr_timesheet_invoice_wizard.xml (ext=.xml, size=394)
2026-02-03 10:14:41,549 - Knowledge - INFO - Worker kw2 processing /app/data/T0002/210888/b48252o/odoo-210888/addons/hr_timesheet_invoice/hr_timesheet_invoice_view.xml
2026-02-03 10:14:41,647 - Knowledge - INFO - Fast-tracked /app/data/T0002/210888/b48252o/odoo-210888/addons/hr_timesheet_invoice/hr_timesheet_invoice_view.xml (ext=.xml, size=10738)
2026-02-03 10:14:41,673 - Knowledge - INFO - process ingested knowledge for /app/data/T0002/210888/b48252o/odoo-210888/addons/account/project/wizard/wizard_account_analytic_journal_report.py
2026-02-03 10:14:41,743 - Knowledge - INFO - process ingested knowledge for /app/data/T0002/210888/b48252o/odoo-210888/addons/account/account_invoice_workflow.xml
2026-02-03 10:14:42,040 - Knowledge - INFO - Async storage completed for 8 embeddings
2026-02-03 10:14:44,372 - Knowledge - INFO - process ingested knowledge for /app/data/T0002/210888/b48252o/odoo-210888/addons/account/wizard/wizard_automatic_reconcile.py
2026-02-03 10:14:44,552 - Knowledge - INFO - process ingested knowledge for /app/data/T0002/210888/b48252o/odoo-210888/addons/account/project/wizard/wizard_account_analytic_cost_ledger_report.py
2026-02-03 10:14:44,562 - Knowledge - INFO - process ingested knowledge for /app/data/T0002/210888/b48252o/odoo-210888/addons/account/sequence_view.xml
2026-02-03 10:14:44,570 - Knowledge - INFO - [LLM_CALL] Completed: report_crm.py:chunk1, Duration: 29833ms, PromptTokens: 5228, CompletionTokens: 387, Cost: $0.00068
2026-02-03 10:14:44,570 - Knowledge - INFO - done ingest for /app/data/T0002/210888/b48252o/odoo-210888/addons/report_crm/report_crm.py
2026-02-03 10:14:44,877 - Knowledge - INFO - Async storage completed for 6 embeddings
2026-02-03 10:14:45,843 - Knowledge - INFO - [LLM_CALL] Completed: wizard_validate_account_move.py:chunk1, Duration: 93500ms, PromptTokens: 2536, CompletionTokens: 342, Cost: $0.00039
2026-02-03 10:14:45,843 - Knowledge - INFO - done ingest for /app/data/T0002/210888/b48252o/odoo-210888/addons/account/wizard/wizard_validate_account_move.py
2026-02-03 10:14:46,546 - Knowledge - INFO - [LLM_CALL] Completed: account_move_line.py:chunk1, Duration: 88595ms, PromptTokens: 23640, CompletionTokens: 999, Cost: $0.00276
2026-02-03 10:14:46,659 - Knowledge - INFO - done ingest for /app/data/T0002/210888/b48252o/odoo-210888/addons/account/account_move_line.py
2026-02-03 10:14:46,978 - Knowledge - INFO - [LLM_CALL] Completed: project.py:chunk1, Duration: 46233ms, PromptTokens: 7596, CompletionTokens: 727, Cost: $0.00105
2026-02-03 10:14:46,978 - Knowledge - INFO - done ingest for /app/data/T0002/210888/b48252o/odoo-210888/addons/account/project/project.py
2026-02-03 10:14:47,842 - Knowledge - INFO - process ingested knowledge for /app/data/T0002/210888/b48252o/odoo-210888/addons/account/project/wizard/__init__.py
2026-02-03 10:14:51,051 - Knowledge - INFO - [LLM_CALL] Completed: wizard_fiscalyear_close.py:chunk1, Duration: 94694ms, PromptTokens: 7024, CompletionTokens: 529, Cost: $0.00091
2026-02-03 10:14:51,052 - Knowledge - INFO - done ingest for /app/data/T0002/210888/b48252o/odoo-210888/addons/account/wizard/wizard_fiscalyear_close.py
2026-02-03 10:14:52,643 - Knowledge - INFO - Processing batch of 6 files
2026-02-03 10:14:52,644 - Knowledge - INFO - process ingested knowledge for /app/data/T0002/210888/b48252o/odoo-210888/addons/account/wizard/wizard_journal_select.py
2026-02-03 10:14:56,957 - Knowledge - INFO - Processing batch of 6 files
2026-02-03 10:14:57,058 - Knowledge - INFO - process ingested knowledge for /app/data/T0002/210888/b48252o/odoo-210888/addons/report_crm/__init__.py
2026-02-03 10:14:57,940 - Knowledge - INFO - [LLM_CALL] Completed: wizard_statement_from_invoice.py:chunk1, Duration: 102567ms, PromptTokens: 4242, CompletionTokens: 322, Cost: $0.00055
2026-02-03 10:14:57,966 - Knowledge - INFO - done ingest for /app/data/T0002/210888/b48252o/odoo-210888/addons/account/wizard/wizard_statement_from_invoice.py
2026-02-03 10:14:59,473 - Knowledge - INFO - [LLM_CALL] Completed: profile_association.py:chunk1, Duration: 17908ms, PromptTokens: 2242, CompletionTokens: 293, Cost: $0.00034
2026-02-03 10:14:59,552 - Knowledge - INFO - done ingest for /app/data/T0002/210888/b48252o/odoo-210888/addons/profile_association/profile_association.py
2026-02-03 10:14:59,744 - Knowledge - INFO - process ingested knowledge for /app/data/T0002/210888/b48252o/odoo-210888/addons/account/wizard/wizard_state_open.py
2026-02-03 10:15:00,288 - Knowledge - INFO - Processing batch of 6 files
2026-02-03 10:15:00,359 - Knowledge - INFO - process ingested knowledge for /app/data/T0002/210888/b48252o/odoo-210888/addons/account/report/central_journal.py
2026-02-03 10:15:04,437 - Knowledge - INFO - process ingested knowledge for /app/data/T0002/210888/b48252o/odoo-210888/addons/stock_no_autopicking/stock_no_autopicking.py
2026-02-03 10:15:06,569 - Knowledge - INFO - [LLM_CALL] Completed: wizard_refund.py:chunk1, Duration: 112432ms, PromptTokens: 5236, CompletionTokens: 460, Cost: $0.00071
2026-02-03 10:15:06,579 - Knowledge - INFO - done ingest for /app/data/T0002/210888/b48252o/odoo-210888/addons/account/wizard/wizard_refund.py
2026-02-03 10:15:07,947 - Knowledge - INFO - process ingested knowledge for /app/data/T0002/210888/b48252o/odoo-210888/addons/account/wizard/wizard_account_chart.py
2026-02-03 10:15:08,051 - Knowledge - INFO - [LLM_CALL] Completed: document.py:chunk1, Duration: 38015ms, PromptTokens: 4466, CompletionTokens: 517, Cost: $0.00065
2026-02-03 10:15:08,052 - Knowledge - INFO - done ingest for /app/data/T0002/210888/b48252o/odoo-210888/addons/document_ics/document.py
2026-02-03 10:15:08,072 - Knowledge - INFO - process ingested knowledge for /app/data/T0002/210888/b48252o/odoo-210888/addons/account/report/account_tax_code.py
2026-02-03 10:15:09,957 - Knowledge - INFO - [LLM_CALL] Completed: wizard_reconcile.py:chunk1, Duration: 116619ms, PromptTokens: 3936, CompletionTokens: 521, Cost: $0.00060
2026-02-03 10:15:09,963 - Knowledge - INFO - done ingest for /app/data/T0002/210888/b48252o/odoo-210888/addons/account/wizard/wizard_reconcile.py
2026-02-03 10:15:10,448 - Knowledge - INFO - process ingested knowledge for /app/data/T0002/210888/b48252o/odoo-210888/addons/stock_no_autopicking/stock_no_autopicking_view.xml
2026-02-03 10:15:13,348 - Knowledge - INFO - process ingested knowledge for /app/data/T0002/210888/b48252o/odoo-210888/addons/account/wizard/wizard_pay_invoice.py
2026-02-03 10:15:13,475 - Knowledge - INFO - [LLM_CALL] Completed: account_bank_statement.py:chunk1, Duration: 115307ms, PromptTokens: 13176, CompletionTokens: 1261, Cost: $0.00182
2026-02-03 10:15:13,536 - Knowledge - INFO - done ingest for /app/data/T0002/210888/b48252o/odoo-210888/addons/account/account_bank_statement.py
2026-02-03 10:15:14,353 - Knowledge - INFO - process ingested knowledge for /app/data/T0002/210888/b48252o/odoo-210888/addons/account/report/account_journal.py
2026-02-03 10:15:14,439 - Knowledge - INFO - [WEBSOCKET] Sent: Type=progress_update, Size: 293, Duration: 0ms
2026-02-03 10:15:14,446 - Knowledge - INFO - [WEBSOCKET] Sent: Type=unknown, Size: ?, Duration: 7ms
2026-02-03 10:15:14,447 - Knowledge - INFO - Progress: 72.4% | Files: 915/1263 | Rate: 0.94 files/sec | Queue: 307
2026-02-03 10:15:14,637 - Knowledge - INFO - process ingested knowledge for /app/data/T0002/210888/b48252o/odoo-210888/addons/stock_no_autopicking/__terp__.py
2026-02-03 10:15:14,851 - Knowledge - INFO - Processing batch of 6 files
2026-02-03 10:15:14,852 - Knowledge - INFO - process ingested knowledge for /app/data/T0002/210888/b48252o/odoo-210888/addons/account/process/supplier_invoice_process.xml
2026-02-03 10:15:15,573 - Knowledge - INFO - [LLM_CALL] Completed: document_ics_config_wizard.py:chunk1, Duration: 44324ms, PromptTokens: 3564, CompletionTokens: 405, Cost: $0.00052
2026-02-03 10:15:15,574 - Knowledge - INFO - done ingest for /app/data/T0002/210888/b48252o/odoo-210888/addons/document_ics/document_ics_config_wizard.py
2026-02-03 10:15:16,248 - Knowledge - INFO - [LLM_CALL] Completed: cost_ledger.py:chunk1, Duration: 32989ms, PromptTokens: 3640, CompletionTokens: 572, Cost: $0.00059
2026-02-03 10:15:16,251 - Knowledge - INFO - done ingest for /app/data/T0002/210888/b48252o/odoo-210888/addons/account/project/report/cost_ledger.py
2026-02-03 10:15:17,143 - Knowledge - INFO - process ingested knowledge for /app/data/T0002/210888/b48252o/odoo-210888/addons/account/wizard/wizard_unreconcile_select.py
2026-02-03 10:15:17,754 - Knowledge - INFO - [kw9] Queue=307, InProgress=0, PendingWorkers=20/20, Completed=919/1263 (72.8%)
2026-02-03 10:15:17,756 - Knowledge - INFO - process ingested knowledge for /app/data/T0002/210888/b48252o/odoo-210888/addons/stock_no_autopicking/__init__.py
2026-02-03 10:15:17,764 - Knowledge - INFO - process ingested knowledge for /app/data/T0002/210888/b48252o/odoo-210888/addons/account/process/customer_invoice_process.xml
2026-02-03 10:15:17,766 - Knowledge - INFO - Batch sizing: calculated=6, max_allowed=10, queue=307, active_workers=20/20
2026-02-03 10:15:18,549 - Knowledge - INFO - [LLM_CALL] Completed: analytic_journal.py:chunk1, Duration: 100997ms, PromptTokens: 2350, CompletionTokens: 497, Cost: $0.00043
2026-02-03 10:15:18,549 - Knowledge - INFO - done ingest for /app/data/T0002/210888/b48252o/odoo-210888/addons/account/project/report/analytic_journal.py
2026-02-03 10:15:18,644 - Knowledge - INFO - Processing batch of 6 files
2026-02-03 10:15:18,661 - Knowledge - INFO - process ingested knowledge for /app/data/T0002/210888/b48252o/odoo-210888/addons/account/project/report/__init__.py
2026-02-03 10:15:19,067 - Knowledge - INFO - process ingested knowledge for /app/data/T0002/210888/b48252o/odoo-210888/addons/account/wizard/wizard_partner_balance_report.py
2026-02-03 10:15:19,083 - Knowledge - INFO - [kw5] Queue=307, InProgress=0, PendingWorkers=20/20, Completed=922/1263 (73.0%)
2026-02-03 10:15:19,142 - Knowledge - INFO - Batch sizing: calculated=6, max_allowed=10, queue=307, active_workers=20/20
2026-02-03 10:15:19,761 - Knowledge - INFO - Processing batch of 6 files
2026-02-03 10:15:19,761 - Knowledge - INFO - process ingested knowledge for /app/data/T0002/210888/b48252o/odoo-210888/addons/account/project/wizard/wizard_account_analytic_line.py
2026-02-03 10:15:20,347 - Knowledge - INFO - process ingested knowledge for /app/data/T0002/210888/b48252o/odoo-210888/addons/document_ics/document_view.xml
2026-02-03 10:15:20,348 - Knowledge - INFO - process ingested knowledge for /app/data/T0002/210888/b48252o/odoo-210888/addons/account/account_menuitem.xml
2026-02-03 10:15:20,373 - Knowledge - INFO - Async storing batch of 6 embeddings
2026-02-03 10:15:20,538 - Knowledge - INFO - Worker kw9 processing /app/data/T0002/210888/b48252o/odoo-210888/addons/hr_timesheet_invoice/__terp__.py
2026-02-03 10:15:20,641 - Knowledge - INFO - Fast-tracked /app/data/T0002/210888/b48252o/odoo-210888/addons/hr_timesheet_invoice/__terp__.py (ext=.py, size=1820)
2026-02-03 10:15:20,654 - Knowledge - INFO - Worker kw9 processing /app/data/T0002/210888/b48252o/odoo-210888/addons/hr_timesheet_invoice/wizard/hr_timesheet_final_invoice_create.py
2026-02-03 10:15:20,845 - Knowledge - INFO - Worker kw9 processing /app/data/T0002/210888/b48252o/odoo-210888/addons/hr_timesheet_invoice/wizard/wizard_account_analytic_cost_ledger_report.py
2026-02-03 10:15:20,954 - Knowledge - INFO - Fast-tracked /app/data/T0002/210888/b48252o/odoo-210888/addons/hr_timesheet_invoice/wizard/wizard_account_analytic_cost_ledger_report.py (ext=.py, size=1993)
2026-02-03 10:15:20,962 - Knowledge - INFO - Worker kw9 processing /app/data/T0002/210888/b48252o/odoo-210888/addons/hr_timesheet_invoice/wizard/account_analytic_profit.py
2026-02-03 10:15:20,975 - Knowledge - INFO - Worker kw9 processing /app/data/T0002/210888/b48252o/odoo-210888/addons/hr_timesheet_invoice/wizard/__init__.py
2026-02-03 10:15:21,071 - Knowledge - INFO - Fast-tracked /app/data/T0002/210888/b48252o/odoo-210888/addons/hr_timesheet_invoice/wizard/__init__.py (ext=.py, size=1216)
2026-02-03 10:15:21,137 - Knowledge - INFO - Worker kw9 processing /app/data/T0002/210888/b48252o/odoo-210888/addons/hr_timesheet_invoice/wizard/hr_timesheet_invoice_create.py
2026-02-03 10:15:21,271 - Knowledge - INFO - process ingested knowledge for /app/data/T0002/210888/b48252o/odoo-210888/addons/account/project/project_demo.xml
2026-02-03 10:15:21,367 - Knowledge - INFO - Async storing batch of 6 embeddings
2026-02-03 10:15:21,447 - Knowledge - INFO - process ingested knowledge for /app/data/T0002/210888/b48252o/odoo-210888/addons/account/project/__init__.py
2026-02-03 10:15:21,683 - Knowledge - INFO - Worker kw5 processing /app/data/T0002/210888/b48252o/odoo-210888/addons/hr_timesheet_invoice/__init__.py
2026-02-03 10:15:21,775 - Knowledge - INFO - Fast-tracked /app/data/T0002/210888/b48252o/odoo-210888/addons/hr_timesheet_invoice/__init__.py (ext=.py, size=1115)
2026-02-03 10:15:21,775 - Knowledge - INFO - Worker kw5 processing /app/data/T0002/210888/b48252o/odoo-210888/addons/hr_timesheet_invoice/hr_timesheet_invoice_report.xml
2026-02-03 10:15:21,862 - Knowledge - INFO - Fast-tracked /app/data/T0002/210888/b48252o/odoo-210888/addons/hr_timesheet_invoice/hr_timesheet_invoice_report.xml (ext=.xml, size=1320)
2026-02-03 10:15:21,943 - Knowledge - INFO - Worker kw5 processing /app/data/T0002/210888/b48252o/odoo-210888/addons/report_timesheet/report_timesheet_view.xml
2026-02-03 10:15:22,171 - Knowledge - INFO - Fast-tracked /app/data/T0002/210888/b48252o/odoo-210888/addons/report_timesheet/report_timesheet_view.xml (ext=.xml, size=16465)
2026-02-03 10:15:22,248 - Knowledge - INFO - Async storage completed for 6 embeddings
2026-02-03 10:15:22,273 - Knowledge - INFO - Worker kw5 processing /app/data/T0002/210888/b48252o/odoo-210888/addons/report_timesheet/report_timesheet.py
2026-02-03 10:15:22,558 - Knowledge - INFO - Worker kw5 processing /app/data/T0002/210888/b48252o/odoo-210888/addons/report_timesheet/__terp__.py
2026-02-03 10:15:22,566 - Knowledge - INFO - Fast-tracked /app/data/T0002/210888/b48252o/odoo-210888/addons/report_timesheet/__terp__.py (ext=.py, size=1630)
2026-02-03 10:15:22,567 - Knowledge - INFO - Worker kw5 processing /app/data/T0002/210888/b48252o/odoo-210888/addons/report_timesheet/__init__.py
2026-02-03 10:15:22,648 - Knowledge - INFO - Fast-tracked /app/data/T0002/210888/b48252o/odoo-210888/addons/report_timesheet/__init__.py (ext=.py, size=1083)
2026-02-03 10:15:23,069 - Knowledge - INFO - [LLM_CALL] Completed: account_analytic_profit.py:chunk1, Duration: 1319ms, PromptTokens: 3496, CompletionTokens: 476, Cost: $0.00054
2026-02-03 10:15:23,162 - Knowledge - INFO - done ingest for /app/data/T0002/210888/b48252o/odoo-210888/addons/hr_timesheet_invoice/report/account_analytic_profit.py
2026-02-03 10:15:23,278 - Knowledge - INFO - Async storage completed for 6 embeddings
2026-02-03 10:15:23,453 - Knowledge - INFO - process ingested knowledge for /app/data/T0002/210888/b48252o/odoo-210888/addons/report_crm/report_crm.py
2026-02-03 10:15:23,560 - Knowledge - INFO - process ingested knowledge for /app/data/T0002/210888/b48252o/odoo-210888/addons/account/project/project.py
2026-02-03 10:15:23,660 - Knowledge - INFO - [kw1] Queue=295, InProgress=0, PendingWorkers=20/20, Completed=932/1263 (73.8%)
2026-02-03 10:15:23,669 - Knowledge - INFO - Batch sizing: calculated=6, max_allowed=10, queue=295, active_workers=20/20
2026-02-03 10:15:25,075 - Knowledge - INFO - process ingested knowledge for /app/data/T0002/210888/b48252o/odoo-210888/addons/account/report/overdue.py
2026-02-03 10:15:25,137 - Knowledge - INFO - process ingested knowledge for /app/data/T0002/210888/b48252o/odoo-210888/addons/report_crm/report_crm_view.xml
2026-02-03 10:15:25,139 - Knowledge - INFO - process ingested knowledge for /app/data/T0002/210888/b48252o/odoo-210888/addons/account/__init__.py
2026-02-03 10:15:25,155 - Knowledge - INFO - process ingested knowledge for /app/data/T0002/210888/b48252o/odoo-210888/addons/account/project/project_report.xml
2026-02-03 10:15:25,265 - Knowledge - INFO - Async storing batch of 6 embeddings
2026-02-03 10:15:25,457 - Knowledge - INFO - Worker kw1 processing /app/data/T0002/210888/b48252o/odoo-210888/addons/sale_delivery_report/report/shipping.py
2026-02-03 10:15:25,468 - Knowledge - INFO - Processing batch of 6 files
2026-02-03 10:15:25,562 - Knowledge - INFO - Worker kw1 processing /app/data/T0002/210888/b48252o/odoo-210888/addons/sale_delivery_report/report/__init__.py
2026-02-03 10:15:25,661 - Knowledge - INFO - process ingested knowledge for /app/data/T0002/210888/b48252o/odoo-210888/addons/document_ics/document_data.xml
2026-02-03 10:15:25,962 - Knowledge - INFO - Fast-tracked /app/data/T0002/210888/b48252o/odoo-210888/addons/sale_delivery_report/report/__init__.py (ext=.py, size=1074)
2026-02-03 10:15:26,048 - Knowledge - INFO - Worker kw1 processing /app/data/T0002/210888/b48252o/odoo-210888/addons/sale_delivery_report/delivery_report.xml
2026-02-03 10:15:26,068 - Knowledge - INFO - Fast-tracked /app/data/T0002/210888/b48252o/odoo-210888/addons/sale_delivery_report/delivery_report.xml (ext=.xml, size=299)
2026-02-03 10:15:26,070 - Knowledge - INFO - Worker kw1 processing /app/data/T0002/210888/b48252o/odoo-210888/addons/sale_delivery_report/__terp__.py
2026-02-03 10:15:26,142 - Knowledge - INFO - Fast-tracked /app/data/T0002/210888/b48252o/odoo-210888/addons/sale_delivery_report/__terp__.py (ext=.py, size=1478)
2026-02-03 10:15:26,242 - Knowledge - INFO - Worker kw1 processing /app/data/T0002/210888/b48252o/odoo-210888/addons/sale_delivery_report/__init__.py
2026-02-03 10:15:26,342 - Knowledge - INFO - Fast-tracked /app/data/T0002/210888/b48252o/odoo-210888/addons/sale_delivery_report/__init__.py (ext=.py, size=1072)
2026-02-03 10:15:26,352 - Knowledge - INFO - Worker kw1 processing /app/data/T0002/210888/b48252o/odoo-210888/addons/idea/security/idea_security.xml
2026-02-03 10:15:26,468 - Knowledge - INFO - Fast-tracked /app/data/T0002/210888/b48252o/odoo-210888/addons/idea/security/idea_security.xml (ext=.xml, size=335)
2026-02-03 10:15:27,148 - Knowledge - INFO - Async storage completed for 6 embeddings
2026-02-03 10:15:27,748 - Knowledge - INFO - [kw3] Queue=289, InProgress=0, PendingWorkers=20/20, Completed=935/1263 (74.0%)
2026-02-03 10:15:27,755 - Knowledge - INFO - Batch sizing: calculated=6, max_allowed=10, queue=289, active_workers=20/20
2026-02-03 10:15:30,076 - Knowledge - INFO - process ingested knowledge for /app/data/T0002/210888/b48252o/odoo-210888/addons/report_crm/__terp__.py
2026-02-03 10:15:30,148 - Knowledge - INFO - process ingested knowledge for /app/data/T0002/210888/b48252o/odoo-210888/addons/account/account_report.xml
2026-02-03 10:15:30,170 - Knowledge - INFO - [kw6] Queue=289, InProgress=0, PendingWorkers=20/20, Completed=936/1263 (74.1%)
2026-02-03 10:15:30,442 - Knowledge - INFO - Batch sizing: calculated=6, max_allowed=10, queue=289, active_workers=20/20
2026-02-03 10:15:31,482 - Knowledge - INFO - Processing batch of 6 files
2026-02-03 10:15:31,537 - Knowledge - INFO - process ingested knowledge for /app/data/T0002/210888/b48252o/odoo-210888/addons/account/wizard/wizard_period_close.py
2026-02-03 10:15:31,545 - Knowledge - INFO - process ingested knowledge for /app/data/T0002/210888/b48252o/odoo-210888/addons/profile_association/profile_association.py
2026-02-03 10:15:31,647 - Knowledge - INFO - process ingested knowledge for /app/data/T0002/210888/b48252o/odoo-210888/addons/account/report/account_balance.py
2026-02-03 10:15:31,652 - Knowledge - INFO - [LLM_CALL] Completed: analytic_check.py:chunk1, Duration: 111700ms, PromptTokens: 2872, CompletionTokens: 483, Cost: $0.00048
2026-02-03 10:15:31,660 - Knowledge - INFO - done ingest for /app/data/T0002/210888/b48252o/odoo-210888/addons/account/project/report/analytic_check.py
2026-02-03 10:15:31,774 - Knowledge - INFO - Processing batch of 6 files
2026-02-03 10:15:31,845 - Knowledge - INFO - process ingested knowledge for /app/data/T0002/210888/b48252o/odoo-210888/addons/account/wizard/wizard_third_party_ledger.py
2026-02-03 10:15:32,952 - Knowledge - INFO - [LLM_CALL] Completed: inverted_analytic_balance.py:chunk1, Duration: 114508ms, PromptTokens: 3548, CompletionTokens: 497, Cost: $0.00055
2026-02-03 10:15:32,961 - Knowledge - INFO - done ingest for /app/data/T0002/210888/b48252o/odoo-210888/addons/account/project/report/inverted_analytic_balance.py
2026-02-03 10:15:32,977 - Knowledge - INFO - process ingested knowledge for /app/data/T0002/210888/b48252o/odoo-210888/addons/account/project/wizard/wizard_account_analytic_balance_report.py
2026-02-03 10:15:33,848 - Knowledge - INFO - process ingested knowledge for /app/data/T0002/210888/b48252o/odoo-210888/addons/account/account_analytic_line.py
2026-02-03 10:15:33,959 - Knowledge - INFO - Async storing batch of 6 embeddings
2026-02-03 10:15:33,960 - Knowledge - INFO - Worker kw3 processing /app/data/T0002/210888/b48252o/odoo-210888/addons/profile_auction/__init__.py
2026-02-03 10:15:33,962 - Knowledge - INFO - process ingested knowledge for /app/data/T0002/210888/b48252o/odoo-210888/addons/profile_association/profile_association.xml
2026-02-03 10:15:33,975 - Knowledge - INFO - Async storing batch of 6 embeddings
2026-02-03 10:15:34,037 - Knowledge - INFO - [kw15] Queue=277, InProgress=0, PendingWorkers=20/20, Completed=940/1263 (74.4%)
2026-02-03 10:15:34,038 - Knowledge - INFO - process ingested knowledge for /app/data/T0002/210888/b48252o/odoo-210888/addons/account/wizard/wizard_validate_account_move.py
2026-02-03 10:15:34,058 - Knowledge - INFO - Fast-tracked /app/data/T0002/210888/b48252o/odoo-210888/addons/profile_auction/__init__.py (ext=.py, size=1058)
2026-02-03 10:15:34,136 - Knowledge - INFO - Batch sizing: calculated=6, max_allowed=10, queue=277, active_workers=20/20
2026-02-03 10:15:34,248 - Knowledge - INFO - Processing batch of 6 files
2026-02-03 10:15:34,341 - Knowledge - INFO - Worker kw3 processing /app/data/T0002/210888/b48252o/odoo-210888/addons/audittrail/security/audittrail_security.xml
2026-02-03 10:15:34,376 - Knowledge - INFO - Worker kw6 processing /app/data/T0002/210888/b48252o/odoo-210888/addons/idea/idea_workflow.xml
2026-02-03 10:15:34,544 - Knowledge - INFO - process ingested knowledge for /app/data/T0002/210888/b48252o/odoo-210888/addons/account/partner_view.xml
2026-02-03 10:15:34,836 - Knowledge - INFO - Fast-tracked /app/data/T0002/210888/b48252o/odoo-210888/addons/audittrail/security/audittrail_security.xml (ext=.xml, size=245)
2026-02-03 10:15:34,875 - Knowledge - INFO - Fast-tracked /app/data/T0002/210888/b48252o/odoo-210888/addons/idea/idea_workflow.xml (ext=.xml, size=2677)
2026-02-03 10:15:34,968 - Knowledge - INFO - Worker kw3 processing /app/data/T0002/210888/b48252o/odoo-210888/addons/audittrail/audittrail_view.xml
2026-02-03 10:15:35,137 - Knowledge - INFO - Worker kw6 processing /app/data/T0002/210888/b48252o/odoo-210888/addons/idea/idea_view.xml
2026-02-03 10:15:35,145 - Knowledge - INFO - process ingested knowledge for /app/data/T0002/210888/b48252o/odoo-210888/addons/account/wizard/wizard_fiscalyear_close_state.py
2026-02-03 10:15:35,169 - Knowledge - INFO - Fast-tracked /app/data/T0002/210888/b48252o/odoo-210888/addons/audittrail/audittrail_view.xml (ext=.xml, size=5141)
2026-02-03 10:15:35,170 - Knowledge - INFO - process ingested knowledge for /app/data/T0002/210888/b48252o/odoo-210888/addons/account/process/statement_process.xml
2026-02-03 10:15:35,452 - Knowledge - INFO - Fast-tracked /app/data/T0002/210888/b48252o/odoo-210888/addons/idea/idea_view.xml (ext=.xml, size=12160)
2026-02-03 10:15:35,550 - Knowledge - INFO - Worker kw3 processing /app/data/T0002/210888/b48252o/odoo-210888/addons/audittrail/audittrail.py
2026-02-03 10:15:35,637 - Knowledge - INFO - Worker kw6 processing /app/data/T0002/210888/b48252o/odoo-210888/addons/idea/idea.py
2026-02-03 10:15:35,673 - Knowledge - INFO - Worker kw3 processing /app/data/T0002/210888/b48252o/odoo-210888/addons/audittrail/audittrail_demo.xml
2026-02-03 10:15:35,744 - Knowledge - INFO - Worker kw6 processing /app/data/T0002/210888/b48252o/odoo-210888/addons/idea/__terp__.py
2026-02-03 10:15:35,954 - Knowledge - INFO - Fast-tracked /app/data/T0002/210888/b48252o/odoo-210888/addons/audittrail/audittrail_demo.xml (ext=.xml, size=302)
2026-02-03 10:15:35,960 - Knowledge - INFO - Fast-tracked /app/data/T0002/210888/b48252o/odoo-210888/addons/idea/__terp__.py (ext=.py, size=1934)
2026-02-03 10:15:35,967 - Knowledge - INFO - Worker kw3 processing /app/data/T0002/210888/b48252o/odoo-210888/addons/audittrail/__terp__.py
2026-02-03 10:15:36,052 - Knowledge - INFO - Worker kw6 processing /app/data/T0002/210888/b48252o/odoo-210888/addons/idea/__init__.py
2026-02-03 10:15:36,341 - Knowledge - INFO - Fast-tracked /app/data/T0002/210888/b48252o/odoo-210888/addons/audittrail/__terp__.py (ext=.py, size=1718)
2026-02-03 10:15:36,466 - Knowledge - INFO - Fast-tracked /app/data/T0002/210888/b48252o/odoo-210888/addons/idea/__init__.py (ext=.py, size=1070)
2026-02-03 10:15:36,469 - Knowledge - INFO - Worker kw6 processing /app/data/T0002/210888/b48252o/odoo-210888/addons/profile_auction/__terp__.py
2026-02-03 10:15:36,555 - Knowledge - INFO - process ingested knowledge for /app/data/T0002/210888/b48252o/odoo-210888/addons/profile_association/__terp__.py
2026-02-03 10:15:36,636 - Knowledge - INFO - Fast-tracked /app/data/T0002/210888/b48252o/odoo-210888/addons/profile_auction/__terp__.py (ext=.py, size=1424)
2026-02-03 10:15:36,663 - Knowledge - INFO - [WEBSOCKET] Sent: Type=progress_update, Size: 292, Duration: 0ms
2026-02-03 10:15:36,757 - Knowledge - INFO - process ingested knowledge for /app/data/T0002/210888/b48252o/odoo-210888/addons/account/wizard/wizard_reconcile.py
2026-02-03 10:15:36,763 - Knowledge - INFO - [WEBSOCKET] Sent: Type=unknown, Size: ?, Duration: 100ms
2026-02-03 10:15:36,773 - Knowledge - INFO - process ingested knowledge for /app/data/T0002/210888/b48252o/odoo-210888/addons/account/report/third_party_ledger.py
2026-02-03 10:15:36,862 - Knowledge - INFO - Progress: 74.7% | Files: 944/1263 | Rate: 0.94 files/sec | Queue: 271
2026-02-03 10:15:36,940 - Knowledge - INFO - process ingested knowledge for /app/data/T0002/210888/b48252o/odoo-210888/addons/account/project/wizard/wizard_account_analytic_inverted_balance_report.py
2026-02-03 10:15:36,952 - Knowledge - INFO - process ingested knowledge for /app/data/T0002/210888/b48252o/odoo-210888/addons/profile_association/__init__.py
2026-02-03 10:15:36,953 - Knowledge - INFO - Async storing batch of 6 embeddings
2026-02-03 10:15:36,968 - Knowledge - INFO - process ingested knowledge for /app/data/T0002/210888/b48252o/odoo-210888/addons/account/wizard/wizard_fiscalyear_close.py
2026-02-03 10:15:37,063 - Knowledge - INFO - Async storage completed for 6 embeddings
2026-02-03 10:15:37,272 - Knowledge - INFO - Async storage completed for 6 embeddings
2026-02-03 10:15:37,468 - Knowledge - INFO - Processing batch of 6 files
2026-02-03 10:15:37,647 - Knowledge - INFO - Worker kw15 processing /app/data/T0002/210888/b48252o/odoo-210888/addons/audittrail/wizard/wizard_view_log.py
2026-02-03 10:15:37,671 - Knowledge - INFO - [LLM_CALL] Completed: analytic_balance.py:chunk1, Duration: 118734ms, PromptTokens: 4112, CompletionTokens: 634, Cost: $0.00066
2026-02-03 10:15:38,136 - Knowledge - INFO - process ingested knowledge for /app/data/T0002/210888/b48252o/odoo-210888/addons/document_ics/document_demo.xml
2026-02-03 10:15:38,167 - Knowledge - INFO - done ingest for /app/data/T0002/210888/b48252o/odoo-210888/addons/account/project/report/analytic_balance.py
2026-02-03 10:15:38,172 - Knowledge - INFO - Worker kw15 processing /app/data/T0002/210888/b48252o/odoo-210888/addons/audittrail/wizard/__init__.py
2026-02-03 10:15:38,236 - Knowledge - INFO - [LLM_CALL] Completed: shipping.py:chunk1, Duration: 11500ms, PromptTokens: 2488, CompletionTokens: 253, Cost: $0.00035
2026-02-03 10:15:38,381 - Knowledge - INFO - process ingested knowledge for /app/data/T0002/210888/b48252o/odoo-210888/addons/account/account_bank_statement.py
2026-02-03 10:15:38,455 - Knowledge - INFO - Fast-tracked /app/data/T0002/210888/b48252o/odoo-210888/addons/audittrail/wizard/__init__.py (ext=.py, size=1080)
2026-02-03 10:15:38,470 - Knowledge - INFO - done ingest for /app/data/T0002/210888/b48252o/odoo-210888/addons/sale_delivery_report/report/shipping.py
2026-02-03 10:15:38,545 - Knowledge - INFO - Worker kw15 processing /app/data/T0002/210888/b48252o/odoo-210888/addons/audittrail/__init__.py
2026-02-03 10:15:38,845 - Knowledge - INFO - Fast-tracked /app/data/T0002/210888/b48252o/odoo-210888/addons/audittrail/__init__.py (ext=.py, size=1089)
2026-02-03 10:15:38,956 - Knowledge - INFO - Worker kw15 processing /app/data/T0002/210888/b48252o/odoo-210888/addons/auction/barcode/common.py
2026-02-03 10:15:39,165 - Knowledge - INFO - Worker kw15 processing /app/data/T0002/210888/b48252o/odoo-210888/addons/auction/barcode/fourstate.py
2026-02-03 10:15:39,254 - Knowledge - INFO - Worker kw15 processing /app/data/T0002/210888/b48252o/odoo-210888/addons/auction/barcode/usps.py
2026-02-03 10:15:39,771 - Knowledge - INFO - [kw13] Queue=271, InProgress=0, PendingWorkers=20/20, Completed=944/1263 (74.7%)
2026-02-03 10:15:39,836 - Knowledge - INFO - Batch sizing: calculated=6, max_allowed=10, queue=271, active_workers=20/20
2026-02-03 10:15:39,860 - Knowledge - INFO - process ingested knowledge for /app/data/T0002/210888/b48252o/odoo-210888/addons/hr_timesheet_invoice/hr_timesheet_invoice_demo.xml
2026-02-03 10:15:39,867 - Knowledge - INFO - process ingested knowledge for /app/data/T0002/210888/b48252o/odoo-210888/addons/document_ics/document.py
2026-02-03 10:15:40,983 - Knowledge - INFO - process ingested knowledge for /app/data/T0002/210888/b48252o/odoo-210888/addons/account/partner.py
2026-02-03 10:15:41,974 - Knowledge - INFO - [LLM_CALL] Completed: report_timesheet.py:chunk1, Duration: 18797ms, PromptTokens: 5102, CompletionTokens: 439, Cost: $0.00069
2026-02-03 10:15:41,974 - Knowledge - INFO - done ingest for /app/data/T0002/210888/b48252o/odoo-210888/addons/report_timesheet/report_timesheet.py
2026-02-03 10:15:42,041 - Knowledge - INFO - Async storage completed for 6 embeddings
2026-02-03 10:15:43,246 - Knowledge - INFO - process ingested knowledge for /app/data/T0002/210888/b48252o/odoo-210888/addons/account/wizard/wizard_general_journal.py
2026-02-03 10:15:43,741 - Knowledge - INFO - [LLM_CALL] Completed: hr_timesheet_invoice.py:chunk1, Duration: 61598ms, PromptTokens: 3638, CompletionTokens: 667, Cost: $0.00063
2026-02-03 10:15:43,751 - Knowledge - INFO - done ingest for /app/data/T0002/210888/b48252o/odoo-210888/addons/hr_timesheet_invoice/hr_timesheet_invoice.py
2026-02-03 10:15:45,680 - Knowledge - INFO - Async storing batch of 6 embeddings
2026-02-03 10:15:45,939 - Knowledge - INFO - Worker kw13 processing /app/data/T0002/210888/b48252o/odoo-210888/addons/auction/barcode/code93.py
2026-02-03 10:15:46,138 - Knowledge - INFO - Worker kw13 processing /app/data/T0002/210888/b48252o/odoo-210888/addons/auction/barcode/code39.py
2026-02-03 10:15:46,247 - Knowledge - INFO - Worker kw13 processing /app/data/T0002/210888/b48252o/odoo-210888/addons/auction/barcode/code128.py
2026-02-03 10:15:46,436 - Knowledge - INFO - Worker kw13 processing /app/data/T0002/210888/b48252o/odoo-210888/addons/auction/barcode/test.py
2026-02-03 10:15:46,557 - Knowledge - INFO - Worker kw13 processing /app/data/T0002/210888/b48252o/odoo-210888/addons/auction/barcode/__init__.py
2026-02-03 10:15:46,737 - Knowledge - INFO - Fast-tracked /app/data/T0002/210888/b48252o/odoo-210888/addons/auction/barcode/__init__.py (ext=.py, size=1853)
2026-02-03 10:15:46,739 - Knowledge - INFO - Worker kw13 processing /app/data/T0002/210888/b48252o/odoo-210888/addons/auction/report/lots_deposit.xml
2026-02-03 10:15:46,766 - Knowledge - INFO - Fast-tracked /app/data/T0002/210888/b48252o/odoo-210888/addons/auction/report/lots_deposit.xml (ext=.xml, size=1337)
2026-02-03 10:15:47,350 - Knowledge - INFO - process ingested knowledge for /app/data/T0002/210888/b48252o/odoo-210888/addons/account/project/project_view.xml
2026-02-03 10:15:48,536 - Knowledge - INFO - Fast-tracked /app/data/T0002/210888/b48252o/odoo-210888/addons/auction/barcode/test.py (small file (2103 bytes))
2026-02-03 10:15:48,668 - Knowledge - INFO - Async storage completed for 6 embeddings
2026-02-03 10:15:49,259 - Knowledge - INFO - process ingested knowledge for /app/data/T0002/210888/b48252o/odoo-210888/addons/account/wizard/wizard_refund.py
2026-02-03 10:15:52,976 - Knowledge - INFO - process ingested knowledge for /app/data/T0002/210888/b48252o/odoo-210888/addons/document_ics/__terp__.py
2026-02-03 10:15:53,144 - Knowledge - INFO - process ingested knowledge for /app/data/T0002/210888/b48252o/odoo-210888/addons/account/project/analytic_account_demo.xml
2026-02-03 10:15:54,737 - Knowledge - INFO - process ingested knowledge for /app/data/T0002/210888/b48252o/odoo-210888/addons/account/account_move_line.py
2026-02-03 10:15:54,748 - Knowledge - INFO - process ingested knowledge for /app/data/T0002/210888/b48252o/odoo-210888/addons/account/wizard/wizard_statement_from_invoice.py
2026-02-03 10:15:56,953 - Knowledge - INFO - done ingest for /app/data/T0002/210888/b48252o/odoo-210888/addons/hr_timesheet_invoice/report/cost_ledger.py
2026-02-03 10:15:57,555 - Knowledge - INFO - process ingested knowledge for /app/data/T0002/210888/b48252o/odoo-210888/addons/document_ics/document_ics_config_wizard.xml
2026-02-03 10:15:57,657 - Knowledge - INFO - process ingested knowledge for /app/data/T0002/210888/b48252o/odoo-210888/addons/account/project/report/quantity_cost_ledger.py
2026-02-03 10:15:58,938 - Knowledge - INFO - process ingested knowledge for /app/data/T0002/210888/b48252o/odoo-210888/addons/account/wizard/__init__.py
2026-02-03 10:15:58,956 - Knowledge - INFO - [LLM_CALL] Completed: fourstate.py:chunk1, Duration: 18101ms, PromptTokens: 3566, CompletionTokens: 188, Cost: $0.00043
2026-02-03 10:15:59,155 - Knowledge - INFO - done ingest for /app/data/T0002/210888/b48252o/odoo-210888/addons/auction/barcode/fourstate.py
2026-02-03 10:16:01,074 - Knowledge - INFO - process ingested knowledge for /app/data/T0002/210888/b48252o/odoo-210888/addons/document_ics/document_ics_config_wizard.py
2026-02-03 10:16:02,060 - Knowledge - INFO - [LLM_CALL] Completed: idea.py:chunk1, Duration: 25004ms, PromptTokens: 4734, CompletionTokens: 593, Cost: $0.00071
2026-02-03 10:16:02,143 - Knowledge - INFO - done ingest for /app/data/T0002/210888/b48252o/odoo-210888/addons/idea/idea.py
2026-02-03 10:16:02,641 - Knowledge - INFO - [kw11] Queue=265, InProgress=0, PendingWorkers=20/20, Completed=955/1263 (75.6%)
2026-02-03 10:16:02,751 - Knowledge - INFO - Batch sizing: calculated=6, max_allowed=10, queue=265, active_workers=20/20
2026-02-03 10:16:02,871 - Knowledge - INFO - done ingest for /app/data/T0002/210888/b48252o/odoo-210888/addons/hr_timesheet_invoice/wizard/account_analytic_profit.py
2026-02-03 10:16:03,742 - Knowledge - INFO - process ingested knowledge for /app/data/T0002/210888/b48252o/odoo-210888/addons/account/demo/account_minimal.xml
2026-02-03 10:16:03,963 - Knowledge - INFO - process ingested knowledge for /app/data/T0002/210888/b48252o/odoo-210888/addons/document_ics/__init__.py
2026-02-03 10:16:04,062 - Knowledge - INFO - Async storing batch of 6 embeddings
2026-02-03 10:16:04,166 - Knowledge - INFO - Worker kw11 processing /app/data/T0002/210888/b48252o/odoo-210888/addons/auction/report/lots_list_inv.xml
2026-02-03 10:16:04,177 - Knowledge - INFO - Fast-tracked /app/data/T0002/210888/b48252o/odoo-210888/addons/auction/report/lots_list_inv.xml (ext=.xml, size=316)
2026-02-03 10:16:04,245 - Knowledge - INFO - Worker kw11 processing /app/data/T0002/210888/b48252o/odoo-210888/addons/auction/report/auction_catelog.py
2026-02-03 10:16:04,281 - Knowledge - INFO - Fast-tracked /app/data/T0002/210888/b48252o/odoo-210888/addons/auction/report/auction_catelog.py (ext=.py, size=1495)
2026-02-03 10:16:04,292 - Knowledge - INFO - Worker kw11 processing /app/data/T0002/210888/b48252o/odoo-210888/addons/auction/report/auction_result.py
2026-02-03 10:16:04,436 - Knowledge - INFO - Fast-tracked /app/data/T0002/210888/b48252o/odoo-210888/addons/auction/report/auction_result.py (ext=.py, size=1489)
2026-02-03 10:16:04,437 - Knowledge - INFO - Worker kw11 processing /app/data/T0002/210888/b48252o/odoo-210888/addons/auction/report/catalog2.py
2026-02-03 10:16:04,540 - Knowledge - INFO - Worker kw11 processing /app/data/T0002/210888/b48252o/odoo-210888/addons/auction/report/lots_list.py
2026-02-03 10:16:04,575 - Knowledge - INFO - Fast-tracked /app/data/T0002/210888/b48252o/odoo-210888/addons/auction/report/lots_list.py (ext=.py, size=1634)
2026-02-03 10:16:04,636 - Knowledge - INFO - Worker kw11 processing /app/data/T0002/210888/b48252o/odoo-210888/addons/auction/report/seller_form_report.py
2026-02-03 10:16:05,865 - Knowledge - INFO - Async storage completed for 6 embeddings
2026-02-03 10:16:06,459 - Knowledge - INFO - [LLM_CALL] Completed: audittrail.py:chunk1, Duration: 29810ms, PromptTokens: 8358, CompletionTokens: 676, Cost: $0.00111
2026-02-03 10:16:06,467 - Knowledge - INFO - done ingest for /app/data/T0002/210888/b48252o/odoo-210888/addons/audittrail/audittrail.py
2026-02-03 10:16:06,942 - Knowledge - INFO - [kw8] Queue=259, InProgress=0, PendingWorkers=20/20, Completed=959/1263 (75.9%)
2026-02-03 10:16:06,950 - Knowledge - INFO - Batch sizing: calculated=6, max_allowed=10, queue=259, active_workers=20/20
2026-02-03 10:16:09,250 - Knowledge - INFO - [LLM_CALL] Completed: hr_timesheet_final_invoice_create.py:chunk1, Duration: 47907ms, PromptTokens: 4646, CompletionTokens: 437, Cost: $0.00064
2026-02-03 10:16:09,339 - Knowledge - INFO - done ingest for /app/data/T0002/210888/b48252o/odoo-210888/addons/hr_timesheet_invoice/wizard/hr_timesheet_final_invoice_create.py
2026-02-03 10:16:12,450 - Knowledge - INFO - Processing batch of 6 files
2026-02-03 10:16:12,450 - Knowledge - INFO - process ingested knowledge for /app/data/T0002/210888/b48252o/odoo-210888/addons/account/project/report/cost_ledger.py
2026-02-03 10:16:13,139 - Knowledge - INFO - [LLM_CALL] Completed: hr_timesheet_invoice_create.py:chunk1, Duration: 51183ms, PromptTokens: 5868, CompletionTokens: 485, Cost: $0.00078
2026-02-03 10:16:13,150 - Knowledge - INFO - done ingest for /app/data/T0002/210888/b48252o/odoo-210888/addons/hr_timesheet_invoice/wizard/hr_timesheet_invoice_create.py
2026-02-03 10:16:13,757 - Knowledge - INFO - [LLM_CALL] Completed: code93.py:chunk1, Duration: 26616ms, PromptTokens: 6612, CompletionTokens: 314, Cost: $0.00079
2026-02-03 10:16:13,774 - Knowledge - INFO - done ingest for /app/data/T0002/210888/b48252o/odoo-210888/addons/auction/barcode/code93.py
2026-02-03 10:16:14,446 - Knowledge - INFO - Processing batch of 6 files
2026-02-03 10:16:14,447 - Knowledge - INFO - process ingested knowledge for /app/data/T0002/210888/b48252o/odoo-210888/addons/sale_delivery_report/report/shipping.py
2026-02-03 10:16:14,542 - Knowledge - INFO - Async storing batch of 6 embeddings
2026-02-03 10:16:14,561 - Knowledge - INFO - Worker kw8 processing /app/data/T0002/210888/b48252o/odoo-210888/addons/auction/report/buyer_form_report.py
2026-02-03 10:16:14,644 - Knowledge - INFO - Worker kw8 processing /app/data/T0002/210888/b48252o/odoo-210888/addons/auction/report/ach_bordereau_photo.xml
2026-02-03 10:16:14,672 - Knowledge - INFO - Fast-tracked /app/data/T0002/210888/b48252o/odoo-210888/addons/auction/report/ach_bordereau_photo.xml (ext=.xml, size=1335)
2026-02-03 10:16:14,680 - Knowledge - INFO - Worker kw8 processing /app/data/T0002/210888/b48252o/odoo-210888/addons/auction/report/lots_list.xml
2026-02-03 10:16:14,772 - Knowledge - INFO - Fast-tracked /app/data/T0002/210888/b48252o/odoo-210888/addons/auction/report/lots_list.xml (ext=.xml, size=1140)
2026-02-03 10:16:14,844 - Knowledge - INFO - Worker kw8 processing /app/data/T0002/210888/b48252o/odoo-210888/addons/auction/report/artists_lots.py
2026-02-03 10:16:14,865 - Knowledge - INFO - Fast-tracked /app/data/T0002/210888/b48252o/odoo-210888/addons/auction/report/artists_lots.py (ext=.py, size=1952)
2026-02-03 10:16:14,865 - Knowledge - INFO - Worker kw8 processing /app/data/T0002/210888/b48252o/odoo-210888/addons/auction/report/bids_phones_details.py
2026-02-03 10:16:14,967 - Knowledge - INFO - Fast-tracked /app/data/T0002/210888/b48252o/odoo-210888/addons/auction/report/bids_phones_details.py (ext=.py, size=1513)
2026-02-03 10:16:14,968 - Knowledge - INFO - Worker kw8 processing /app/data/T0002/210888/b48252o/odoo-210888/addons/auction/report/bids_lots.py
2026-02-03 10:16:15,069 - Knowledge - INFO - Fast-tracked /app/data/T0002/210888/b48252o/odoo-210888/addons/auction/report/bids_lots.py (ext=.py, size=1463)
2026-02-03 10:16:15,247 - Knowledge - INFO - Fast-tracked /app/data/T0002/210888/b48252o/odoo-210888/addons/auction/report/buyer_form_report.py (small file (2795 bytes))
2026-02-03 10:16:15,253 - Knowledge - INFO - Async storage completed for 6 embeddings
2026-02-03 10:16:18,238 - Knowledge - INFO - process ingested knowledge for /app/data/T0002/210888/b48252o/odoo-210888/addons/account/project/report/analytic_journal.py
2026-02-03 10:16:18,538 - Knowledge - INFO - [LLM_CALL] Completed: usps.py:chunk1, Duration: 36777ms, PromptTokens: 4854, CompletionTokens: 427, Cost: $0.00066
2026-02-03 10:16:18,538 - Knowledge - INFO - done ingest for /app/data/T0002/210888/b48252o/odoo-210888/addons/auction/barcode/usps.py
2026-02-03 10:16:19,073 - Knowledge - INFO - process ingested knowledge for /app/data/T0002/210888/b48252o/odoo-210888/addons/sale_delivery_report/report/__init__.py
2026-02-03 10:16:19,653 - Knowledge - INFO - [LLM_CALL] Completed: catalog2.py:chunk1, Duration: 14696ms, PromptTokens: 3906, CompletionTokens: 394, Cost: $0.00055
2026-02-03 10:16:19,658 - Knowledge - INFO - done ingest for /app/data/T0002/210888/b48252o/odoo-210888/addons/auction/report/catalog2.py
2026-02-03 10:16:21,053 - Knowledge - INFO - [LLM_CALL] Completed: wizard_view_log.py:chunk1, Duration: 41607ms, PromptTokens: 2292, CompletionTokens: 292, Cost: $0.00035
2026-02-03 10:16:21,053 - Knowledge - INFO - done ingest for /app/data/T0002/210888/b48252o/odoo-210888/addons/audittrail/wizard/wizard_view_log.py
2026-02-03 10:16:21,669 - Knowledge - INFO - [WEBSOCKET] Sent: Type=progress_update, Size: 293, Duration: 0ms
2026-02-03 10:16:21,736 - Knowledge - INFO - [WEBSOCKET] Sent: Type=unknown, Size: ?, Duration: 68ms
2026-02-03 10:16:21,737 - Knowledge - INFO - Progress: 77.0% | Files: 973/1263 | Rate: 0.93 files/sec | Queue: 253
2026-02-03 10:16:21,844 - Knowledge - INFO - [LLM_CALL] Completed: code39.py:chunk1, Duration: 34208ms, PromptTokens: 7194, CompletionTokens: 404, Cost: $0.00088
2026-02-03 10:16:21,937 - Knowledge - INFO - done ingest for /app/data/T0002/210888/b48252o/odoo-210888/addons/auction/barcode/code39.py
2026-02-03 10:16:22,237 - Knowledge - INFO - Processing batch of 6 files
2026-02-03 10:16:22,238 - Knowledge - INFO - process ingested knowledge for /app/data/T0002/210888/b48252o/odoo-210888/addons/hr_timesheet_invoice/__init__.py
2026-02-03 10:16:23,672 - Knowledge - INFO - process ingested knowledge for /app/data/T0002/210888/b48252o/odoo-210888/addons/account/project/report/account_journal.py
2026-02-03 10:16:24,569 - Knowledge - INFO - process ingested knowledge for /app/data/T0002/210888/b48252o/odoo-210888/addons/sale_delivery_report/delivery_report.xml
2026-02-03 10:16:25,987 - Knowledge - INFO - [LLM_CALL] Completed: code128.py:chunk1, Duration: 38048ms, PromptTokens: 11438, CompletionTokens: 411, Cost: $0.00131
2026-02-03 10:16:26,061 - Knowledge - INFO - done ingest for /app/data/T0002/210888/b48252o/odoo-210888/addons/auction/barcode/code128.py
2026-02-03 10:16:26,063 - Knowledge - INFO - [kw16] Queue=253, InProgress=0, PendingWorkers=20/20, Completed=978/1263 (77.4%)
2026-02-03 10:16:26,088 - Knowledge - INFO - Batch sizing: calculated=6, max_allowed=10, queue=253, active_workers=20/20
2026-02-03 10:16:26,587 - Knowledge - INFO - process ingested knowledge for /app/data/T0002/210888/b48252o/odoo-210888/addons/hr_timesheet_invoice/hr_timesheet_invoice_report.xml
2026-02-03 10:16:26,637 - Knowledge - INFO - Processing batch of 6 files
2026-02-03 10:16:26,660 - Knowledge - INFO - process ingested knowledge for /app/data/T0002/210888/b48252o/odoo-210888/addons/hr_timesheet_invoice/hr_timesheet_invoice.py
2026-02-03 10:16:27,158 - Knowledge - INFO - process ingested knowledge for /app/data/T0002/210888/b48252o/odoo-210888/addons/account/project/report/inverted_analytic_balance.py
2026-02-03 10:16:27,277 - Knowledge - INFO - [LLM_CALL] Completed: seller_form_report.py:chunk1, Duration: 21626ms, PromptTokens: 2328, CompletionTokens: 378, Cost: $0.00038
2026-02-03 10:16:27,288 - Knowledge - INFO - done ingest for /app/data/T0002/210888/b48252o/odoo-210888/addons/auction/report/seller_form_report.py
2026-02-03 10:16:28,148 - Knowledge - INFO - process ingested knowledge for /app/data/T0002/210888/b48252o/odoo-210888/addons/sale_delivery_report/__terp__.py
2026-02-03 10:16:28,644 - Knowledge - INFO - Async storing batch of 6 embeddings
2026-02-03 10:16:28,651 - Knowledge - INFO - Worker kw16 processing /app/data/T0002/210888/b48252o/odoo-210888/addons/auction/report/catalog.xml
2026-02-03 10:16:28,659 - Knowledge - INFO - Fast-tracked /app/data/T0002/210888/b48252o/odoo-210888/addons/auction/report/catalog.xml (ext=.xml, size=663)
2026-02-03 10:16:28,659 - Knowledge - INFO - Worker kw16 processing /app/data/T0002/210888/b48252o/odoo-210888/addons/auction/report/content.xml
2026-02-03 10:16:28,743 - Knowledge - INFO - Fast-tracked /app/data/T0002/210888/b48252o/odoo-210888/addons/auction/report/content.xml (ext=.xml, size=8355)
2026-02-03 10:16:28,744 - Knowledge - INFO - Worker kw16 processing /app/data/T0002/210888/b48252o/odoo-210888/addons/auction/report/lots_with_vat.xml
2026-02-03 10:16:28,758 - Knowledge - INFO - Fast-tracked /app/data/T0002/210888/b48252o/odoo-210888/addons/auction/report/lots_with_vat.xml (ext=.xml, size=490)
2026-02-03 10:16:28,759 - Knowledge - INFO - [LLM_CALL] Completed: common.py:chunk1, Duration: 48886ms, PromptTokens: 13148, CompletionTokens: 686, Cost: $0.00159
2026-02-03 10:16:28,760 - Knowledge - INFO - Worker kw16 processing /app/data/T0002/210888/b48252o/odoo-210888/addons/auction/report/photo_shadow.py
2026-02-03 10:16:28,842 - Knowledge - INFO - done ingest for /app/data/T0002/210888/b48252o/odoo-210888/addons/auction/barcode/common.py
2026-02-03 10:16:28,855 - Knowledge - INFO - Worker kw16 processing /app/data/T0002/210888/b48252o/odoo-210888/addons/auction/report/lots_list_landscape.xml
2026-02-03 10:16:28,864 - Knowledge - INFO - Fast-tracked /app/data/T0002/210888/b48252o/odoo-210888/addons/auction/report/lots_list_landscape.xml (ext=.xml, size=1186)
2026-02-03 10:16:28,865 - Knowledge - INFO - Worker kw16 processing /app/data/T0002/210888/b48252o/odoo-210888/addons/auction/report/auction_invoice.py
2026-02-03 10:16:28,867 - Knowledge - INFO - Fast-tracked /app/data/T0002/210888/b48252o/odoo-210888/addons/auction/report/auction_invoice.py (ext=.py, size=1950)
2026-02-03 10:16:28,871 - Knowledge - INFO - Fast-tracked /app/data/T0002/210888/b48252o/odoo-210888/addons/auction/report/photo_shadow.py (small file (2242 bytes))
2026-02-03 10:16:28,871 - Knowledge - INFO - Async storage completed for 6 embeddings
2026-02-03 10:16:28,981 - Knowledge - INFO - process ingested knowledge for /app/data/T0002/210888/b48252o/odoo-210888/addons/report_timesheet/report_timesheet_view.xml
2026-02-03 10:16:29,162 - Knowledge - INFO - process ingested knowledge for /app/data/T0002/210888/b48252o/odoo-210888/addons/account/project/report/analytic_balance.py
2026-02-03 10:16:29,457 - Knowledge - INFO - process ingested knowledge for /app/data/T0002/210888/b48252o/odoo-210888/addons/sale_delivery_report/__init__.py
2026-02-03 10:16:29,859 - Knowledge - INFO - [kw17] Queue=247, InProgress=0, PendingWorkers=20/20, Completed=991/1263 (78.5%)
2026-02-03 10:16:29,859 - Knowledge - INFO - Batch sizing: calculated=6, max_allowed=10, queue=247, active_workers=20/20
2026-02-03 10:16:29,861 - Knowledge - INFO - process ingested knowledge for /app/data/T0002/210888/b48252o/odoo-210888/addons/report_timesheet/report_timesheet.py
2026-02-03 10:16:29,862 - Knowledge - INFO - [kw18] Queue=247, InProgress=0, PendingWorkers=20/20, Completed=992/1263 (78.5%)
2026-02-03 10:16:29,863 - Knowledge - INFO - Batch sizing: calculated=6, max_allowed=10, queue=247, active_workers=20/20
2026-02-03 10:16:29,938 - Knowledge - INFO - process ingested knowledge for /app/data/T0002/210888/b48252o/odoo-210888/addons/idea/security/idea_security.xml
2026-02-03 10:16:29,947 - Knowledge - INFO - process ingested knowledge for /app/data/T0002/210888/b48252o/odoo-210888/addons/hr_timesheet_invoice/report/cost_ledger.py
2026-02-03 10:16:29,950 - Knowledge - INFO - Async storing batch of 6 embeddings
2026-02-03 10:16:29,951 - Knowledge - INFO - [kw4] Queue=241, InProgress=0, PendingWorkers=20/20, Completed=997/1263 (78.9%)
2026-02-03 10:16:29,958 - Knowledge - INFO - Worker kw17 processing /app/data/T0002/210888/b48252o/odoo-210888/addons/auction/report/lots_list_landscape.py
2026-02-03 10:16:29,959 - Knowledge - INFO - Batch sizing: calculated=6, max_allowed=10, queue=241, active_workers=20/20
2026-02-03 10:16:29,959 - Knowledge - INFO - Fast-tracked /app/data/T0002/210888/b48252o/odoo-210888/addons/auction/report/lots_list_landscape.py (ext=.py, size=1515)
2026-02-03 10:16:29,960 - Knowledge - INFO - Worker kw17 processing /app/data/T0002/210888/b48252o/odoo-210888/addons/auction/report/auction_buyer_result.py
2026-02-03 10:16:29,962 - Knowledge - INFO - Fast-tracked /app/data/T0002/210888/b48252o/odoo-210888/addons/auction/report/auction_buyer_result.py (ext=.py, size=1519)
2026-02-03 10:16:29,963 - Knowledge - INFO - Worker kw17 processing /app/data/T0002/210888/b48252o/odoo-210888/addons/auction/report/results.xml
2026-02-03 10:16:29,966 - Knowledge - INFO - Fast-tracked /app/data/T0002/210888/b48252o/odoo-210888/addons/auction/report/results.xml (ext=.xml, size=522)
2026-02-03 10:16:29,966 - Knowledge - INFO - Worker kw17 processing /app/data/T0002/210888/b48252o/odoo-210888/addons/auction/report/buyer_list.xml
2026-02-03 10:16:29,968 - Knowledge - INFO - Fast-tracked /app/data/T0002/210888/b48252o/odoo-210888/addons/auction/report/buyer_list.xml (ext=.xml, size=885)
2026-02-03 10:16:29,968 - Knowledge - INFO - Processing batch of 6 files
2026-02-03 10:16:29,968 - Knowledge - INFO - Worker kw17 processing /app/data/T0002/210888/b48252o/odoo-210888/addons/auction/report/catelogwithpictures.py
2026-02-03 10:16:29,969 - Knowledge - INFO - process ingested knowledge for /app/data/T0002/210888/b48252o/odoo-210888/addons/profile_auction/__init__.py
2026-02-03 10:16:29,970 - Knowledge - INFO - Fast-tracked /app/data/T0002/210888/b48252o/odoo-210888/addons/auction/report/catelogwithpictures.py (ext=.py, size=1514)
2026-02-03 10:16:29,970 - Knowledge - INFO - Worker kw17 processing /app/data/T0002/210888/b48252o/odoo-210888/addons/auction/report/bids.xml
2026-02-03 10:16:29,972 - Knowledge - INFO - Fast-tracked /app/data/T0002/210888/b48252o/odoo-210888/addons/auction/report/bids.xml (ext=.xml, size=946)
2026-02-03 10:16:29,972 - Knowledge - INFO - Async storage completed for 6 embeddings
2026-02-03 10:16:30,351 - Knowledge - INFO - [kw19] Queue=235, InProgress=0, PendingWorkers=20/20, Completed=998/1263 (79.0%)
2026-02-03 10:16:30,351 - Knowledge - INFO - Async storing batch of 6 embeddings
2026-02-03 10:16:30,352 - Knowledge - INFO - Batch sizing: calculated=6, max_allowed=10, queue=235, active_workers=20/20
2026-02-03 10:16:30,354 - Knowledge - INFO - Worker kw18 processing /app/data/T0002/210888/b48252o/odoo-210888/addons/auction/report/seller_list.xml
2026-02-03 10:16:30,356 - Knowledge - INFO - Fast-tracked /app/data/T0002/210888/b48252o/odoo-210888/addons/auction/report/seller_list.xml (ext=.xml, size=949)
2026-02-03 10:16:30,357 - Knowledge - INFO - Worker kw18 processing /app/data/T0002/210888/b48252o/odoo-210888/addons/auction/report/lots_list_inventory.py
2026-02-03 10:16:30,358 - Knowledge - INFO - Fast-tracked /app/data/T0002/210888/b48252o/odoo-210888/addons/auction/report/lots_list_inventory.py (ext=.py, size=1684)
2026-02-03 10:16:30,358 - Knowledge - INFO - Worker kw18 processing /app/data/T0002/210888/b48252o/odoo-210888/addons/auction/report/artists.xml
2026-02-03 10:16:30,360 - Knowledge - INFO - Fast-tracked /app/data/T0002/210888/b48252o/odoo-210888/addons/auction/report/artists.xml (ext=.xml, size=311)
2026-02-03 10:16:30,360 - Knowledge - INFO - Worker kw18 processing /app/data/T0002/210888/b48252o/odoo-210888/addons/auction/report/buyer_list.py
2026-02-03 10:16:30,362 - Knowledge - INFO - Worker kw18 processing /app/data/T0002/210888/b48252o/odoo-210888/addons/auction/report/deposit_seller.py
2026-02-03 10:16:30,363 - Knowledge - INFO - Fast-tracked /app/data/T0002/210888/b48252o/odoo-210888/addons/auction/report/deposit_seller.py (ext=.py, size=1490)
2026-02-03 10:16:30,437 - Knowledge - INFO - Worker kw18 processing /app/data/T0002/210888/b48252o/odoo-210888/addons/auction/report/lots_bids_phone2.xml
2026-02-03 10:16:30,444 - Knowledge - INFO - Fast-tracked /app/data/T0002/210888/b48252o/odoo-210888/addons/auction/report/lots_bids_phone2.xml (ext=.xml, size=416)
2026-02-03 10:16:30,445 - Knowledge - INFO - Processing batch of 6 files
2026-02-03 10:16:30,446 - Knowledge - INFO - process ingested knowledge for /app/data/T0002/210888/b48252o/odoo-210888/addons/idea/idea_workflow.xml
2026-02-03 10:16:30,450 - Knowledge - INFO - Async storage completed for 6 embeddings
2026-02-03 10:16:30,556 - Knowledge - INFO - process ingested knowledge for /app/data/T0002/210888/b48252o/odoo-210888/addons/report_timesheet/__terp__.py
2026-02-03 10:16:30,558 - Knowledge - INFO - process ingested knowledge for /app/data/T0002/210888/b48252o/odoo-210888/addons/hr_timesheet_invoice/report/account_analytic_profit.py
2026-02-03 10:16:30,558 - Knowledge - INFO - [WEBSOCKET] Sent: Type=progress_update, Size: 292, Duration: 0ms
2026-02-03 10:16:30,559 - Knowledge - INFO - process ingested knowledge for /app/data/T0002/210888/b48252o/odoo-210888/addons/audittrail/security/audittrail_security.xml
2026-02-03 10:16:30,568 - Knowledge - INFO - [WEBSOCKET] Sent: Type=unknown, Size: ?, Duration: 10ms
2026-02-03 10:16:30,569 - Knowledge - INFO - Progress: 79.1% | Files: 1003/1263 | Rate: 0.95 files/sec | Queue: 235
2026-02-03 10:16:30,640 - Knowledge - INFO - Processing batch of 6 files
2026-02-03 10:16:30,640 - Knowledge - INFO - process ingested knowledge for /app/data/T0002/210888/b48252o/odoo-210888/addons/auction/report/buyer_form_report.py
2026-02-03 10:16:30,785 - Knowledge - INFO - Async storing batch of 6 embeddings
2026-02-03 10:16:30,786 - Knowledge - INFO - Worker kw19 processing /app/data/T0002/210888/b48252o/odoo-210888/addons/auction/report/seller_address.py
2026-02-03 10:16:30,840 - Knowledge - INFO - process ingested knowledge for /app/data/T0002/210888/b48252o/odoo-210888/addons/idea/idea_view.xml
2026-02-03 10:16:30,848 - Knowledge - INFO - Worker kw19 processing /app/data/T0002/210888/b48252o/odoo-210888/addons/auction/report/auction_artists.py
2026-02-03 10:16:30,851 - Knowledge - INFO - Fast-tracked /app/data/T0002/210888/b48252o/odoo-210888/addons/auction/report/auction_artists.py (ext=.py, size=1494)
2026-02-03 10:16:30,851 - Knowledge - INFO - Worker kw19 processing /app/data/T0002/210888/b48252o/odoo-210888/addons/auction/report/ach_bordereau.xml
2026-02-03 10:16:30,853 - Knowledge - INFO - Fast-tracked /app/data/T0002/210888/b48252o/odoo-210888/addons/auction/report/ach_bordereau.xml (ext=.xml, size=1900)
2026-02-03 10:16:30,853 - Knowledge - INFO - Worker kw19 processing /app/data/T0002/210888/b48252o/odoo-210888/addons/auction/report/auction_objects.py
2026-02-03 10:16:30,854 - Knowledge - INFO - Fast-tracked /app/data/T0002/210888/b48252o/odoo-210888/addons/auction/report/auction_objects.py (ext=.py, size=1492)
2026-02-03 10:16:30,855 - Knowledge - INFO - Worker kw19 processing /app/data/T0002/210888/b48252o/odoo-210888/addons/auction/report/huissier.py
2026-02-03 10:16:30,856 - Knowledge - INFO - Worker kw19 processing /app/data/T0002/210888/b48252o/odoo-210888/addons/auction/report/total.py
2026-02-03 10:16:30,860 - Knowledge - INFO - Fast-tracked /app/data/T0002/210888/b48252o/odoo-210888/addons/auction/report/seller_address.py (small file (2200 bytes))
2026-02-03 10:16:30,862 - Knowledge - INFO - Fast-tracked /app/data/T0002/210888/b48252o/odoo-210888/addons/auction/report/huissier.py (small file (2563 bytes))
2026-02-03 10:16:30,869 - Knowledge - INFO - Async storage completed for 6 embeddings
2026-02-03 10:16:31,573 - Knowledge - INFO - process ingested knowledge for /app/data/T0002/210888/b48252o/odoo-210888/addons/account/project/report/analytic_check.py
2026-02-03 10:16:32,165 - Knowledge - INFO - process ingested knowledge for /app/data/T0002/210888/b48252o/odoo-210888/addons/audittrail/audittrail_view.xml
2026-02-03 10:16:32,170 - Knowledge - INFO - [kw7] Queue=229, InProgress=0, PendingWorkers=20/20, Completed=1003/1263 (79.4%)
2026-02-03 10:16:32,241 - Knowledge - INFO - process ingested knowledge for /app/data/T0002/210888/b48252o/odoo-210888/addons/auction/report/ach_bordereau_photo.xml
2026-02-03 10:16:32,245 - Knowledge - INFO - process ingested knowledge for /app/data/T0002/210888/b48252o/odoo-210888/addons/idea/idea.py
2026-02-03 10:16:32,246 - Knowledge - INFO - Batch sizing: calculated=6, max_allowed=10, queue=229, active_workers=20/20
2026-02-03 10:16:32,868 - Knowledge - INFO - process ingested knowledge for /app/data/T0002/210888/b48252o/odoo-210888/addons/hr_timesheet_invoice/report/__init__.py
2026-02-03 10:16:32,873 - Knowledge - INFO - process ingested knowledge for /app/data/T0002/210888/b48252o/odoo-210888/addons/report_timesheet/__init__.py
2026-02-03 10:16:33,351 - Knowledge - INFO - process ingested knowledge for /app/data/T0002/210888/b48252o/odoo-210888/addons/audittrail/audittrail.py
2026-02-03 10:16:33,353 - Knowledge - INFO - [kw12] Queue=229, InProgress=0, PendingWorkers=20/20, Completed=1009/1263 (79.9%)
2026-02-03 10:16:33,354 - Knowledge - INFO - Batch sizing: calculated=6, max_allowed=10, queue=229, active_workers=20/20
2026-02-03 10:16:33,355 - Knowledge - INFO - Processing batch of 6 files
2026-02-03 10:16:33,356 - Knowledge - INFO - process ingested knowledge for /app/data/T0002/210888/b48252o/odoo-210888/addons/auction/barcode/code93.py
2026-02-03 10:16:33,368 - Knowledge - INFO - Async storing batch of 6 embeddings
2026-02-03 10:16:33,757 - Knowledge - INFO - Worker kw7 processing /app/data/T0002/210888/b48252o/odoo-210888/addons/auction/report/lots_bids_phone.xml
2026-02-03 10:16:33,775 - Knowledge - INFO - Fast-tracked /app/data/T0002/210888/b48252o/odoo-210888/addons/auction/report/lots_bids_phone.xml (ext=.xml, size=656)
2026-02-03 10:16:33,837 - Knowledge - INFO - Worker kw7 processing /app/data/T0002/210888/b48252o/odoo-210888/addons/auction/report/auction_bids.py
2026-02-03 10:16:34,056 - Knowledge - INFO - Fast-tracked /app/data/T0002/210888/b48252o/odoo-210888/addons/auction/report/auction_bids.py (ext=.py, size=1477)
2026-02-03 10:16:34,137 - Knowledge - INFO - Worker kw7 processing /app/data/T0002/210888/b48252o/odoo-210888/addons/auction/report/auction_total_rml.py
2026-02-03 10:16:34,157 - Knowledge - INFO - Worker kw7 processing /app/data/T0002/210888/b48252o/odoo-210888/addons/auction/report/__init__.py
2026-02-03 10:16:34,171 - Knowledge - INFO - Async storing batch of 6 embeddings
2026-02-03 10:16:34,237 - Knowledge - INFO - Fast-tracked /app/data/T0002/210888/b48252o/odoo-210888/addons/auction/report/__init__.py (ext=.py, size=1642)
2026-02-03 10:16:34,245 - Knowledge - INFO - Worker kw4 processing /app/data/T0002/210888/b48252o/odoo-210888/addons/auction/report/vnd_bordereau.xml
2026-02-03 10:16:34,259 - Knowledge - INFO - Worker kw7 processing /app/data/T0002/210888/b48252o/odoo-210888/addons/auction/report/results_buyer.xml
2026-02-03 10:16:34,449 - Knowledge - INFO - Fast-tracked /app/data/T0002/210888/b48252o/odoo-210888/addons/auction/report/vnd_bordereau.xml (ext=.xml, size=1424)
2026-02-03 10:16:34,449 - Knowledge - INFO - Worker kw4 processing /app/data/T0002/210888/b48252o/odoo-210888/addons/auction/report/report_lot_bar_code.py
2026-02-03 10:16:34,465 - Knowledge - INFO - Fast-tracked /app/data/T0002/210888/b48252o/odoo-210888/addons/auction/report/report_lot_bar_code.py (ext=.py, size=1529)
2026-02-03 10:16:34,466 - Knowledge - INFO - Worker kw4 processing /app/data/T0002/210888/b48252o/odoo-210888/addons/auction/auction_view.xml
2026-02-03 10:16:34,466 - Knowledge - INFO - Fast-tracked /app/data/T0002/210888/b48252o/odoo-210888/addons/auction/report/results_buyer.xml (ext=.xml, size=641)
2026-02-03 10:16:34,466 - Knowledge - INFO - Worker kw7 processing /app/data/T0002/210888/b48252o/odoo-210888/addons/auction/report/deposit.xml
2026-02-03 10:16:34,537 - Knowledge - INFO - Fast-tracked /app/data/T0002/210888/b48252o/odoo-210888/addons/auction/report/deposit.xml (ext=.xml, size=1460)
2026-02-03 10:16:34,537 - Knowledge - INFO - Processing batch of 6 files
2026-02-03 10:16:34,539 - Knowledge - INFO - Fast-tracked /app/data/T0002/210888/b48252o/odoo-210888/addons/auction/auction_view.xml (ext=.xml, size=60215)
2026-02-03 10:16:34,546 - Knowledge - INFO - process ingested knowledge for /app/data/T0002/210888/b48252o/odoo-210888/addons/hr_timesheet_invoice/__terp__.py
2026-02-03 10:16:34,572 - Knowledge - INFO - Worker kw4 processing /app/data/T0002/210888/b48252o/odoo-210888/addons/auction/auction_wizard.xml
2026-02-03 10:16:34,744 - Knowledge - INFO - Fast-tracked /app/data/T0002/210888/b48252o/odoo-210888/addons/auction/auction_wizard.xml (ext=.xml, size=2887)
2026-02-03 10:16:34,744 - Knowledge - INFO - Worker kw4 processing /app/data/T0002/210888/b48252o/odoo-210888/addons/auction/auction_sequence.xml
2026-02-03 10:16:34,761 - Knowledge - INFO - Async storage completed for 6 embeddings
2026-02-03 10:16:34,840 - Knowledge - INFO - Fast-tracked /app/data/T0002/210888/b48252o/odoo-210888/addons/auction/auction_sequence.xml (ext=.xml, size=855)
2026-02-03 10:16:34,851 - Knowledge - INFO - Worker kw4 processing /app/data/T0002/210888/b48252o/odoo-210888/addons/auction/auction.py
2026-02-03 10:16:35,044 - Knowledge - INFO - process ingested knowledge for /app/data/T0002/210888/b48252o/odoo-210888/addons/hr_timesheet_invoice/hr_timesheet_invoice_wizard.xml
2026-02-03 10:16:35,138 - Knowledge - INFO - process ingested knowledge for /app/data/T0002/210888/b48252o/odoo-210888/addons/audittrail/audittrail_demo.xml
2026-02-03 10:16:35,150 - Knowledge - INFO - Async storing batch of 6 embeddings
2026-02-03 10:16:35,162 - Knowledge - INFO - process ingested knowledge for /app/data/T0002/210888/b48252o/odoo-210888/addons/auction/barcode/code39.py
2026-02-03 10:16:35,254 - Knowledge - INFO - [kw14] Queue=211, InProgress=0, PendingWorkers=20/20, Completed=1013/1263 (80.2%)
2026-02-03 10:16:35,284 - Knowledge - INFO - Batch sizing: calculated=6, max_allowed=10, queue=211, active_workers=20/20
2026-02-03 10:16:35,342 - Knowledge - INFO - process ingested knowledge for /app/data/T0002/210888/b48252o/odoo-210888/addons/hr_timesheet_invoice/wizard/hr_timesheet_final_invoice_create.py
2026-02-03 10:16:35,346 - Knowledge - INFO - Processing batch of 6 files
2026-02-03 10:16:35,347 - Knowledge - INFO - process ingested knowledge for /app/data/T0002/210888/b48252o/odoo-210888/addons/auction/report/lots_list_inv.xml
2026-02-03 10:16:35,350 - Knowledge - INFO - Async storage completed for 6 embeddings
2026-02-03 10:16:35,351 - Knowledge - INFO - Worker kw12 processing /app/data/T0002/210888/b48252o/odoo-210888/addons/auction/auction_demo.xml
2026-02-03 10:16:35,466 - Knowledge - INFO - Fast-tracked /app/data/T0002/210888/b48252o/odoo-210888/addons/auction/auction_demo.xml (ext=.xml, size=36773)
2026-02-03 10:16:35,472 - Knowledge - INFO - Worker kw12 processing /app/data/T0002/210888/b48252o/odoo-210888/addons/auction/__terp__.py
2026-02-03 10:16:35,542 - Knowledge - INFO - Fast-tracked /app/data/T0002/210888/b48252o/odoo-210888/addons/auction/__terp__.py (ext=.py, size=1762)
2026-02-03 10:16:35,543 - Knowledge - INFO - Worker kw12 processing /app/data/T0002/210888/b48252o/odoo-210888/addons/auction/wizard/wizard_payer.py
2026-02-03 10:16:35,561 - Knowledge - INFO - Worker kw12 processing /app/data/T0002/210888/b48252o/odoo-210888/addons/auction/wizard/wizard_auction_journal.py
2026-02-03 10:16:35,649 - Knowledge - INFO - Worker kw12 processing /app/data/T0002/210888/b48252o/odoo-210888/addons/auction/wizard/wizard_lots_numerotate.py
2026-02-03 10:16:35,664 - Knowledge - INFO - Worker kw12 processing /app/data/T0002/210888/b48252o/odoo-210888/addons/auction/wizard/wizard_lots_buyer_map.py
2026-02-03 10:16:35,865 - Knowledge - INFO - Fast-tracked /app/data/T0002/210888/b48252o/odoo-210888/addons/auction/wizard/wizard_payer.py (small file (2459 bytes))
2026-02-03 10:16:36,064 - Knowledge - INFO - [kw20] Queue=211, InProgress=0, PendingWorkers=20/20, Completed=1014/1263 (80.3%)
2026-02-03 10:16:36,065 - Knowledge - INFO - Batch sizing: calculated=6, max_allowed=10, queue=211, active_workers=20/20
2026-02-03 10:16:36,066 - Knowledge - INFO - process ingested knowledge for /app/data/T0002/210888/b48252o/odoo-210888/addons/audittrail/__terp__.py
2026-02-03 10:16:36,337 - Knowledge - INFO - Processing batch of 6 files
2026-02-03 10:16:36,340 - Knowledge - INFO - process ingested knowledge for /app/data/T0002/210888/b48252o/odoo-210888/addons/auction/report/catalog.xml
2026-02-03 10:16:37,171 - Knowledge - INFO - [LLM_CALL] Completed: total.py:chunk1, Duration: 6306ms, PromptTokens: 3476, CompletionTokens: 319, Cost: $0.00048
2026-02-03 10:16:37,172 - Knowledge - INFO - done ingest for /app/data/T0002/210888/b48252o/odoo-210888/addons/auction/report/total.py
2026-02-03 10:16:37,240 - Knowledge - INFO - process ingested knowledge for /app/data/T0002/210888/b48252o/odoo-210888/addons/auction/report/lots_list.xml
2026-02-03 10:16:37,337 - Knowledge - INFO - Async storing batch of 6 embeddings
2026-02-03 10:16:37,348 - Knowledge - INFO - process ingested knowledge for /app/data/T0002/210888/b48252o/odoo-210888/addons/auction/report/auction_catelog.py
2026-02-03 10:16:37,351 - Knowledge - INFO - Async storage completed for 6 embeddings
2026-02-03 10:16:37,360 - Knowledge - INFO - Worker kw14 processing /app/data/T0002/210888/b48252o/odoo-210888/addons/auction/wizard/wizard_auction_invoice_buyer.py
2026-02-03 10:16:37,439 - Knowledge - INFO - Worker kw14 processing /app/data/T0002/210888/b48252o/odoo-210888/addons/auction/wizard/auction_wizard_enable_taken.py
2026-02-03 10:16:37,452 - Knowledge - INFO - process ingested knowledge for /app/data/T0002/210888/b48252o/odoo-210888/addons/auction/barcode/code128.py
2026-02-03 10:16:37,463 - Knowledge - INFO - Async storing batch of 6 embeddings
2026-02-03 10:16:37,552 - Knowledge - INFO - process ingested knowledge for /app/data/T0002/210888/b48252o/odoo-210888/addons/auction/report/content.xml
2026-02-03 10:16:37,552 - Knowledge - INFO - Worker kw14 processing /app/data/T0002/210888/b48252o/odoo-210888/addons/auction/wizard/wizard_lots_pay.py
2026-02-03 10:16:37,559 - Knowledge - INFO - process ingested knowledge for /app/data/T0002/210888/b48252o/odoo-210888/addons/auction/report/artists_lots.py
2026-02-03 10:16:37,746 - Knowledge - INFO - Worker kw20 processing /app/data/T0002/210888/b48252o/odoo-210888/addons/auction/wizard/wizard_lot_date_move.py
2026-02-03 10:16:37,880 - Knowledge - INFO - Worker kw14 processing /app/data/T0002/210888/b48252o/odoo-210888/addons/auction/wizard/wizard_transfer_unsold_object.py
2026-02-03 10:16:38,037 - Knowledge - INFO - Worker kw20 processing /app/data/T0002/210888/b48252o/odoo-210888/addons/auction/wizard/wizard_lots_invoice.py
2026-02-03 10:16:38,037 - Knowledge - INFO - Processing batch of 6 files
2026-02-03 10:16:38,043 - Knowledge - INFO - process ingested knowledge for /app/data/T0002/210888/b48252o/odoo-210888/addons/audittrail/wizard/wizard_view_log.py
2026-02-03 10:16:38,048 - Knowledge - INFO - Worker kw14 processing /app/data/T0002/210888/b48252o/odoo-210888/addons/auction/wizard/wizard_lots_cancel.py
2026-02-03 10:16:38,242 - Knowledge - INFO - Worker kw20 processing /app/data/T0002/210888/b48252o/odoo-210888/addons/auction/wizard/wizard_aie_send_result.py
2026-02-03 10:16:38,271 - Knowledge - INFO - Worker kw20 processing /app/data/T0002/210888/b48252o/odoo-210888/addons/auction/wizard/wizard_emporte.py
2026-02-03 10:16:38,274 - Knowledge - INFO - Worker kw14 processing /app/data/T0002/210888/b48252o/odoo-210888/addons/auction/wizard/wizard_pay.py
2026-02-03 10:16:38,352 - Knowledge - INFO - Worker kw20 processing /app/data/T0002/210888/b48252o/odoo-210888/addons/auction/wizard/auction_catalog_flagey.py
2026-02-03 10:16:38,544 - Knowledge - INFO - Fast-tracked /app/data/T0002/210888/b48252o/odoo-210888/addons/auction/wizard/auction_catalog_flagey.py (ext=.py, size=1928)
2026-02-03 10:16:38,548 - Knowledge - INFO - Worker kw20 processing /app/data/T0002/210888/b48252o/odoo-210888/addons/auction/wizard/wizard_lots_sms.py
2026-02-03 10:16:39,159 - Knowledge - INFO - Fast-tracked /app/data/T0002/210888/b48252o/odoo-210888/addons/auction/wizard/auction_wizard_enable_taken.py (small file (2063 bytes))
2026-02-03 10:16:39,172 - Knowledge - INFO - process ingested knowledge for /app/data/T0002/210888/b48252o/odoo-210888/addons/auction/report/auction_result.py
2026-02-03 10:16:39,173 - Knowledge - INFO - process ingested knowledge for /app/data/T0002/210888/b48252o/odoo-210888/addons/idea/__terp__.py
2026-02-03 10:16:40,058 - Knowledge - INFO - process ingested knowledge for /app/data/T0002/210888/b48252o/odoo-210888/addons/hr_timesheet_invoice/hr_timesheet_invoice_view.xml
2026-02-03 10:16:40,061 - Knowledge - INFO - Fast-tracked /app/data/T0002/210888/b48252o/odoo-210888/addons/auction/wizard/wizard_emporte.py (small file (2370 bytes))
2026-02-03 10:16:40,062 - Knowledge - INFO - process ingested knowledge for /app/data/T0002/210888/b48252o/odoo-210888/addons/auction/report/lots_with_vat.xml
2026-02-03 10:16:40,068 - Knowledge - INFO - process ingested knowledge for /app/data/T0002/210888/b48252o/odoo-210888/addons/hr_timesheet_invoice/wizard/wizard_account_analytic_cost_ledger_report.py
2026-02-03 10:16:40,072 - Knowledge - INFO - process ingested knowledge for /app/data/T0002/210888/b48252o/odoo-210888/addons/audittrail/wizard/__init__.py
2026-02-03 10:16:40,364 - Knowledge - INFO - Async storage completed for 6 embeddings
2026-02-03 10:16:41,055 - Knowledge - INFO - Async storage completed for 6 embeddings
2026-02-03 10:16:41,338 - Knowledge - INFO - process ingested knowledge for /app/data/T0002/210888/b48252o/odoo-210888/addons/auction/report/catalog2.py
2026-02-03 10:16:42,145 - Knowledge - INFO - Processing batch of 6 files
2026-02-03 10:16:42,145 - Knowledge - INFO - process ingested knowledge for /app/data/T0002/210888/b48252o/odoo-210888/addons/auction/report/lots_list_landscape.py
2026-02-03 10:16:42,171 - Knowledge - INFO - process ingested knowledge for /app/data/T0002/210888/b48252o/odoo-210888/addons/auction/barcode/test.py
2026-02-03 10:16:42,269 - Knowledge - INFO - process ingested knowledge for /app/data/T0002/210888/b48252o/odoo-210888/addons/auction/report/photo_shadow.py
2026-02-03 10:16:43,159 - Knowledge - INFO - [LLM_CALL] Completed: buyer_list.py:chunk1, Duration: 12712ms, PromptTokens: 2934, CompletionTokens: 547, Cost: $0.00051
2026-02-03 10:16:43,160 - Knowledge - INFO - done ingest for /app/data/T0002/210888/b48252o/odoo-210888/addons/auction/report/buyer_list.py
2026-02-03 10:16:43,581 - Knowledge - INFO - process ingested knowledge for /app/data/T0002/210888/b48252o/odoo-210888/addons/audittrail/__init__.py
2026-02-03 10:16:44,857 - Knowledge - INFO - process ingested knowledge for /app/data/T0002/210888/b48252o/odoo-210888/addons/idea/__init__.py
2026-02-03 10:16:44,953 - Knowledge - INFO - process ingested knowledge for /app/data/T0002/210888/b48252o/odoo-210888/addons/auction/report/lots_list.py
2026-02-03 10:16:45,066 - Knowledge - INFO - process ingested knowledge for /app/data/T0002/210888/b48252o/odoo-210888/addons/auction/report/auction_buyer_result.py
2026-02-03 10:16:45,277 - Knowledge - INFO - process ingested knowledge for /app/data/T0002/210888/b48252o/odoo-210888/addons/auction/report/lots_list_landscape.xml
2026-02-03 10:16:46,637 - Knowledge - INFO - process ingested knowledge for /app/data/T0002/210888/b48252o/odoo-210888/addons/auction/barcode/common.py
2026-02-03 10:16:47,852 - Knowledge - INFO - process ingested knowledge for /app/data/T0002/210888/b48252o/odoo-210888/addons/profile_auction/__terp__.py
2026-02-03 10:16:47,956 - Knowledge - INFO - process ingested knowledge for /app/data/T0002/210888/b48252o/odoo-210888/addons/auction/report/seller_form_report.py
2026-02-03 10:16:48,043 - Knowledge - INFO - process ingested knowledge for /app/data/T0002/210888/b48252o/odoo-210888/addons/auction/barcode/__init__.py
2026-02-03 10:16:50,369 - Knowledge - INFO - process ingested knowledge for /app/data/T0002/210888/b48252o/odoo-210888/addons/auction/report/auction_invoice.py
2026-02-03 10:16:50,563 - Knowledge - INFO - process ingested knowledge for /app/data/T0002/210888/b48252o/odoo-210888/addons/auction/barcode/fourstate.py
2026-02-03 10:16:50,640 - Knowledge - INFO - process ingested knowledge for /app/data/T0002/210888/b48252o/odoo-210888/addons/auction/report/bids_phones_details.py
2026-02-03 10:16:50,644 - Knowledge - INFO - process ingested knowledge for /app/data/T0002/210888/b48252o/odoo-210888/addons/auction/report/results.xml
2026-02-03 10:16:50,748 - Knowledge - INFO - process ingested knowledge for /app/data/T0002/210888/b48252o/odoo-210888/addons/auction/report/lots_deposit.xml
2026-02-03 10:16:52,571 - Knowledge - INFO - process ingested knowledge for /app/data/T0002/210888/b48252o/odoo-210888/addons/auction/barcode/usps.py
2026-02-03 10:16:52,663 - Knowledge - INFO - process ingested knowledge for /app/data/T0002/210888/b48252o/odoo-210888/addons/auction/report/bids_lots.py
2026-02-03 10:16:57,171 - Knowledge - INFO - [WEBSOCKET] Sent: Type=progress_update, Size: 295, Duration: 0ms
2026-02-03 10:16:57,336 - Knowledge - INFO - [WEBSOCKET] Sent: Type=unknown, Size: ?, Duration: 165ms
2026-02-03 10:16:57,342 - Knowledge - INFO - Progress: 81.5% | Files: 1029/1263 | Rate: 0.95 files/sec | Queue: 199
2026-02-03 10:16:57,358 - Knowledge - INFO - process ingested knowledge for /app/data/T0002/210888/b48252o/odoo-210888/addons/hr_timesheet_invoice/wizard/account_analytic_profit.py
2026-02-03 10:16:57,446 - Knowledge - INFO - [LLM_CALL] Completed: wizard_auction_journal.py:chunk1, Duration: 21289ms, PromptTokens: 2700, CompletionTokens: 290, Cost: $0.00039
2026-02-03 10:16:57,652 - Knowledge - INFO - done ingest for /app/data/T0002/210888/b48252o/odoo-210888/addons/auction/wizard/wizard_auction_journal.py
2026-02-03 10:16:59,885 - Knowledge - INFO - process ingested knowledge for /app/data/T0002/210888/b48252o/odoo-210888/addons/auction/report/buyer_list.xml
2026-02-03 10:17:01,861 - Knowledge - INFO - [LLM_CALL] Completed: auction_total_rml.py:chunk1, Duration: 27192ms, PromptTokens: 4340, CompletionTokens: 811, Cost: $0.00076
2026-02-03 10:17:01,937 - Knowledge - INFO - done ingest for /app/data/T0002/210888/b48252o/odoo-210888/addons/auction/report/auction_total_rml.py
2026-02-03 10:17:02,258 - Knowledge - INFO - [LLM_CALL] Completed: wizard_lot_date_move.py:chunk1, Duration: 23397ms, PromptTokens: 2774, CompletionTokens: 328, Cost: $0.00041
2026-02-03 10:17:02,258 - Knowledge - INFO - done ingest for /app/data/T0002/210888/b48252o/odoo-210888/addons/auction/wizard/wizard_lot_date_move.py
2026-02-03 10:17:04,141 - Knowledge - INFO - [LLM_CALL] Completed: wizard_lots_invoice.py:chunk1, Duration: 24885ms, PromptTokens: 2968, CompletionTokens: 250, Cost: $0.00040
2026-02-03 10:17:04,167 - Knowledge - INFO - done ingest for /app/data/T0002/210888/b48252o/odoo-210888/addons/auction/wizard/wizard_lots_invoice.py
2026-02-03 10:17:04,267 - Knowledge - INFO - [LLM_CALL] Completed: wizard_lots_numerotate.py:chunk1, Duration: 27695ms, PromptTokens: 4212, CompletionTokens: 390, Cost: $0.00058
2026-02-03 10:17:04,268 - Knowledge - INFO - done ingest for /app/data/T0002/210888/b48252o/odoo-210888/addons/auction/wizard/wizard_lots_numerotate.py
2026-02-03 10:17:04,749 - Knowledge - INFO - [kw1] Queue=199, InProgress=0, PendingWorkers=20/20, Completed=1031/1263 (81.6%)
2026-02-03 10:17:04,750 - Knowledge - INFO - Batch sizing: calculated=5, max_allowed=10, queue=199, active_workers=20/20
2026-02-03 10:17:08,968 - Knowledge - INFO - Processing batch of 6 files
2026-02-03 10:17:09,044 - Knowledge - INFO - process ingested knowledge for /app/data/T0002/210888/b48252o/odoo-210888/addons/auction/report/seller_address.py
2026-02-03 10:17:10,563 - Knowledge - INFO - Async storing batch of 6 embeddings
2026-02-03 10:17:10,569 - Knowledge - INFO - Worker kw1 processing /app/data/T0002/210888/b48252o/odoo-210888/addons/auction/wizard/__init__.py
2026-02-03 10:17:10,836 - Knowledge - INFO - Fast-tracked /app/data/T0002/210888/b48252o/odoo-210888/addons/auction/wizard/__init__.py (ext=.py, size=1586)
2026-02-03 10:17:10,858 - Knowledge - INFO - Worker kw1 processing /app/data/T0002/210888/b48252o/odoo-210888/addons/auction/wizard/auction_wizard_able_taken.py
2026-02-03 10:17:10,958 - Knowledge - INFO - Worker kw1 processing /app/data/T0002/210888/b48252o/odoo-210888/addons/auction/wizard/wizard_aie_send.py
2026-02-03 10:17:11,047 - Knowledge - INFO - Worker kw1 processing /app/data/T0002/210888/b48252o/odoo-210888/addons/auction/auction_report.xml
2026-02-03 10:17:11,236 - Knowledge - INFO - Fast-tracked /app/data/T0002/210888/b48252o/odoo-210888/addons/auction/auction_report.xml (ext=.xml, size=5354)
2026-02-03 10:17:11,254 - Knowledge - INFO - Worker kw1 processing /app/data/T0002/210888/b48252o/odoo-210888/addons/auction/auction_data.xml
2026-02-03 10:17:11,373 - Knowledge - INFO - Fast-tracked /app/data/T0002/210888/b48252o/odoo-210888/addons/auction/auction_data.xml (ext=.xml, size=3680)
2026-02-03 10:17:11,636 - Knowledge - INFO - Fast-tracked /app/data/T0002/210888/b48252o/odoo-210888/addons/auction/wizard/auction_wizard_able_taken.py (small file (2030 bytes))
2026-02-03 10:17:12,075 - Knowledge - INFO - Async storage completed for 6 embeddings
2026-02-03 10:17:12,545 - Knowledge - INFO - [kw10] Queue=194, InProgress=0, PendingWorkers=20/20, Completed=1034/1263 (81.9%)
2026-02-03 10:17:12,547 - Knowledge - INFO - process ingested knowledge for /app/data/T0002/210888/b48252o/odoo-210888/addons/auction/report/catelogwithpictures.py
2026-02-03 10:17:12,553 - Knowledge - INFO - Batch sizing: calculated=5, max_allowed=10, queue=194, active_workers=20/20
2026-02-03 10:17:15,564 - Knowledge - INFO - process ingested knowledge for /app/data/T0002/210888/b48252o/odoo-210888/addons/auction/report/auction_artists.py
2026-02-03 10:17:15,738 - Knowledge - INFO - Processing batch of 6 files
2026-02-03 10:17:15,753 - Knowledge - INFO - process ingested knowledge for /app/data/T0002/210888/b48252o/odoo-210888/addons/hr_timesheet_invoice/wizard/__init__.py
2026-02-03 10:17:15,959 - Knowledge - INFO - process ingested knowledge for /app/data/T0002/210888/b48252o/odoo-210888/addons/auction/report/seller_list.xml
2026-02-03 10:17:16,160 - Knowledge - INFO - [LLM_CALL] Completed: wizard_lots_buyer_map.py:chunk1, Duration: 38991ms, PromptTokens: 2890, CompletionTokens: 365, Cost: $0.00043
2026-02-03 10:17:16,263 - Knowledge - INFO - done ingest for /app/data/T0002/210888/b48252o/odoo-210888/addons/auction/wizard/wizard_lots_buyer_map.py
2026-02-03 10:17:17,939 - Knowledge - INFO - [LLM_CALL] Completed: wizard_lots_sms.py:chunk1, Duration: 37795ms, PromptTokens: 4052, CompletionTokens: 243, Cost: $0.00050
2026-02-03 10:17:17,949 - Knowledge - INFO - done ingest for /app/data/T0002/210888/b48252o/odoo-210888/addons/auction/wizard/wizard_lots_sms.py
2026-02-03 10:17:19,458 - Knowledge - INFO - [LLM_CALL] Completed: wizard_aie_send_result.py:chunk1, Duration: 39882ms, PromptTokens: 3404, CompletionTokens: 298, Cost: $0.00046
2026-02-03 10:17:19,462 - Knowledge - INFO - done ingest for /app/data/T0002/210888/b48252o/odoo-210888/addons/auction/wizard/wizard_aie_send_result.py
2026-02-03 10:17:19,756 - Knowledge - INFO - process ingested knowledge for /app/data/T0002/210888/b48252o/odoo-210888/addons/auction/report/bids.xml
2026-02-03 10:17:19,857 - Knowledge - INFO - Async storing batch of 6 embeddings
2026-02-03 10:17:19,937 - Knowledge - INFO - Worker kw10 processing /app/data/T0002/210888/b48252o/odoo-210888/addons/auction/__init__.py
2026-02-03 10:17:19,949 - Knowledge - INFO - Fast-tracked /app/data/T0002/210888/b48252o/odoo-210888/addons/auction/__init__.py (ext=.py, size=1101)
2026-02-03 10:17:19,956 - Knowledge - INFO - Worker kw10 processing /app/data/T0002/210888/b48252o/odoo-210888/addons/board_manufacturing/board_manufacturing_view.xml
2026-02-03 10:17:20,047 - Knowledge - INFO - Fast-tracked /app/data/T0002/210888/b48252o/odoo-210888/addons/board_manufacturing/board_manufacturing_view.xml (ext=.xml, size=2294)
2026-02-03 10:17:20,057 - Knowledge - INFO - Worker kw10 processing /app/data/T0002/210888/b48252o/odoo-210888/addons/board_manufacturing/board_manufacturing_demo.xml
2026-02-03 10:17:20,148 - Knowledge - INFO - Fast-tracked /app/data/T0002/210888/b48252o/odoo-210888/addons/board_manufacturing/board_manufacturing_demo.xml (ext=.xml, size=605)
2026-02-03 10:17:20,160 - Knowledge - INFO - Worker kw10 processing /app/data/T0002/210888/b48252o/odoo-210888/addons/board_manufacturing/__terp__.py
2026-02-03 10:17:20,258 - Knowledge - INFO - Fast-tracked /app/data/T0002/210888/b48252o/odoo-210888/addons/board_manufacturing/__terp__.py (ext=.py, size=1670)
2026-02-03 10:17:20,263 - Knowledge - INFO - Worker kw10 processing /app/data/T0002/210888/b48252o/odoo-210888/addons/board_manufacturing/__init__.py
2026-02-03 10:17:20,370 - Knowledge - INFO - Fast-tracked /app/data/T0002/210888/b48252o/odoo-210888/addons/board_manufacturing/__init__.py (ext=.py, size=1058)
2026-02-03 10:17:20,464 - Knowledge - INFO - Async storage completed for 6 embeddings
2026-02-03 10:17:20,939 - Knowledge - INFO - [LLM_CALL] Completed: wizard_lots_cancel.py:chunk1, Duration: 40486ms, PromptTokens: 2430, CompletionTokens: 256, Cost: $0.00035
2026-02-03 10:17:20,951 - Knowledge - INFO - done ingest for /app/data/T0002/210888/b48252o/odoo-210888/addons/auction/wizard/wizard_lots_cancel.py
2026-02-03 10:17:22,137 - Knowledge - INFO - [LLM_CALL] Completed: auction.py:chunk1, Duration: 46977ms, PromptTokens: 30334, CompletionTokens: 1559, Cost: $0.00366
2026-02-03 10:17:22,176 - Knowledge - INFO - done ingest for /app/data/T0002/210888/b48252o/odoo-210888/addons/auction/auction.py
2026-02-03 10:17:22,654 - Knowledge - INFO - [LLM_CALL] Completed: wizard_lots_pay.py:chunk1, Duration: 43212ms, PromptTokens: 2928, CompletionTokens: 277, Cost: $0.00040
2026-02-03 10:17:22,665 - Knowledge - INFO - done ingest for /app/data/T0002/210888/b48252o/odoo-210888/addons/auction/wizard/wizard_lots_pay.py
2026-02-03 10:17:23,674 - Knowledge - INFO - process ingested knowledge for /app/data/T0002/210888/b48252o/odoo-210888/addons/hr_timesheet_invoice/wizard/hr_timesheet_invoice_create.py
2026-02-03 10:17:23,681 - Knowledge - INFO - process ingested knowledge for /app/data/T0002/210888/b48252o/odoo-210888/addons/auction/report/lots_list_inventory.py
2026-02-03 10:17:25,285 - Knowledge - INFO - [kw5] Queue=189, InProgress=0, PendingWorkers=20/20, Completed=1037/1263 (82.1%)
2026-02-03 10:17:25,343 - Knowledge - INFO - Batch sizing: calculated=5, max_allowed=10, queue=189, active_workers=20/20
2026-02-03 10:17:26,837 - Knowledge - INFO - [LLM_CALL] Completed: wizard_transfer_unsold_object.py:chunk1, Duration: 47065ms, PromptTokens: 2888, CompletionTokens: 428, Cost: $0.00046
2026-02-03 10:17:26,850 - Knowledge - INFO - done ingest for /app/data/T0002/210888/b48252o/odoo-210888/addons/auction/wizard/wizard_transfer_unsold_object.py
2026-02-03 10:17:27,872 - Knowledge - INFO - process ingested knowledge for /app/data/T0002/210888/b48252o/odoo-210888/addons/auction/report/ach_bordereau.xml
2026-02-03 10:17:28,145 - Knowledge - INFO - [LLM_CALL] Completed: wizard_aie_send.py:chunk1, Duration: 16185ms, PromptTokens: 5768, CompletionTokens: 477, Cost: $0.00077
2026-02-03 10:17:28,155 - Knowledge - INFO - done ingest for /app/data/T0002/210888/b48252o/odoo-210888/addons/auction/wizard/wizard_aie_send.py
2026-02-03 10:17:28,555 - Knowledge - INFO - [LLM_CALL] Completed: wizard_pay.py:chunk1, Duration: 47681ms, PromptTokens: 3272, CompletionTokens: 326, Cost: $0.00046
2026-02-03 10:17:28,555 - Knowledge - INFO - done ingest for /app/data/T0002/210888/b48252o/odoo-210888/addons/auction/wizard/wizard_pay.py
2026-02-03 10:17:29,162 - Knowledge - INFO - [LLM_CALL] Completed: wizard_auction_invoice_buyer.py:chunk1, Duration: 50508ms, PromptTokens: 2918, CompletionTokens: 284, Cost: $0.00041
2026-02-03 10:17:29,164 - Knowledge - INFO - done ingest for /app/data/T0002/210888/b48252o/odoo-210888/addons/auction/wizard/wizard_auction_invoice_buyer.py
2026-02-03 10:17:29,349 - Knowledge - INFO - process ingested knowledge for /app/data/T0002/210888/b48252o/odoo-210888/addons/auction/report/artists.xml
2026-02-03 10:17:29,558 - Knowledge - INFO - Async storing batch of 6 embeddings
2026-02-03 10:17:29,561 - Knowledge - INFO - Worker kw5 processing /app/data/T0002/210888/b48252o/odoo-210888/addons/l10n_lu/l10n_lu_wizard.xml
2026-02-03 10:17:29,566 - Knowledge - INFO - Fast-tracked /app/data/T0002/210888/b48252o/odoo-210888/addons/l10n_lu/l10n_lu_wizard.xml (ext=.xml, size=1186)
2026-02-03 10:17:29,567 - Knowledge - INFO - Worker kw5 processing /app/data/T0002/210888/b48252o/odoo-210888/addons/l10n_lu/__terp__.py
2026-02-03 10:17:29,569 - Knowledge - INFO - Fast-tracked /app/data/T0002/210888/b48252o/odoo-210888/addons/l10n_lu/__terp__.py (ext=.py, size=1804)
2026-02-03 10:17:29,569 - Knowledge - INFO - Worker kw5 processing /app/data/T0002/210888/b48252o/odoo-210888/addons/l10n_lu/wizard/print_vat.py
2026-02-03 10:17:29,572 - Knowledge - INFO - Worker kw5 processing /app/data/T0002/210888/b48252o/odoo-210888/addons/l10n_lu/wizard/pdf_ext.py
2026-02-03 10:17:29,573 - Knowledge - INFO - Worker kw5 processing /app/data/T0002/210888/b48252o/odoo-210888/addons/l10n_lu/wizard/__init__.py
2026-02-03 10:17:29,575 - Knowledge - INFO - Fast-tracked /app/data/T0002/210888/b48252o/odoo-210888/addons/l10n_lu/wizard/__init__.py (ext=.py, size=1073)
2026-02-03 10:17:29,578 - Knowledge - INFO - Fast-tracked /app/data/T0002/210888/b48252o/odoo-210888/addons/l10n_lu/wizard/print_vat.py (small file (2856 bytes))
2026-02-03 10:17:29,644 - Knowledge - INFO - Async storage completed for 6 embeddings
2026-02-03 10:17:29,971 - Knowledge - INFO - Processing batch of 6 files
2026-02-03 10:17:29,971 - Knowledge - INFO - process ingested knowledge for /app/data/T0002/210888/b48252o/odoo-210888/addons/auction/report/lots_bids_phone.xml
2026-02-03 10:17:30,042 - Knowledge - INFO - process ingested knowledge for /app/data/T0002/210888/b48252o/odoo-210888/addons/auction/report/auction_objects.py
2026-02-03 10:17:30,948 - Knowledge - INFO - process ingested knowledge for /app/data/T0002/210888/b48252o/odoo-210888/addons/auction/report/buyer_list.py
2026-02-03 10:17:31,372 - Knowledge - INFO - process ingested knowledge for /app/data/T0002/210888/b48252o/odoo-210888/addons/auction/report/auction_bids.py
2026-02-03 10:17:32,148 - Knowledge - INFO - [kw6] Queue=184, InProgress=0, PendingWorkers=20/20, Completed=1054/1263 (83.5%)
2026-02-03 10:17:32,149 - Knowledge - INFO - Batch sizing: calculated=5, max_allowed=10, queue=184, active_workers=20/20
2026-02-03 10:17:32,153 - Knowledge - INFO - process ingested knowledge for /app/data/T0002/210888/b48252o/odoo-210888/addons/auction/report/deposit_seller.py
2026-02-03 10:17:32,154 - Knowledge - INFO - [WEBSOCKET] Sent: Type=progress_update, Size: 296, Duration: 0ms
2026-02-03 10:17:32,260 - Knowledge - INFO - [WEBSOCKET] Sent: Type=unknown, Size: ?, Duration: 106ms
2026-02-03 10:17:32,261 - Knowledge - INFO - Progress: 83.5% | Files: 1056/1263 | Rate: 0.94 files/sec | Queue: 184
2026-02-03 10:17:33,264 - Knowledge - INFO - process ingested knowledge for /app/data/T0002/210888/b48252o/odoo-210888/addons/auction/report/huissier.py
2026-02-03 10:17:33,267 - Knowledge - INFO - process ingested knowledge for /app/data/T0002/210888/b48252o/odoo-210888/addons/auction/report/auction_total_rml.py
2026-02-03 10:17:33,348 - Knowledge - INFO - Processing batch of 5 files
2026-02-03 10:17:33,350 - Knowledge - INFO - process ingested knowledge for /app/data/T0002/210888/b48252o/odoo-210888/addons/auction/__init__.py
2026-02-03 10:17:34,237 - Knowledge - INFO - [kw3] Queue=184, InProgress=0, PendingWorkers=20/20, Completed=1059/1263 (83.8%)
2026-02-03 10:17:34,239 - Knowledge - INFO - process ingested knowledge for /app/data/T0002/210888/b48252o/odoo-210888/addons/auction/report/lots_bids_phone2.xml
2026-02-03 10:17:34,241 - Knowledge - INFO - Batch sizing: calculated=5, max_allowed=10, queue=184, active_workers=20/20
2026-02-03 10:17:34,250 - Knowledge - INFO - [kw11] Queue=184, InProgress=0, PendingWorkers=20/20, Completed=1059/1263 (83.8%)
2026-02-03 10:17:34,366 - Knowledge - INFO - Batch sizing: calculated=5, max_allowed=10, queue=184, active_workers=20/20
2026-02-03 10:17:34,479 - Knowledge - INFO - [LLM_CALL] Completed: pdf_ext.py:chunk1, Duration: 4840ms, PromptTokens: 2474, CompletionTokens: 378, Cost: $0.00040
2026-02-03 10:17:34,481 - Knowledge - INFO - done ingest for /app/data/T0002/210888/b48252o/odoo-210888/addons/l10n_lu/wizard/pdf_ext.py
2026-02-03 10:17:34,679 - Knowledge - INFO - process ingested knowledge for /app/data/T0002/210888/b48252o/odoo-210888/addons/auction/report/total.py
2026-02-03 10:17:34,943 - Knowledge - INFO - process ingested knowledge for /app/data/T0002/210888/b48252o/odoo-210888/addons/board_manufacturing/board_manufacturing_view.xml
2026-02-03 10:17:34,944 - Knowledge - INFO - Async storing batch of 6 embeddings
2026-02-03 10:17:34,946 - Knowledge - INFO - Worker kw6 processing /app/data/T0002/210888/b48252o/odoo-210888/addons/l10n_lu/l10n_lu_report.xml
2026-02-03 10:17:34,948 - Knowledge - INFO - Fast-tracked /app/data/T0002/210888/b48252o/odoo-210888/addons/l10n_lu/l10n_lu_report.xml (ext=.xml, size=307)
2026-02-03 10:17:34,949 - Knowledge - INFO - Worker kw6 processing /app/data/T0002/210888/b48252o/odoo-210888/addons/l10n_lu/l10n_lu_data.xml
2026-02-03 10:17:34,950 - Knowledge - INFO - Fast-tracked /app/data/T0002/210888/b48252o/odoo-210888/addons/l10n_lu/l10n_lu_data.xml (ext=.xml, size=143606)
2026-02-03 10:17:34,951 - Knowledge - INFO - Worker kw6 processing /app/data/T0002/210888/b48252o/odoo-210888/addons/l10n_lu/__init__.py
2026-02-03 10:17:34,952 - Knowledge - INFO - Fast-tracked /app/data/T0002/210888/b48252o/odoo-210888/addons/l10n_lu/__init__.py (ext=.py, size=1070)
2026-02-03 10:17:34,953 - Knowledge - INFO - Worker kw6 processing /app/data/T0002/210888/b48252o/odoo-210888/addons/base_setup/base_setup_wizard.xml
2026-02-03 10:17:34,955 - Knowledge - INFO - Fast-tracked /app/data/T0002/210888/b48252o/odoo-210888/addons/base_setup/base_setup_wizard.xml (ext=.xml, size=198)
2026-02-03 10:17:34,956 - Knowledge - INFO - Worker kw6 processing /app/data/T0002/210888/b48252o/odoo-210888/addons/base_setup/__terp__.py
2026-02-03 10:17:34,958 - Knowledge - INFO - Fast-tracked /app/data/T0002/210888/b48252o/odoo-210888/addons/base_setup/__terp__.py (ext=.py, size=1949)
2026-02-03 10:17:34,959 - Knowledge - INFO - Async storage completed for 6 embeddings
2026-02-03 10:17:34,969 - Knowledge - INFO - Processing batch of 6 files
2026-02-03 10:17:34,969 - Knowledge - INFO - process ingested knowledge for /app/data/T0002/210888/b48252o/odoo-210888/addons/auction/report/vnd_bordereau.xml
2026-02-03 10:17:35,358 - Knowledge - INFO - Async storing batch of 6 embeddings
2026-02-03 10:17:35,359 - Knowledge - INFO - Worker kw3 processing /app/data/T0002/210888/b48252o/odoo-210888/addons/base_setup/base_setup_demo.xml
2026-02-03 10:17:35,359 - Knowledge - INFO - Async storing batch of 6 embeddings
2026-02-03 10:17:35,363 - Knowledge - INFO - Worker kw11 processing /app/data/T0002/210888/b48252o/odoo-210888/addons/purchase/test/purchase_test.xml
2026-02-03 10:17:35,440 - Knowledge - INFO - Fast-tracked /app/data/T0002/210888/b48252o/odoo-210888/addons/base_setup/base_setup_demo.xml (ext=.xml, size=251)
2026-02-03 10:17:35,440 - Knowledge - INFO - Worker kw3 processing /app/data/T0002/210888/b48252o/odoo-210888/addons/base_setup/wizard/wizard_base_setup.py
2026-02-03 10:17:35,444 - Knowledge - INFO - Worker kw3 processing /app/data/T0002/210888/b48252o/odoo-210888/addons/base_setup/wizard/__init__.py
2026-02-03 10:17:35,444 - Knowledge - INFO - Fast-tracked /app/data/T0002/210888/b48252o/odoo-210888/addons/purchase/test/purchase_test.xml (ext=.xml, size=8087)
2026-02-03 10:17:35,445 - Knowledge - INFO - Worker kw11 processing /app/data/T0002/210888/b48252o/odoo-210888/addons/purchase/security/purchase_security.xml
2026-02-03 10:17:35,446 - Knowledge - INFO - Fast-tracked /app/data/T0002/210888/b48252o/odoo-210888/addons/base_setup/wizard/__init__.py (ext=.py, size=1085)
2026-02-03 10:17:35,446 - Knowledge - INFO - Worker kw3 processing /app/data/T0002/210888/b48252o/odoo-210888/addons/base_setup/base_setup_data.xml
2026-02-03 10:17:35,448 - Knowledge - INFO - Fast-tracked /app/data/T0002/210888/b48252o/odoo-210888/addons/base_setup/base_setup_data.xml (ext=.xml, size=575)
2026-02-03 10:17:35,448 - Knowledge - INFO - Worker kw3 processing /app/data/T0002/210888/b48252o/odoo-210888/addons/base_setup/__init__.py
2026-02-03 10:17:35,448 - Knowledge - INFO - Fast-tracked /app/data/T0002/210888/b48252o/odoo-210888/addons/purchase/security/purchase_security.xml (ext=.xml, size=340)
2026-02-03 10:17:35,453 - Knowledge - INFO - Fast-tracked /app/data/T0002/210888/b48252o/odoo-210888/addons/base_setup/__init__.py (ext=.py, size=1073)
2026-02-03 10:17:35,454 - Knowledge - INFO - Worker kw11 processing /app/data/T0002/210888/b48252o/odoo-210888/addons/purchase/purchase_workflow.xml
2026-02-03 10:17:35,456 - Knowledge - INFO - Fast-tracked /app/data/T0002/210888/b48252o/odoo-210888/addons/purchase/purchase_workflow.xml (ext=.xml, size=9021)
2026-02-03 10:17:35,456 - Knowledge - INFO - Worker kw11 processing /app/data/T0002/210888/b48252o/odoo-210888/addons/purchase/purchase_view.xml
2026-02-03 10:17:35,458 - Knowledge - INFO - Fast-tracked /app/data/T0002/210888/b48252o/odoo-210888/addons/purchase/purchase_view.xml (ext=.xml, size=14169)
2026-02-03 10:17:35,458 - Knowledge - INFO - Worker kw11 processing /app/data/T0002/210888/b48252o/odoo-210888/addons/purchase/report/order.py
2026-02-03 10:17:35,462 - Knowledge - INFO - Async storage completed for 6 embeddings
2026-02-03 10:17:35,557 - Knowledge - INFO - Async storage completed for 6 embeddings
2026-02-03 10:17:35,889 - Knowledge - INFO - [kw2] Queue=169, InProgress=0, PendingWorkers=20/20, Completed=1066/1263 (84.4%)
2026-02-03 10:17:35,889 - Knowledge - INFO - Batch sizing: calculated=5, max_allowed=10, queue=169, active_workers=20/20
2026-02-03 10:17:35,890 - Knowledge - INFO - process ingested knowledge for /app/data/T0002/210888/b48252o/odoo-210888/addons/board_manufacturing/board_manufacturing_demo.xml
2026-02-03 10:17:35,950 - Knowledge - INFO - process ingested knowledge for /app/data/T0002/210888/b48252o/odoo-210888/addons/auction/report/report_lot_bar_code.py
2026-02-03 10:17:35,958 - Knowledge - INFO - [kw8] Queue=169, InProgress=0, PendingWorkers=20/20, Completed=1067/1263 (84.5%)
2026-02-03 10:17:35,962 - Knowledge - INFO - process ingested knowledge for /app/data/T0002/210888/b48252o/odoo-210888/addons/auction/report/__init__.py
2026-02-03 10:17:35,964 - Knowledge - INFO - Batch sizing: calculated=5, max_allowed=10, queue=169, active_workers=20/20
2026-02-03 10:17:36,045 - Knowledge - INFO - Processing batch of 6 files
2026-02-03 10:17:36,047 - Knowledge - INFO - process ingested knowledge for /app/data/T0002/210888/b48252o/odoo-210888/addons/auction/auction_demo.xml
2026-02-03 10:17:36,652 - Knowledge - INFO - Async storing batch of 6 embeddings
2026-02-03 10:17:36,654 - Knowledge - INFO - process ingested knowledge for /app/data/T0002/210888/b48252o/odoo-210888/addons/board_manufacturing/__terp__.py
2026-02-03 10:17:36,655 - Knowledge - INFO - [kw16] Queue=164, InProgress=0, PendingWorkers=20/20, Completed=1071/1263 (84.8%)
2026-02-03 10:17:36,657 - Knowledge - INFO - Batch sizing: calculated=5, max_allowed=10, queue=164, active_workers=20/20
2026-02-03 10:17:36,659 - Knowledge - INFO - Worker kw2 processing /app/data/T0002/210888/b48252o/odoo-210888/addons/purchase/report/request_quotation.py
2026-02-03 10:17:36,660 - Knowledge - INFO - Fast-tracked /app/data/T0002/210888/b48252o/odoo-210888/addons/purchase/report/request_quotation.py (ext=.py, size=1600)
2026-02-03 10:17:36,661 - Knowledge - INFO - Worker kw2 processing /app/data/T0002/210888/b48252o/odoo-210888/addons/purchase/report/__init__.py
2026-02-03 10:17:36,662 - Knowledge - INFO - Fast-tracked /app/data/T0002/210888/b48252o/odoo-210888/addons/purchase/report/__init__.py (ext=.py, size=1097)
2026-02-03 10:17:36,664 - Knowledge - INFO - Worker kw2 processing /app/data/T0002/210888/b48252o/odoo-210888/addons/purchase/purchase_sequence.xml
2026-02-03 10:17:36,672 - Knowledge - INFO - Fast-tracked /app/data/T0002/210888/b48252o/odoo-210888/addons/purchase/purchase_sequence.xml (ext=.xml, size=615)
2026-02-03 10:17:36,673 - Knowledge - INFO - Worker kw2 processing /app/data/T0002/210888/b48252o/odoo-210888/addons/purchase/purchase.py
2026-02-03 10:17:36,742 - Knowledge - INFO - Worker kw2 processing /app/data/T0002/210888/b48252o/odoo-210888/addons/purchase/purchase_wizard.xml
2026-02-03 10:17:36,752 - Knowledge - INFO - Fast-tracked /app/data/T0002/210888/b48252o/odoo-210888/addons/purchase/purchase_wizard.xml (ext=.xml, size=298)
2026-02-03 10:17:36,956 - Knowledge - INFO - Async storage completed for 6 embeddings
2026-02-03 10:17:37,164 - Knowledge - INFO - [kw13] Queue=164, InProgress=0, PendingWorkers=20/20, Completed=1071/1263 (84.8%)
2026-02-03 10:17:37,170 - Knowledge - INFO - process ingested knowledge for /app/data/T0002/210888/b48252o/odoo-210888/addons/auction/auction_view.xml
2026-02-03 10:17:37,171 - Knowledge - INFO - Batch sizing: calculated=5, max_allowed=10, queue=164, active_workers=20/20
2026-02-03 10:17:38,247 - Knowledge - INFO - Async storing batch of 6 embeddings
2026-02-03 10:17:38,248 - Knowledge - INFO - Worker kw8 processing /app/data/T0002/210888/b48252o/odoo-210888/addons/purchase/__terp__.py
2026-02-03 10:17:38,349 - Knowledge - INFO - Fast-tracked /app/data/T0002/210888/b48252o/odoo-210888/addons/purchase/__terp__.py (ext=.py, size=1987)
2026-02-03 10:17:38,359 - Knowledge - INFO - Worker kw8 processing /app/data/T0002/210888/b48252o/odoo-210888/addons/purchase/purchase_demo.xml
2026-02-03 10:17:38,363 - Knowledge - INFO - process ingested knowledge for /app/data/T0002/210888/b48252o/odoo-210888/addons/auction/__terp__.py
2026-02-03 10:17:38,553 - Knowledge - INFO - Fast-tracked /app/data/T0002/210888/b48252o/odoo-210888/addons/purchase/purchase_demo.xml (ext=.xml, size=105)
2026-02-03 10:17:38,737 - Knowledge - INFO - Worker kw8 processing /app/data/T0002/210888/b48252o/odoo-210888/addons/purchase/wizard/wizard_group.py
2026-02-03 10:17:38,749 - Knowledge - INFO - Worker kw8 processing /app/data/T0002/210888/b48252o/odoo-210888/addons/purchase/wizard/__init__.py
2026-02-03 10:17:38,761 - Knowledge - INFO - Fast-tracked /app/data/T0002/210888/b48252o/odoo-210888/addons/purchase/wizard/__init__.py (ext=.py, size=1079)
2026-02-03 10:17:38,761 - Knowledge - INFO - Worker kw8 processing /app/data/T0002/210888/b48252o/odoo-210888/addons/purchase/purchase_report.xml
2026-02-03 10:17:38,769 - Knowledge - INFO - Fast-tracked /app/data/T0002/210888/b48252o/odoo-210888/addons/purchase/purchase_report.xml (ext=.xml, size=428)
2026-02-03 10:17:39,151 - Knowledge - INFO - Async storage completed for 6 embeddings
2026-02-03 10:17:39,255 - Knowledge - INFO - Async storing batch of 6 embeddings
2026-02-03 10:17:39,457 - Knowledge - INFO - Worker kw16 processing /app/data/T0002/210888/b48252o/odoo-210888/addons/purchase/partner_view.xml
2026-02-03 10:17:39,636 - Knowledge - INFO - Fast-tracked /app/data/T0002/210888/b48252o/odoo-210888/addons/purchase/partner_view.xml (ext=.xml, size=803)
2026-02-03 10:17:39,657 - Knowledge - INFO - Worker kw16 processing /app/data/T0002/210888/b48252o/odoo-210888/addons/purchase/stock_view.xml
2026-02-03 10:17:39,740 - Knowledge - INFO - Fast-tracked /app/data/T0002/210888/b48252o/odoo-210888/addons/purchase/stock_view.xml (ext=.xml, size=2151)
2026-02-03 10:17:39,856 - Knowledge - INFO - Worker kw16 processing /app/data/T0002/210888/b48252o/odoo-210888/addons/purchase/purchase_data.xml
2026-02-03 10:17:40,139 - Knowledge - INFO - Fast-tracked /app/data/T0002/210888/b48252o/odoo-210888/addons/purchase/purchase_data.xml (ext=.xml, size=2068)
2026-02-03 10:17:40,141 - Knowledge - INFO - Worker kw16 processing /app/data/T0002/210888/b48252o/odoo-210888/addons/purchase/partner.py
2026-02-03 10:17:40,251 - Knowledge - INFO - Fast-tracked /app/data/T0002/210888/b48252o/odoo-210888/addons/purchase/partner.py (ext=.py, size=1622)
2026-02-03 10:17:40,256 - Knowledge - INFO - Worker kw16 processing /app/data/T0002/210888/b48252o/odoo-210888/addons/purchase/stock.py
2026-02-03 10:17:40,670 - Knowledge - INFO - Async storage completed for 6 embeddings
2026-02-03 10:17:40,737 - Knowledge - INFO - process ingested knowledge for /app/data/T0002/210888/b48252o/odoo-210888/addons/auction/report/results_buyer.xml
2026-02-03 10:17:40,739 - Knowledge - INFO - process ingested knowledge for /app/data/T0002/210888/b48252o/odoo-210888/addons/auction/auction_wizard.xml
2026-02-03 10:17:41,849 - Knowledge - INFO - [kw15] Queue=154, InProgress=0, PendingWorkers=20/20, Completed=1076/1263 (85.2%)
2026-02-03 10:17:41,937 - Knowledge - INFO - Batch sizing: calculated=5, max_allowed=10, queue=154, active_workers=20/20
2026-02-03 10:17:42,557 - Knowledge - INFO - process ingested knowledge for /app/data/T0002/210888/b48252o/odoo-210888/addons/board_manufacturing/__init__.py
2026-02-03 10:17:42,650 - Knowledge - INFO - Async storing batch of 6 embeddings
2026-02-03 10:17:42,662 - Knowledge - INFO - process ingested knowledge for /app/data/T0002/210888/b48252o/odoo-210888/addons/auction/report/deposit.xml
2026-02-03 10:17:42,742 - Knowledge - INFO - process ingested knowledge for /app/data/T0002/210888/b48252o/odoo-210888/addons/auction/auction_sequence.xml
2026-02-03 10:17:42,837 - Knowledge - INFO - Worker kw13 processing /app/data/T0002/210888/b48252o/odoo-210888/addons/purchase/__init__.py
2026-02-03 10:17:42,837 - Knowledge - INFO - Async storing batch of 6 embeddings
2026-02-03 10:17:42,952 - Knowledge - INFO - Worker kw15 processing /app/data/T0002/210888/b48252o/odoo-210888/addons/crm_vertical/crm_meeting_vertical_view.xml
2026-02-03 10:17:42,954 - Knowledge - INFO - [LLM_CALL] Completed: order.py:chunk1, Duration: 7401ms, PromptTokens: 2530, CompletionTokens: 359, Cost: $0.00040
2026-02-03 10:17:42,957 - Knowledge - INFO - done ingest for /app/data/T0002/210888/b48252o/odoo-210888/addons/purchase/report/order.py
2026-02-03 10:17:42,958 - Knowledge - INFO - Fast-tracked /app/data/T0002/210888/b48252o/odoo-210888/addons/purchase/__init__.py (ext=.py, size=1144)
2026-02-03 10:17:43,048 - Knowledge - INFO - Worker kw13 processing /app/data/T0002/210888/b48252o/odoo-210888/addons/purchase/process/purchase_process.xml
2026-02-03 10:17:43,048 - Knowledge - INFO - Fast-tracked /app/data/T0002/210888/b48252o/odoo-210888/addons/crm_vertical/crm_meeting_vertical_view.xml (ext=.xml, size=661)
2026-02-03 10:17:43,058 - Knowledge - INFO - Processing batch of 6 files
2026-02-03 10:17:43,072 - Knowledge - INFO - Worker kw15 processing /app/data/T0002/210888/b48252o/odoo-210888/addons/crm_vertical/crm_vertical.py
2026-02-03 10:17:43,137 - Knowledge - INFO - Fast-tracked /app/data/T0002/210888/b48252o/odoo-210888/addons/purchase/process/purchase_process.xml (ext=.xml, size=18854)
2026-02-03 10:17:43,138 - Knowledge - INFO - Processing batch of 6 files
2026-02-03 10:17:43,162 - Knowledge - INFO - process ingested knowledge for /app/data/T0002/210888/b48252o/odoo-210888/addons/auction/wizard/wizard_lot_date_move.py
2026-02-03 10:17:43,163 - Knowledge - INFO - Worker kw15 processing /app/data/T0002/210888/b48252o/odoo-210888/addons/crm_vertical/__terp__.py
2026-02-03 10:17:43,170 - Knowledge - INFO - process ingested knowledge for /app/data/T0002/210888/b48252o/odoo-210888/addons/auction/wizard/wizard_auction_invoice_buyer.py
2026-02-03 10:17:43,264 - Knowledge - INFO - Worker kw13 processing /app/data/T0002/210888/b48252o/odoo-210888/addons/crm_vertical/crm_opportunity_vertical_view.xml
2026-02-03 10:17:43,264 - Knowledge - INFO - Fast-tracked /app/data/T0002/210888/b48252o/odoo-210888/addons/crm_vertical/__terp__.py (ext=.py, size=1462)
2026-02-03 10:17:43,437 - Knowledge - INFO - Fast-tracked /app/data/T0002/210888/b48252o/odoo-210888/addons/crm_vertical/crm_opportunity_vertical_view.xml (ext=.xml, size=646)
2026-02-03 10:17:43,437 - Knowledge - INFO - Worker kw15 processing /app/data/T0002/210888/b48252o/odoo-210888/addons/crm_vertical/crm_jobs_vertical_view.xml
2026-02-03 10:17:43,461 - Knowledge - INFO - Worker kw13 processing /app/data/T0002/210888/b48252o/odoo-210888/addons/crm_vertical/crm_fund_vertical_view.xml
2026-02-03 10:17:43,563 - Knowledge - INFO - Fast-tracked /app/data/T0002/210888/b48252o/odoo-210888/addons/crm_vertical/crm_jobs_vertical_view.xml (ext=.xml, size=643)
2026-02-03 10:17:43,637 - Knowledge - INFO - Fast-tracked /app/data/T0002/210888/b48252o/odoo-210888/addons/crm_vertical/crm_fund_vertical_view.xml (ext=.xml, size=246)
2026-02-03 10:17:43,649 - Knowledge - INFO - Worker kw15 processing /app/data/T0002/210888/b48252o/odoo-210888/addons/crm_vertical/crm_lead_vertical_view.xml
2026-02-03 10:17:43,656 - Knowledge - INFO - Worker kw13 processing /app/data/T0002/210888/b48252o/odoo-210888/addons/crm_vertical/crm_bugs_vertical_view.xml
2026-02-03 10:17:43,742 - Knowledge - INFO - Fast-tracked /app/data/T0002/210888/b48252o/odoo-210888/addons/crm_vertical/crm_bugs_vertical_view.xml (ext=.xml, size=383)
2026-02-03 10:17:43,743 - Knowledge - INFO - Async storage completed for 6 embeddings
2026-02-03 10:17:43,753 - Knowledge - INFO - Fast-tracked /app/data/T0002/210888/b48252o/odoo-210888/addons/crm_vertical/crm_lead_vertical_view.xml (ext=.xml, size=652)
2026-02-03 10:17:43,961 - Knowledge - INFO - Fast-tracked /app/data/T0002/210888/b48252o/odoo-210888/addons/crm_vertical/crm_vertical.py (small file (2034 bytes))
2026-02-03 10:17:43,966 - Knowledge - INFO - Async storage completed for 6 embeddings
2026-02-03 10:17:45,037 - Knowledge - INFO - Processing batch of 5 files
2026-02-03 10:17:45,037 - Knowledge - INFO - process ingested knowledge for /app/data/T0002/210888/b48252o/odoo-210888/addons/auction/wizard/__init__.py
2026-02-03 10:17:45,146 - Knowledge - INFO - Processing batch of 5 files
2026-02-03 10:17:45,149 - Knowledge - INFO - process ingested knowledge for /app/data/T0002/210888/b48252o/odoo-210888/addons/l10n_lu/l10n_lu_report.xml
2026-02-03 10:17:45,872 - Knowledge - INFO - process ingested knowledge for /app/data/T0002/210888/b48252o/odoo-210888/addons/auction/wizard/wizard_payer.py
2026-02-03 10:17:45,957 - Knowledge - INFO - process ingested knowledge for /app/data/T0002/210888/b48252o/odoo-210888/addons/auction/wizard/wizard_lots_invoice.py
2026-02-03 10:17:45,959 - Knowledge - INFO - process ingested knowledge for /app/data/T0002/210888/b48252o/odoo-210888/addons/auction/wizard/auction_wizard_enable_taken.py
2026-02-03 10:17:46,370 - Knowledge - INFO - Processing batch of 5 files
2026-02-03 10:17:46,370 - Knowledge - INFO - process ingested knowledge for /app/data/T0002/210888/b48252o/odoo-210888/addons/l10n_lu/l10n_lu_wizard.xml
2026-02-03 10:17:47,237 - Knowledge - INFO - process ingested knowledge for /app/data/T0002/210888/b48252o/odoo-210888/addons/auction/wizard/auction_wizard_able_taken.py
2026-02-03 10:17:47,257 - Knowledge - INFO - process ingested knowledge for /app/data/T0002/210888/b48252o/odoo-210888/addons/l10n_lu/l10n_lu_data.xml
2026-02-03 10:17:47,285 - Knowledge - INFO - process ingested knowledge for /app/data/T0002/210888/b48252o/odoo-210888/addons/auction/auction.py
2026-02-03 10:17:48,562 - Knowledge - INFO - process ingested knowledge for /app/data/T0002/210888/b48252o/odoo-210888/addons/auction/wizard/wizard_lots_pay.py
2026-02-03 10:17:48,566 - Knowledge - INFO - process ingested knowledge for /app/data/T0002/210888/b48252o/odoo-210888/addons/l10n_lu/__terp__.py
2026-02-03 10:17:49,742 - Knowledge - INFO - process ingested knowledge for /app/data/T0002/210888/b48252o/odoo-210888/addons/auction/wizard/wizard_aie_send.py
2026-02-03 10:17:49,765 - Knowledge - INFO - [LLM_CALL] Completed: wizard_group.py:chunk1, Duration: 10897ms, PromptTokens: 3822, CompletionTokens: 277, Cost: $0.00049
2026-02-03 10:17:49,766 - Knowledge - INFO - done ingest for /app/data/T0002/210888/b48252o/odoo-210888/addons/purchase/wizard/wizard_group.py
2026-02-03 10:17:50,877 - Knowledge - INFO - process ingested knowledge for /app/data/T0002/210888/b48252o/odoo-210888/addons/auction/wizard/wizard_auction_journal.py
2026-02-03 10:17:51,248 - Knowledge - INFO - process ingested knowledge for /app/data/T0002/210888/b48252o/odoo-210888/addons/auction/wizard/wizard_aie_send_result.py
2026-02-03 10:17:51,636 - Knowledge - INFO - Processing batch of 5 files
2026-02-03 10:17:51,758 - Knowledge - INFO - process ingested knowledge for /app/data/T0002/210888/b48252o/odoo-210888/addons/purchase/test/purchase_test.xml
2026-02-03 10:17:52,265 - Knowledge - INFO - process ingested knowledge for /app/data/T0002/210888/b48252o/odoo-210888/addons/auction/wizard/wizard_transfer_unsold_object.py
2026-02-03 10:17:52,354 - Knowledge - INFO - process ingested knowledge for /app/data/T0002/210888/b48252o/odoo-210888/addons/l10n_lu/wizard/print_vat.py
2026-02-03 10:17:52,356 - Knowledge - INFO - process ingested knowledge for /app/data/T0002/210888/b48252o/odoo-210888/addons/l10n_lu/__init__.py
2026-02-03 10:17:53,064 - Knowledge - INFO - [LLM_CALL] Completed: wizard_base_setup.py:chunk1, Duration: 17607ms, PromptTokens: 8190, CompletionTokens: 562, Cost: $0.00104
2026-02-03 10:17:53,065 - Knowledge - INFO - done ingest for /app/data/T0002/210888/b48252o/odoo-210888/addons/base_setup/wizard/wizard_base_setup.py
2026-02-03 10:17:54,354 - Knowledge - INFO - process ingested knowledge for /app/data/T0002/210888/b48252o/odoo-210888/addons/auction/wizard/wizard_lots_numerotate.py
2026-02-03 10:17:54,443 - Knowledge - INFO - process ingested knowledge for /app/data/T0002/210888/b48252o/odoo-210888/addons/auction/wizard/wizard_emporte.py
2026-02-03 10:17:54,458 - Knowledge - INFO - process ingested knowledge for /app/data/T0002/210888/b48252o/odoo-210888/addons/purchase/security/purchase_security.xml
2026-02-03 10:17:54,550 - Knowledge - INFO - process ingested knowledge for /app/data/T0002/210888/b48252o/odoo-210888/addons/auction/wizard/wizard_lots_cancel.py
2026-02-03 10:17:55,463 - Knowledge - INFO - process ingested knowledge for /app/data/T0002/210888/b48252o/odoo-210888/addons/base_setup/base_setup_wizard.xml
2026-02-03 10:17:55,480 - Knowledge - INFO - [WEBSOCKET] Sent: Type=progress_update, Size: 296, Duration: 0ms
2026-02-03 10:17:55,761 - Knowledge - INFO - [WEBSOCKET] Sent: Type=unknown, Size: ?, Duration: 282ms
2026-02-03 10:17:55,863 - Knowledge - INFO - Progress: 86.6% | Files: 1095/1263 | Rate: 0.96 files/sec | Queue: 144
2026-02-03 10:17:56,964 - Knowledge - INFO - [LLM_CALL] Completed: stock.py:chunk1, Duration: 16428ms, PromptTokens: 2566, CompletionTokens: 662, Cost: $0.00052
2026-02-03 10:17:56,969 - Knowledge - INFO - done ingest for /app/data/T0002/210888/b48252o/odoo-210888/addons/purchase/stock.py
2026-02-03 10:17:57,737 - Knowledge - INFO - process ingested knowledge for /app/data/T0002/210888/b48252o/odoo-210888/addons/auction/wizard/wizard_lots_buyer_map.py
2026-02-03 10:17:57,744 - Knowledge - INFO - process ingested knowledge for /app/data/T0002/210888/b48252o/odoo-210888/addons/auction/auction_report.xml
2026-02-03 10:17:57,761 - Knowledge - INFO - process ingested knowledge for /app/data/T0002/210888/b48252o/odoo-210888/addons/purchase/purchase_workflow.xml
2026-02-03 10:17:58,467 - Knowledge - INFO - process ingested knowledge for /app/data/T0002/210888/b48252o/odoo-210888/addons/base_setup/__terp__.py
2026-02-03 10:17:59,363 - Knowledge - INFO - [kw18] Queue=144, InProgress=0, PendingWorkers=20/20, Completed=1100/1263 (87.1%)
2026-02-03 10:17:59,364 - Knowledge - INFO - Batch sizing: calculated=5, max_allowed=10, queue=144, active_workers=20/20
2026-02-03 10:18:00,037 - Knowledge - INFO - process ingested knowledge for /app/data/T0002/210888/b48252o/odoo-210888/addons/auction/wizard/auction_catalog_flagey.py
2026-02-03 10:18:00,046 - Knowledge - INFO - process ingested knowledge for /app/data/T0002/210888/b48252o/odoo-210888/addons/auction/wizard/wizard_pay.py
2026-02-03 10:18:00,360 - Knowledge - INFO - [kw9] Queue=144, InProgress=0, PendingWorkers=20/20, Completed=1101/1263 (87.2%)
2026-02-03 10:18:00,361 - Knowledge - INFO - Batch sizing: calculated=5, max_allowed=10, queue=144, active_workers=20/20
2026-02-03 10:18:00,362 - Knowledge - INFO - [kw19] Queue=144, InProgress=0, PendingWorkers=20/20, Completed=1101/1263 (87.2%)
2026-02-03 10:18:00,438 - Knowledge - INFO - Batch sizing: calculated=5, max_allowed=10, queue=144, active_workers=20/20
2026-02-03 10:18:00,858 - Knowledge - INFO - [kw17] Queue=144, InProgress=0, PendingWorkers=20/20, Completed=1101/1263 (87.2%)
2026-02-03 10:18:00,858 - Knowledge - INFO - Batch sizing: calculated=5, max_allowed=10, queue=144, active_workers=20/20
2026-02-03 10:18:00,859 - Knowledge - INFO - process ingested knowledge for /app/data/T0002/210888/b48252o/odoo-210888/addons/l10n_lu/wizard/pdf_ext.py
2026-02-03 10:18:00,861 - Knowledge - INFO - process ingested knowledge for /app/data/T0002/210888/b48252o/odoo-210888/addons/auction/auction_data.xml
2026-02-03 10:18:02,142 - Knowledge - INFO - [LLM_CALL] Completed: purchase.py:chunk1, Duration: 25283ms, PromptTokens: 14640, CompletionTokens: 1438, Cost: $0.00204
2026-02-03 10:18:02,143 - Knowledge - INFO - done ingest for /app/data/T0002/210888/b48252o/odoo-210888/addons/purchase/purchase.py
2026-02-03 10:18:02,361 - Knowledge - INFO - Async storing batch of 6 embeddings
2026-02-03 10:18:02,362 - Knowledge - INFO - Processing batch of 5 files
2026-02-03 10:18:02,362 - Knowledge - INFO - Worker kw18 processing /app/data/T0002/210888/b48252o/odoo-210888/addons/crm_vertical/__init__.py
2026-02-03 10:18:02,364 - Knowledge - INFO - process ingested knowledge for /app/data/T0002/210888/b48252o/odoo-210888/addons/purchase/__init__.py
2026-02-03 10:18:02,365 - Knowledge - INFO - Async storing batch of 6 embeddings
2026-02-03 10:18:02,377 - Knowledge - INFO - Async storing batch of 6 embeddings
2026-02-03 10:18:02,378 - Knowledge - INFO - Fast-tracked /app/data/T0002/210888/b48252o/odoo-210888/addons/crm_vertical/__init__.py (ext=.py, size=1077)
2026-02-03 10:18:02,379 - Knowledge - INFO - Worker kw19 processing /app/data/T0002/210888/b48252o/odoo-210888/addons/crm_profiling/wizard/__init__.py
2026-02-03 10:18:02,380 - Knowledge - INFO - Worker kw18 processing /app/data/T0002/210888/b48252o/odoo-210888/addons/profile_accounting/profile_accounting.py
2026-02-03 10:18:02,383 - Knowledge - INFO - Worker kw9 processing /app/data/T0002/210888/b48252o/odoo-210888/addons/crm_profiling/crm_profiling_view.xml
2026-02-03 10:18:02,385 - Knowledge - INFO - Fast-tracked /app/data/T0002/210888/b48252o/odoo-210888/addons/crm_profiling/crm_profiling_view.xml (ext=.xml, size=8191)
2026-02-03 10:18:02,385 - Knowledge - INFO - Worker kw9 processing /app/data/T0002/210888/b48252o/odoo-210888/addons/crm_profiling/crm_profiling.py
2026-02-03 10:18:02,386 - Knowledge - INFO - Fast-tracked /app/data/T0002/210888/b48252o/odoo-210888/addons/crm_profiling/wizard/__init__.py (ext=.py, size=1083)
2026-02-03 10:18:02,436 - Knowledge - INFO - Worker kw19 processing /app/data/T0002/210888/b48252o/odoo-210888/addons/crm_profiling/wizard/open_questionnaire.py
2026-02-03 10:18:02,438 - Knowledge - INFO - Worker kw18 processing /app/data/T0002/210888/b48252o/odoo-210888/addons/profile_accounting/profile_accounting.xml
2026-02-03 10:18:02,439 - Knowledge - INFO - Worker kw19 processing /app/data/T0002/210888/b48252o/odoo-210888/addons/crm_profiling/__init__.py
2026-02-03 10:18:02,440 - Knowledge - INFO - Worker kw9 processing /app/data/T0002/210888/b48252o/odoo-210888/addons/crm_profiling/crm_profiling_wizard.xml
2026-02-03 10:18:02,441 - Knowledge - INFO - Fast-tracked /app/data/T0002/210888/b48252o/odoo-210888/addons/profile_accounting/profile_accounting.xml (ext=.xml, size=2427)
2026-02-03 10:18:02,441 - Knowledge - INFO - Worker kw18 processing /app/data/T0002/210888/b48252o/odoo-210888/addons/profile_accounting/__terp__.py
2026-02-03 10:18:02,442 - Knowledge - INFO - Fast-tracked /app/data/T0002/210888/b48252o/odoo-210888/addons/crm_profiling/__init__.py (ext=.py, size=1092)
2026-02-03 10:18:02,442 - Knowledge - INFO - Worker kw19 processing /app/data/T0002/210888/b48252o/odoo-210888/addons/project/project_view.xml
2026-02-03 10:18:02,443 - Knowledge - INFO - Fast-tracked /app/data/T0002/210888/b48252o/odoo-210888/addons/crm_profiling/crm_profiling_wizard.xml (ext=.xml, size=193)
2026-02-03 10:18:02,444 - Knowledge - INFO - Worker kw9 processing /app/data/T0002/210888/b48252o/odoo-210888/addons/crm_profiling/crm_profiling_demo.xml
2026-02-03 10:18:02,444 - Knowledge - INFO - Fast-tracked /app/data/T0002/210888/b48252o/odoo-210888/addons/profile_accounting/__terp__.py (ext=.py, size=1485)
2026-02-03 10:18:02,445 - Knowledge - INFO - Fast-tracked /app/data/T0002/210888/b48252o/odoo-210888/addons/project/project_view.xml (ext=.xml, size=32786)
2026-02-03 10:18:02,447 - Knowledge - INFO - Fast-tracked /app/data/T0002/210888/b48252o/odoo-210888/addons/crm_profiling/crm_profiling_demo.xml (ext=.xml, size=12205)
2026-02-03 10:18:02,450 - Knowledge - INFO - Worker kw18 processing /app/data/T0002/210888/b48252o/odoo-210888/addons/profile_accounting/__init__.py
2026-02-03 10:18:02,451 - Knowledge - INFO - Worker kw19 processing /app/data/T0002/210888/b48252o/odoo-210888/addons/project/security/project_security.xml
2026-02-03 10:18:02,461 - Knowledge - INFO - Worker kw9 processing /app/data/T0002/210888/b48252o/odoo-210888/addons/crm_profiling/__terp__.py
2026-02-03 10:18:02,462 - Knowledge - INFO - Fast-tracked /app/data/T0002/210888/b48252o/odoo-210888/addons/profile_accounting/__init__.py (ext=.py, size=1084)
2026-02-03 10:18:02,470 - Knowledge - INFO - Fast-tracked /app/data/T0002/210888/b48252o/odoo-210888/addons/project/security/project_security.xml (ext=.xml, size=781)
2026-02-03 10:18:02,536 - Knowledge - INFO - Fast-tracked /app/data/T0002/210888/b48252o/odoo-210888/addons/crm_profiling/wizard/open_questionnaire.py (small file (2704 bytes))
2026-02-03 10:18:02,544 - Knowledge - INFO - Async storage completed for 6 embeddings
2026-02-03 10:18:02,549 - Knowledge - INFO - Fast-tracked /app/data/T0002/210888/b48252o/odoo-210888/addons/crm_profiling/__terp__.py (small file (2103 bytes))
2026-02-03 10:18:02,552 - Knowledge - INFO - Async storage completed for 6 embeddings
2026-02-03 10:18:02,556 - Knowledge - INFO - Async storage completed for 6 embeddings
2026-02-03 10:18:02,754 - Knowledge - INFO - Async storing batch of 6 embeddings
2026-02-03 10:18:02,755 - Knowledge - INFO - process ingested knowledge for /app/data/T0002/210888/b48252o/odoo-210888/addons/purchase/purchase_view.xml
2026-02-03 10:18:02,757 - Knowledge - INFO - process ingested knowledge for /app/data/T0002/210888/b48252o/odoo-210888/addons/l10n_lu/wizard/__init__.py
2026-02-03 10:18:02,759 - Knowledge - INFO - Worker kw17 processing /app/data/T0002/210888/b48252o/odoo-210888/addons/project/report/_date_compute.py
2026-02-03 10:18:02,759 - Knowledge - INFO - Processing batch of 5 files
2026-02-03 10:18:02,762 - Knowledge - INFO - process ingested knowledge for /app/data/T0002/210888/b48252o/odoo-210888/addons/crm_vertical/crm_meeting_vertical_view.xml
2026-02-03 10:18:02,764 - Knowledge - INFO - Worker kw17 processing /app/data/T0002/210888/b48252o/odoo-210888/addons/project/report/gantt_report.py
2026-02-03 10:18:02,765 - Knowledge - INFO - Worker kw17 processing /app/data/T0002/210888/b48252o/odoo-210888/addons/project/report/project_report.xml
2026-02-03 10:18:02,767 - Knowledge - INFO - Fast-tracked /app/data/T0002/210888/b48252o/odoo-210888/addons/project/report/project_report.xml (ext=.xml, size=1530)
2026-02-03 10:18:02,768 - Knowledge - INFO - Worker kw17 processing /app/data/T0002/210888/b48252o/odoo-210888/addons/project/report/gantt.py
2026-02-03 10:18:02,772 - Knowledge - INFO - Worker kw17 processing /app/data/T0002/210888/b48252o/odoo-210888/addons/project/report/__init__.py
2026-02-03 10:18:02,773 - Knowledge - INFO - Fast-tracked /app/data/T0002/210888/b48252o/odoo-210888/addons/project/report/__init__.py (ext=.py, size=1078)
2026-02-03 10:18:02,851 - Knowledge - INFO - Fast-tracked /app/data/T0002/210888/b48252o/odoo-210888/addons/project/report/gantt_report.py (small file (3045 bytes))
2026-02-03 10:18:02,858 - Knowledge - INFO - Async storage completed for 6 embeddings
2026-02-03 10:18:04,441 - Knowledge - INFO - process ingested knowledge for /app/data/T0002/210888/b48252o/odoo-210888/addons/purchase/process/purchase_process.xml
2026-02-03 10:18:05,285 - Knowledge - INFO - process ingested knowledge for /app/data/T0002/210888/b48252o/odoo-210888/addons/auction/wizard/wizard_lots_sms.py
2026-02-03 10:18:05,944 - Knowledge - INFO - process ingested knowledge for /app/data/T0002/210888/b48252o/odoo-210888/addons/purchase/report/order.py
2026-02-03 10:18:06,071 - Knowledge - INFO - Processing batch of 5 files
2026-02-03 10:18:06,154 - Knowledge - INFO - process ingested knowledge for /app/data/T0002/210888/b48252o/odoo-210888/addons/purchase/__terp__.py
2026-02-03 10:18:07,643 - Knowledge - INFO - process ingested knowledge for /app/data/T0002/210888/b48252o/odoo-210888/addons/crm_vertical/crm_opportunity_vertical_view.xml
2026-02-03 10:18:07,956 - Knowledge - INFO - [LLM_CALL] Completed: profile_accounting.py:chunk1, Duration: 5481ms, PromptTokens: 2146, CompletionTokens: 273, Cost: $0.00032
2026-02-03 10:18:07,958 - Knowledge - INFO - done ingest for /app/data/T0002/210888/b48252o/odoo-210888/addons/profile_accounting/profile_accounting.py
2026-02-03 10:18:13,378 - Knowledge - INFO - process ingested knowledge for /app/data/T0002/210888/b48252o/odoo-210888/addons/crm_vertical/crm_fund_vertical_view.xml
2026-02-03 10:18:14,639 - Knowledge - INFO - [LLM_CALL] Completed: crm_profiling.py:chunk1, Duration: 12165ms, PromptTokens: 5116, CompletionTokens: 666, Cost: $0.00078
2026-02-03 10:18:14,639 - Knowledge - INFO - done ingest for /app/data/T0002/210888/b48252o/odoo-210888/addons/crm_profiling/crm_profiling.py
2026-02-03 10:18:15,545 - Knowledge - INFO - [LLM_CALL] Completed: _date_compute.py:chunk1, Duration: 12769ms, PromptTokens: 2448, CompletionTokens: 329, Cost: $0.00038
2026-02-03 10:18:15,547 - Knowledge - INFO - done ingest for /app/data/T0002/210888/b48252o/odoo-210888/addons/project/report/_date_compute.py
2026-02-03 10:18:16,467 - Knowledge - INFO - [LLM_CALL] Completed: gantt.py:chunk1, Duration: 13612ms, PromptTokens: 2964, CompletionTokens: 570, Cost: $0.00052
2026-02-03 10:18:16,538 - Knowledge - INFO - done ingest for /app/data/T0002/210888/b48252o/odoo-210888/addons/project/report/gantt.py
2026-02-03 10:18:16,556 - Knowledge - INFO - process ingested knowledge for /app/data/T0002/210888/b48252o/odoo-210888/addons/purchase/purchase_demo.xml
2026-02-03 10:18:16,759 - Knowledge - INFO - Processing batch of 5 files
2026-02-03 10:18:16,759 - Knowledge - INFO - process ingested knowledge for /app/data/T0002/210888/b48252o/odoo-210888/addons/purchase/partner_view.xml
2026-02-03 10:18:16,962 - Knowledge - INFO - process ingested knowledge for /app/data/T0002/210888/b48252o/odoo-210888/addons/crm_vertical/crm_bugs_vertical_view.xml
2026-02-03 10:18:17,248 - Knowledge - INFO - [kw4] Queue=124, InProgress=0, PendingWorkers=20/20, Completed=1122/1263 (88.8%)
2026-02-03 10:18:17,248 - Knowledge - INFO - Batch sizing: calculated=5, max_allowed=10, queue=124, active_workers=20/20
2026-02-03 10:18:17,250 - Knowledge - INFO - process ingested knowledge for /app/data/T0002/210888/b48252o/odoo-210888/addons/crm_vertical/crm_vertical.py
2026-02-03 10:18:17,252 - Knowledge - INFO - [kw10] Queue=124, InProgress=0, PendingWorkers=20/20, Completed=1122/1263 (88.8%)
2026-02-03 10:18:17,254 - Knowledge - INFO - Batch sizing: calculated=5, max_allowed=10, queue=124, active_workers=20/20
2026-02-03 10:18:17,653 - Knowledge - INFO - process ingested knowledge for /app/data/T0002/210888/b48252o/odoo-210888/addons/purchase/wizard/wizard_group.py
2026-02-03 10:18:17,655 - Knowledge - INFO - [WEBSOCKET] Sent: Type=progress_update, Size: 296, Duration: 0ms
2026-02-03 10:18:17,656 - Knowledge - INFO - [WEBSOCKET] Sent: Type=unknown, Size: ?, Duration: 2ms
2026-02-03 10:18:17,657 - Knowledge - INFO - Progress: 88.9% | Files: 1123/1263 | Rate: 0.96 files/sec | Queue: 124
2026-02-03 10:18:18,253 - Knowledge - INFO - Processing batch of 5 files
2026-02-03 10:18:18,254 - Knowledge - INFO - process ingested knowledge for /app/data/T0002/210888/b48252o/odoo-210888/addons/purchase/report/request_quotation.py
2026-02-03 10:18:18,259 - Knowledge - INFO - process ingested knowledge for /app/data/T0002/210888/b48252o/odoo-210888/addons/crm_vertical/__terp__.py
2026-02-03 10:18:18,260 - Knowledge - INFO - Async storing batch of 6 embeddings
2026-02-03 10:18:18,263 - Knowledge - INFO - Processing batch of 5 files
2026-02-03 10:18:18,263 - Knowledge - INFO - Worker kw4 processing /app/data/T0002/210888/b48252o/odoo-210888/addons/project/project_demo.xml
2026-02-03 10:18:18,264 - Knowledge - INFO - process ingested knowledge for /app/data/T0002/210888/b48252o/odoo-210888/addons/base_setup/base_setup_demo.xml
2026-02-03 10:18:18,266 - Knowledge - INFO - Fast-tracked /app/data/T0002/210888/b48252o/odoo-210888/addons/project/project_demo.xml (ext=.xml, size=13200)
2026-02-03 10:18:18,266 - Knowledge - INFO - Worker kw4 processing /app/data/T0002/210888/b48252o/odoo-210888/addons/project/project_wizard.xml
2026-02-03 10:18:18,267 - Knowledge - INFO - Fast-tracked /app/data/T0002/210888/b48252o/odoo-210888/addons/project/project_wizard.xml (ext=.xml, size=457)
2026-02-03 10:18:18,268 - Knowledge - INFO - Worker kw4 processing /app/data/T0002/210888/b48252o/odoo-210888/addons/project/company.py
2026-02-03 10:18:18,270 - Knowledge - INFO - Fast-tracked /app/data/T0002/210888/b48252o/odoo-210888/addons/project/company.py (ext=.py, size=1690)
2026-02-03 10:18:18,270 - Knowledge - INFO - Worker kw4 processing /app/data/T0002/210888/b48252o/odoo-210888/addons/project/project.py
2026-02-03 10:18:18,338 - Knowledge - INFO - Worker kw4 processing /app/data/T0002/210888/b48252o/odoo-210888/addons/project/__terp__.py
2026-02-03 10:18:18,342 - Knowledge - INFO - Fast-tracked /app/data/T0002/210888/b48252o/odoo-210888/addons/project/__terp__.py (ext=.py, size=1912)
2026-02-03 10:18:18,351 - Knowledge - INFO - Async storage completed for 6 embeddings
2026-02-03 10:18:18,759 - Knowledge - INFO - process ingested knowledge for /app/data/T0002/210888/b48252o/odoo-210888/addons/purchase/stock_view.xml
2026-02-03 10:18:18,760 - Knowledge - INFO - [kw7] Queue=119, InProgress=0, PendingWorkers=20/20, Completed=1129/1263 (89.4%)
2026-02-03 10:18:18,761 - Knowledge - INFO - Batch sizing: calculated=5, max_allowed=10, queue=119, active_workers=20/20
2026-02-03 10:18:19,356 - Knowledge - INFO - Async storing batch of 5 embeddings
2026-02-03 10:18:19,357 - Knowledge - INFO - process ingested knowledge for /app/data/T0002/210888/b48252o/odoo-210888/addons/purchase/report/__init__.py
2026-02-03 10:18:19,358 - Knowledge - INFO - Worker kw10 processing /app/data/T0002/210888/b48252o/odoo-210888/addons/project/project_report.xml
2026-02-03 10:18:19,360 - Knowledge - INFO - process ingested knowledge for /app/data/T0002/210888/b48252o/odoo-210888/addons/crm_vertical/crm_jobs_vertical_view.xml
2026-02-03 10:18:19,363 - Knowledge - INFO - process ingested knowledge for /app/data/T0002/210888/b48252o/odoo-210888/addons/purchase/wizard/__init__.py
2026-02-03 10:18:19,364 - Knowledge - INFO - Fast-tracked /app/data/T0002/210888/b48252o/odoo-210888/addons/project/project_report.xml (ext=.xml, size=380)
2026-02-03 10:18:19,370 - Knowledge - INFO - Worker kw10 processing /app/data/T0002/210888/b48252o/odoo-210888/addons/project/wizard/task_delegate.py
2026-02-03 10:18:19,373 - Knowledge - INFO - Worker kw10 processing /app/data/T0002/210888/b48252o/odoo-210888/addons/project/wizard/task_attachment.py
2026-02-03 10:18:19,374 - Knowledge - INFO - Fast-tracked /app/data/T0002/210888/b48252o/odoo-210888/addons/project/wizard/task_attachment.py (ext=.py, size=1970)
2026-02-03 10:18:19,374 - Knowledge - INFO - Worker kw10 processing /app/data/T0002/210888/b48252o/odoo-210888/addons/project/wizard/__init__.py
2026-02-03 10:18:19,439 - Knowledge - INFO - Fast-tracked /app/data/T0002/210888/b48252o/odoo-210888/addons/project/wizard/__init__.py (ext=.py, size=1121)
2026-02-03 10:18:19,439 - Knowledge - INFO - Worker kw10 processing /app/data/T0002/210888/b48252o/odoo-210888/addons/project/wizard/close_task.py
2026-02-03 10:18:19,456 - Knowledge - INFO - Processing batch of 5 files
2026-02-03 10:18:19,463 - Knowledge - INFO - process ingested knowledge for /app/data/T0002/210888/b48252o/odoo-210888/addons/crm_profiling/crm_profiling_view.xml
2026-02-03 10:18:19,653 - Knowledge - INFO - Async storage completed for 5 embeddings
2026-02-03 10:18:20,460 - Knowledge - INFO - Async storing batch of 6 embeddings
2026-02-03 10:18:20,461 - Knowledge - INFO - [kw12] Queue=109, InProgress=0, PendingWorkers=20/20, Completed=1135/1263 (89.9%)
2026-02-03 10:18:20,466 - Knowledge - INFO - process ingested knowledge for /app/data/T0002/210888/b48252o/odoo-210888/addons/base_setup/wizard/wizard_base_setup.py
2026-02-03 10:18:20,470 - Knowledge - INFO - Worker kw7 processing /app/data/T0002/210888/b48252o/odoo-210888/addons/project/__init__.py
2026-02-03 10:18:20,539 - Knowledge - INFO - Batch sizing: calculated=5, max_allowed=10, queue=109, active_workers=20/20
2026-02-03 10:18:20,653 - Knowledge - INFO - Fast-tracked /app/data/T0002/210888/b48252o/odoo-210888/addons/project/__init__.py (ext=.py, size=1117)
2026-02-03 10:18:20,654 - Knowledge - INFO - Worker kw7 processing /app/data/T0002/210888/b48252o/odoo-210888/addons/project/process/task_process.xml
2026-02-03 10:18:20,672 - Knowledge - INFO - Fast-tracked /app/data/T0002/210888/b48252o/odoo-210888/addons/project/process/task_process.xml (ext=.xml, size=9200)
2026-02-03 10:18:20,673 - Knowledge - INFO - Worker kw7 processing /app/data/T0002/210888/b48252o/odoo-210888/addons/project/project_data.xml
2026-02-03 10:18:20,746 - Knowledge - INFO - Fast-tracked /app/data/T0002/210888/b48252o/odoo-210888/addons/project/project_data.xml (ext=.xml, size=490)
2026-02-03 10:18:20,749 - Knowledge - INFO - Worker kw7 processing /app/data/T0002/210888/b48252o/odoo-210888/addons/account_budget/crossovered_budget.py
2026-02-03 10:18:20,757 - Knowledge - INFO - Worker kw7 processing /app/data/T0002/210888/b48252o/odoo-210888/addons/account_budget/crossovered_budget_demo.xml
2026-02-03 10:18:20,771 - Knowledge - INFO - Fast-tracked /app/data/T0002/210888/b48252o/odoo-210888/addons/account_budget/crossovered_budget_demo.xml (ext=.xml, size=18877)
2026-02-03 10:18:21,076 - Knowledge - INFO - Async storage completed for 6 embeddings
2026-02-03 10:18:21,251 - Knowledge - INFO - Processing batch of 5 files
2026-02-03 10:18:21,262 - Knowledge - INFO - process ingested knowledge for /app/data/T0002/210888/b48252o/odoo-210888/addons/crm_profiling/wizard/__init__.py
2026-02-03 10:18:22,154 - Knowledge - INFO - [kw6] Queue=109, InProgress=0, PendingWorkers=20/20, Completed=1136/1263 (89.9%)
2026-02-03 10:18:22,160 - Knowledge - INFO - process ingested knowledge for /app/data/T0002/210888/b48252o/odoo-210888/addons/purchase/purchase_data.xml
2026-02-03 10:18:22,160 - Knowledge - INFO - Batch sizing: calculated=5, max_allowed=10, queue=109, active_workers=20/20
2026-02-03 10:18:22,161 - Knowledge - INFO - process ingested knowledge for /app/data/T0002/210888/b48252o/odoo-210888/addons/crm_vertical/crm_lead_vertical_view.xml
2026-02-03 10:18:22,943 - Knowledge - INFO - Processing batch of 5 files
2026-02-03 10:18:22,959 - Knowledge - INFO - process ingested knowledge for /app/data/T0002/210888/b48252o/odoo-210888/addons/crm_vertical/__init__.py
2026-02-03 10:18:24,442 - Knowledge - INFO - process ingested knowledge for /app/data/T0002/210888/b48252o/odoo-210888/addons/purchase/purchase_sequence.xml
2026-02-03 10:18:24,449 - Knowledge - INFO - Async storing batch of 6 embeddings
2026-02-03 10:18:24,545 - Knowledge - INFO - Worker kw12 processing /app/data/T0002/210888/b48252o/odoo-210888/addons/account_budget/report/budget_report.py
2026-02-03 10:18:24,636 - Knowledge - INFO - Worker kw12 processing /app/data/T0002/210888/b48252o/odoo-210888/addons/account_budget/report/analytic_account_budget_report.py
2026-02-03 10:18:24,674 - Knowledge - INFO - Worker kw12 processing /app/data/T0002/210888/b48252o/odoo-210888/addons/account_budget/report/crossovered_budget_report.py
2026-02-03 10:18:24,739 - Knowledge - INFO - Worker kw12 processing /app/data/T0002/210888/b48252o/odoo-210888/addons/account_budget/report/__init__.py
2026-02-03 10:18:24,842 - Knowledge - INFO - Fast-tracked /app/data/T0002/210888/b48252o/odoo-210888/addons/account_budget/report/__init__.py (ext=.py, size=1149)
2026-02-03 10:18:24,851 - Knowledge - INFO - Worker kw12 processing /app/data/T0002/210888/b48252o/odoo-210888/addons/account_budget/crossovered_budget_workflow.xml
2026-02-03 10:18:24,878 - Knowledge - INFO - Fast-tracked /app/data/T0002/210888/b48252o/odoo-210888/addons/account_budget/crossovered_budget_workflow.xml (ext=.xml, size=3360)
2026-02-03 10:18:25,271 - Knowledge - INFO - process ingested knowledge for /app/data/T0002/210888/b48252o/odoo-210888/addons/crm_profiling/wizard/open_questionnaire.py
2026-02-03 10:18:26,058 - Knowledge - INFO - process ingested knowledge for /app/data/T0002/210888/b48252o/odoo-210888/addons/purchase/partner.py
2026-02-03 10:18:26,246 - Knowledge - INFO - Async storage completed for 6 embeddings
2026-02-03 10:18:27,868 - Knowledge - INFO - Processing batch of 5 files
2026-02-03 10:18:27,868 - Knowledge - INFO - process ingested knowledge for /app/data/T0002/210888/b48252o/odoo-210888/addons/project/report/_date_compute.py
2026-02-03 10:18:28,576 - Knowledge - INFO - process ingested knowledge for /app/data/T0002/210888/b48252o/odoo-210888/addons/base_setup/wizard/__init__.py
2026-02-03 10:18:28,672 - Knowledge - INFO - process ingested knowledge for /app/data/T0002/210888/b48252o/odoo-210888/addons/purchase/purchase.py
2026-02-03 10:18:28,750 - Knowledge - INFO - process ingested knowledge for /app/data/T0002/210888/b48252o/odoo-210888/addons/crm_profiling/__init__.py
2026-02-03 10:18:28,847 - Knowledge - INFO - Async storing batch of 5 embeddings
2026-02-03 10:18:28,850 - Knowledge - INFO - Worker kw6 processing /app/data/T0002/210888/b48252o/odoo-210888/addons/account_budget/crossovered_budget_view.xml
2026-02-03 10:18:28,862 - Knowledge - INFO - Fast-tracked /app/data/T0002/210888/b48252o/odoo-210888/addons/account_budget/crossovered_budget_view.xml (ext=.xml, size=11512)
2026-02-03 10:18:28,864 - Knowledge - INFO - Worker kw6 processing /app/data/T0002/210888/b48252o/odoo-210888/addons/account_budget/account_budget_wizard.xml
2026-02-03 10:18:28,975 - Knowledge - INFO - process ingested knowledge for /app/data/T0002/210888/b48252o/odoo-210888/addons/profile_accounting/profile_accounting.py
2026-02-03 10:18:29,067 - Knowledge - INFO - Fast-tracked /app/data/T0002/210888/b48252o/odoo-210888/addons/account_budget/account_budget_wizard.xml (ext=.xml, size=333)
2026-02-03 10:18:29,139 - Knowledge - INFO - Worker kw6 processing /app/data/T0002/210888/b48252o/odoo-210888/addons/account_budget/__terp__.py
2026-02-03 10:18:29,176 - Knowledge - INFO - Worker kw6 processing /app/data/T0002/210888/b48252o/odoo-210888/addons/account_budget/wizard/wizard_budget_spread.py
2026-02-03 10:18:29,338 - Knowledge - INFO - Worker kw6 processing /app/data/T0002/210888/b48252o/odoo-210888/addons/account_budget/wizard/wizard_crossovered_budget_summary_report.py
2026-02-03 10:18:29,566 - Knowledge - INFO - Fast-tracked /app/data/T0002/210888/b48252o/odoo-210888/addons/account_budget/__terp__.py (small file (2648 bytes))
2026-02-03 10:18:29,759 - Knowledge - INFO - Fast-tracked /app/data/T0002/210888/b48252o/odoo-210888/addons/account_budget/wizard/wizard_budget_spread.py (small file (2120 bytes))
2026-02-03 10:18:29,967 - Knowledge - INFO - Fast-tracked /app/data/T0002/210888/b48252o/odoo-210888/addons/account_budget/wizard/wizard_crossovered_budget_summary_report.py (small file (2086 bytes))
2026-02-03 10:18:30,049 - Knowledge - INFO - Async storage completed for 5 embeddings
2026-02-03 10:18:30,852 - Knowledge - INFO - process ingested knowledge for /app/data/T0002/210888/b48252o/odoo-210888/addons/project/report/gantt_report.py
2026-02-03 10:18:31,653 - Knowledge - INFO - process ingested knowledge for /app/data/T0002/210888/b48252o/odoo-210888/addons/base_setup/base_setup_data.xml
2026-02-03 10:18:31,667 - Knowledge - INFO - process ingested knowledge for /app/data/T0002/210888/b48252o/odoo-210888/addons/purchase/purchase_report.xml
2026-02-03 10:18:31,736 - Knowledge - INFO - process ingested knowledge for /app/data/T0002/210888/b48252o/odoo-210888/addons/crm_profiling/crm_profiling.py
2026-02-03 10:18:31,744 - Knowledge - INFO - process ingested knowledge for /app/data/T0002/210888/b48252o/odoo-210888/addons/purchase/stock.py
2026-02-03 10:18:31,836 - Knowledge - INFO - [kw1] Queue=99, InProgress=0, PendingWorkers=20/20, Completed=1139/1263 (90.2%)
2026-02-03 10:18:31,848 - Knowledge - INFO - process ingested knowledge for /app/data/T0002/210888/b48252o/odoo-210888/addons/profile_accounting/profile_accounting.xml
2026-02-03 10:18:31,848 - Knowledge - INFO - Batch sizing: calculated=4, max_allowed=10, queue=99, active_workers=20/20
2026-02-03 10:18:32,049 - Knowledge - INFO - [LLM_CALL] Completed: task_delegate.py:chunk1, Duration: 12487ms, PromptTokens: 3210, CompletionTokens: 336, Cost: $0.00046
2026-02-03 10:18:32,065 - Knowledge - INFO - done ingest for /app/data/T0002/210888/b48252o/odoo-210888/addons/project/wizard/task_delegate.py
2026-02-03 10:18:32,784 - Knowledge - INFO - process ingested knowledge for /app/data/T0002/210888/b48252o/odoo-210888/addons/project/report/project_report.xml
2026-02-03 10:18:32,848 - Knowledge - INFO - process ingested knowledge for /app/data/T0002/210888/b48252o/odoo-210888/addons/base_setup/__init__.py
2026-02-03 10:18:32,936 - Knowledge - INFO - process ingested knowledge for /app/data/T0002/210888/b48252o/odoo-210888/addons/project/project_view.xml
2026-02-03 10:18:32,958 - Knowledge - INFO - process ingested knowledge for /app/data/T0002/210888/b48252o/odoo-210888/addons/crm_profiling/crm_profiling_wizard.xml
2026-02-03 10:18:33,042 - Knowledge - INFO - [kw5] Queue=99, InProgress=0, PendingWorkers=20/20, Completed=1139/1263 (90.2%)
2026-02-03 10:18:33,060 - Knowledge - INFO - process ingested knowledge for /app/data/T0002/210888/b48252o/odoo-210888/addons/profile_accounting/__terp__.py
2026-02-03 10:18:33,068 - Knowledge - INFO - Async storing batch of 5 embeddings
2026-02-03 10:18:33,183 - Knowledge - INFO - Batch sizing: calculated=4, max_allowed=10, queue=99, active_workers=20/20
2026-02-03 10:18:33,257 - Knowledge - INFO - Worker kw1 processing /app/data/T0002/210888/b48252o/odoo-210888/addons/account_budget/wizard/wizard_analytic_account_budget.py
2026-02-03 10:18:33,475 - Knowledge - INFO - Fast-tracked /app/data/T0002/210888/b48252o/odoo-210888/addons/account_budget/wizard/wizard_analytic_account_budget.py (ext=.py, size=1953)
2026-02-03 10:18:33,750 - Knowledge - INFO - Worker kw1 processing /app/data/T0002/210888/b48252o/odoo-210888/addons/account_budget/wizard/wizard_budget_report.py
2026-02-03 10:18:33,775 - Knowledge - INFO - process ingested knowledge for /app/data/T0002/210888/b48252o/odoo-210888/addons/purchase/purchase_wizard.xml
2026-02-03 10:18:33,776 - Knowledge - INFO - Worker kw1 processing /app/data/T0002/210888/b48252o/odoo-210888/addons/account_budget/wizard/wizard_crossovered_budget_report.py
2026-02-03 10:18:33,777 - Knowledge - INFO - process ingested knowledge for /app/data/T0002/210888/b48252o/odoo-210888/addons/project/report/gantt.py
2026-02-03 10:18:33,857 - Knowledge - INFO - Worker kw1 processing /app/data/T0002/210888/b48252o/odoo-210888/addons/account_budget/wizard/__init__.py
2026-02-03 10:18:34,037 - Knowledge - INFO - Fast-tracked /app/data/T0002/210888/b48252o/odoo-210888/addons/account_budget/wizard/__init__.py (ext=.py, size=1240)
2026-02-03 10:18:34,076 - Knowledge - INFO - Fast-tracked /app/data/T0002/210888/b48252o/odoo-210888/addons/account_budget/wizard/wizard_budget_report.py (small file (2358 bytes))
2026-02-03 10:18:34,259 - Knowledge - INFO - Fast-tracked /app/data/T0002/210888/b48252o/odoo-210888/addons/account_budget/wizard/wizard_crossovered_budget_report.py (small file (2064 bytes))
2026-02-03 10:18:34,274 - Knowledge - INFO - Async storage completed for 5 embeddings
2026-02-03 10:18:36,643 - Knowledge - INFO - process ingested knowledge for /app/data/T0002/210888/b48252o/odoo-210888/addons/project/security/project_security.xml
2026-02-03 10:18:36,752 - Knowledge - INFO - process ingested knowledge for /app/data/T0002/210888/b48252o/odoo-210888/addons/crm_profiling/crm_profiling_demo.xml
2026-02-03 10:18:37,738 - Knowledge - INFO - [LLM_CALL] Completed: budget_report.py:chunk1, Duration: 12468ms, PromptTokens: 2436, CompletionTokens: 363, Cost: $0.00039
2026-02-03 10:18:37,744 - Knowledge - INFO - done ingest for /app/data/T0002/210888/b48252o/odoo-210888/addons/account_budget/report/budget_report.py
2026-02-03 10:18:37,867 - Knowledge - INFO - [LLM_CALL] Completed: close_task.py:chunk1, Duration: 18285ms, PromptTokens: 3060, CompletionTokens: 415, Cost: $0.00047
2026-02-03 10:18:37,942 - Knowledge - INFO - Async storing batch of 5 embeddings
2026-02-03 10:18:37,942 - Knowledge - INFO - done ingest for /app/data/T0002/210888/b48252o/odoo-210888/addons/project/wizard/close_task.py
2026-02-03 10:18:37,964 - Knowledge - INFO - [kw14] Queue=91, InProgress=0, PendingWorkers=20/20, Completed=1140/1263 (90.3%)
2026-02-03 10:18:37,971 - Knowledge - INFO - Worker kw5 processing /app/data/T0002/210888/b48252o/odoo-210888/addons/account_budget/crossovered_budget_report.xml
2026-02-03 10:18:38,072 - Knowledge - INFO - [kw20] Queue=91, InProgress=0, PendingWorkers=20/20, Completed=1141/1263 (90.3%)
2026-02-03 10:18:38,166 - Knowledge - INFO - Batch sizing: calculated=4, max_allowed=10, queue=91, active_workers=20/20
2026-02-03 10:18:38,452 - Knowledge - INFO - Fast-tracked /app/data/T0002/210888/b48252o/odoo-210888/addons/account_budget/crossovered_budget_report.xml (ext=.xml, size=1443)
2026-02-03 10:18:38,459 - Knowledge - INFO - Batch sizing: calculated=4, max_allowed=10, queue=91, active_workers=20/20
2026-02-03 10:18:38,678 - Knowledge - INFO - Worker kw5 processing /app/data/T0002/210888/b48252o/odoo-210888/addons/account_budget/__init__.py
2026-02-03 10:18:38,947 - Knowledge - INFO - Fast-tracked /app/data/T0002/210888/b48252o/odoo-210888/addons/account_budget/__init__.py (ext=.py, size=1111)
2026-02-03 10:18:38,960 - Knowledge - INFO - Worker kw5 processing /app/data/T0002/210888/b48252o/odoo-210888/addons/account_date_check/account_date_check_view.xml
2026-02-03 10:18:39,038 - Knowledge - INFO - process ingested knowledge for /app/data/T0002/210888/b48252o/odoo-210888/addons/crm_profiling/__terp__.py
2026-02-03 10:18:39,142 - Knowledge - INFO - Fast-tracked /app/data/T0002/210888/b48252o/odoo-210888/addons/account_date_check/account_date_check_view.xml (ext=.xml, size=551)
2026-02-03 10:18:39,156 - Knowledge - INFO - Worker kw5 processing /app/data/T0002/210888/b48252o/odoo-210888/addons/account_date_check/__terp__.py
2026-02-03 10:18:39,271 - Knowledge - INFO - Fast-tracked /app/data/T0002/210888/b48252o/odoo-210888/addons/account_date_check/__terp__.py (ext=.py, size=1785)
2026-02-03 10:18:39,271 - Knowledge - INFO - Async storage completed for 5 embeddings
2026-02-03 10:18:41,162 - Knowledge - INFO - process ingested knowledge for /app/data/T0002/210888/b48252o/odoo-210888/addons/project/report/__init__.py
2026-02-03 10:18:42,473 - Knowledge - INFO - [LLM_CALL] Completed: crossovered_budget.py:chunk1, Duration: 21429ms, PromptTokens: 6352, CompletionTokens: 817, Cost: $0.00096
2026-02-03 10:18:42,473 - Knowledge - INFO - done ingest for /app/data/T0002/210888/b48252o/odoo-210888/addons/account_budget/crossovered_budget.py
2026-02-03 10:18:43,181 - Knowledge - INFO - [LLM_CALL] Completed: analytic_account_budget_report.py:chunk1, Duration: 17403ms, PromptTokens: 3928, CompletionTokens: 428, Cost: $0.00056
2026-02-03 10:18:43,238 - Knowledge - INFO - done ingest for /app/data/T0002/210888/b48252o/odoo-210888/addons/account_budget/report/analytic_account_budget_report.py
2026-02-03 10:18:43,569 - Knowledge - INFO - process ingested knowledge for /app/data/T0002/210888/b48252o/odoo-210888/addons/profile_accounting/__init__.py
2026-02-03 10:18:43,655 - Knowledge - INFO - Async storing batch of 6 embeddings
2026-02-03 10:18:43,655 - Knowledge - INFO - Worker kw20 processing /app/data/T0002/210888/b48252o/odoo-210888/addons/account_date_check/account_date_check.py
2026-02-03 10:18:43,746 - Knowledge - INFO - Worker kw20 processing /app/data/T0002/210888/b48252o/odoo-210888/addons/account_date_check/__init__.py
2026-02-03 10:18:43,846 - Knowledge - INFO - Fast-tracked /app/data/T0002/210888/b48252o/odoo-210888/addons/account_date_check/__init__.py (ext=.py, size=1218)
2026-02-03 10:18:43,847 - Knowledge - INFO - Worker kw20 processing /app/data/T0002/210888/b48252o/odoo-210888/addons/report_analytic_line/report_analytic_line_view.xml
2026-02-03 10:18:43,866 - Knowledge - INFO - Fast-tracked /app/data/T0002/210888/b48252o/odoo-210888/addons/report_analytic_line/report_analytic_line_view.xml (ext=.xml, size=3119)
2026-02-03 10:18:43,872 - Knowledge - INFO - Worker kw20 processing /app/data/T0002/210888/b48252o/odoo-210888/addons/report_analytic_line/__terp__.py
2026-02-03 10:18:43,938 - Knowledge - INFO - Fast-tracked /app/data/T0002/210888/b48252o/odoo-210888/addons/report_analytic_line/__terp__.py (ext=.py, size=1588)
2026-02-03 10:18:44,076 - Knowledge - INFO - Async storage completed for 6 embeddings
2026-02-03 10:18:44,845 - Knowledge - INFO - [LLM_CALL] Completed: project.py:chunk1, Duration: 26499ms, PromptTokens: 12634, CompletionTokens: 1271, Cost: $0.00177
2026-02-03 10:18:44,951 - Knowledge - INFO - done ingest for /app/data/T0002/210888/b48252o/odoo-210888/addons/project/project.py
2026-02-03 10:18:45,436 - Knowledge - INFO - [kw11] Queue=87, InProgress=0, PendingWorkers=20/20, Completed=1147/1263 (90.8%)
2026-02-03 10:18:45,437 - Knowledge - INFO - Batch sizing: calculated=4, max_allowed=10, queue=87, active_workers=20/20
2026-02-03 10:18:46,277 - Knowledge - INFO - Async storing batch of 6 embeddings
2026-02-03 10:18:46,348 - Knowledge - INFO - Worker kw14 processing /app/data/T0002/210888/b48252o/odoo-210888/addons/report_analytic_line/report_analytic_line.py
2026-02-03 10:18:46,371 - Knowledge - INFO - Worker kw14 processing /app/data/T0002/210888/b48252o/odoo-210888/addons/report_analytic_line/__init__.py
2026-02-03 10:18:46,446 - Knowledge - INFO - Fast-tracked /app/data/T0002/210888/b48252o/odoo-210888/addons/report_analytic_line/__init__.py (ext=.py, size=1087)
2026-02-03 10:18:46,447 - Knowledge - INFO - Worker kw14 processing /app/data/T0002/210888/b48252o/odoo-210888/addons/hr_contract/hr_contract_view.xml
2026-02-03 10:18:46,466 - Knowledge - INFO - Fast-tracked /app/data/T0002/210888/b48252o/odoo-210888/addons/hr_contract/hr_contract_view.xml (ext=.xml, size=8818)
2026-02-03 10:18:46,467 - Knowledge - INFO - Worker kw14 processing /app/data/T0002/210888/b48252o/odoo-210888/addons/hr_contract/security/hr_contract_security.xml
2026-02-03 10:18:46,572 - Knowledge - INFO - Fast-tracked /app/data/T0002/210888/b48252o/odoo-210888/addons/hr_contract/security/hr_contract_security.xml (ext=.xml, size=222)
2026-02-03 10:18:46,753 - Knowledge - INFO - Fast-tracked /app/data/T0002/210888/b48252o/odoo-210888/addons/report_analytic_line/report_analytic_line.py (small file (2896 bytes))
2026-02-03 10:18:46,768 - Knowledge - INFO - Async storage completed for 6 embeddings
2026-02-03 10:18:47,672 - Knowledge - INFO - [kw13] Queue=83, InProgress=0, PendingWorkers=20/20, Completed=1148/1263 (90.9%)
2026-02-03 10:18:47,673 - Knowledge - INFO - Batch sizing: calculated=4, max_allowed=10, queue=83, active_workers=20/20
2026-02-03 10:18:49,158 - Knowledge - INFO - Async storing batch of 5 embeddings
2026-02-03 10:18:49,247 - Knowledge - INFO - Worker kw11 processing /app/data/T0002/210888/b48252o/odoo-210888/addons/hr_contract/__terp__.py
2026-02-03 10:18:49,339 - Knowledge - INFO - Fast-tracked /app/data/T0002/210888/b48252o/odoo-210888/addons/hr_contract/__terp__.py (ext=.py, size=1782)
2026-02-03 10:18:49,346 - Knowledge - INFO - Worker kw11 processing /app/data/T0002/210888/b48252o/odoo-210888/addons/hr_contract/hr_contract.py
2026-02-03 10:18:49,373 - Knowledge - INFO - Worker kw11 processing /app/data/T0002/210888/b48252o/odoo-210888/addons/hr_contract/__init__.py
2026-02-03 10:18:49,447 - Knowledge - INFO - Fast-tracked /app/data/T0002/210888/b48252o/odoo-210888/addons/hr_contract/__init__.py (ext=.py, size=1077)
2026-02-03 10:18:49,463 - Knowledge - INFO - Worker kw11 processing /app/data/T0002/210888/b48252o/odoo-210888/addons/hr_contract/hr_contract_data.xml
2026-02-03 10:18:49,480 - Knowledge - INFO - Fast-tracked /app/data/T0002/210888/b48252o/odoo-210888/addons/hr_contract/hr_contract_data.xml (ext=.xml, size=1902)
2026-02-03 10:18:49,753 - Knowledge - INFO - [WEBSOCKET] Sent: Type=progress_update, Size: 296, Duration: 0ms
2026-02-03 10:18:49,756 - Knowledge - INFO - Async storage completed for 5 embeddings
2026-02-03 10:18:49,762 - Knowledge - INFO - [WEBSOCKET] Sent: Type=unknown, Size: ?, Duration: 9ms
2026-02-03 10:18:49,857 - Knowledge - INFO - Progress: 91.3% | Files: 1153/1263 | Rate: 0.96 files/sec | Queue: 79
2026-02-03 10:18:50,773 - Knowledge - INFO - Async storing batch of 5 embeddings
2026-02-03 10:18:51,455 - Knowledge - INFO - Worker kw13 processing /app/data/T0002/210888/b48252o/odoo-210888/addons/mrp/company_view.xml
2026-02-03 10:18:51,559 - Knowledge - INFO - Fast-tracked /app/data/T0002/210888/b48252o/odoo-210888/addons/mrp/company_view.xml (ext=.xml, size=832)
2026-02-03 10:18:51,577 - Knowledge - INFO - Worker kw13 processing /app/data/T0002/210888/b48252o/odoo-210888/addons/mrp/scripts/scheduler.py
2026-02-03 10:18:51,648 - Knowledge - INFO - Fast-tracked /app/data/T0002/210888/b48252o/odoo-210888/addons/mrp/scripts/scheduler.py (ext=.py, size=1491)
2026-02-03 10:18:51,671 - Knowledge - INFO - Worker kw13 processing /app/data/T0002/210888/b48252o/odoo-210888/addons/mrp/mrp_workflow.xml
2026-02-03 10:18:51,773 - Knowledge - INFO - Fast-tracked /app/data/T0002/210888/b48252o/odoo-210888/addons/mrp/mrp_workflow.xml (ext=.xml, size=17402)
2026-02-03 10:18:51,779 - Knowledge - INFO - Worker kw13 processing /app/data/T0002/210888/b48252o/odoo-210888/addons/mrp/security/mrp_security.xml
2026-02-03 10:18:51,862 - Knowledge - INFO - Fast-tracked /app/data/T0002/210888/b48252o/odoo-210888/addons/mrp/security/mrp_security.xml (ext=.xml, size=510)
2026-02-03 10:18:51,955 - Knowledge - INFO - Async storage completed for 5 embeddings
2026-02-03 10:18:52,040 - Knowledge - INFO - [LLM_CALL] Completed: account_date_check.py:chunk1, Duration: 8003ms, PromptTokens: 2374, CompletionTokens: 474, Cost: $0.00043
2026-02-03 10:18:52,049 - Knowledge - INFO - done ingest for /app/data/T0002/210888/b48252o/odoo-210888/addons/account_date_check/account_date_check.py
2026-02-03 10:18:52,140 - Knowledge - INFO - [LLM_CALL] Completed: crossovered_budget_report.py:chunk1, Duration: 26078ms, PromptTokens: 4250, CompletionTokens: 455, Cost: $0.00061
2026-02-03 10:18:52,141 - Knowledge - INFO - done ingest for /app/data/T0002/210888/b48252o/odoo-210888/addons/account_budget/report/crossovered_budget_report.py
2026-02-03 10:18:52,974 - Knowledge - INFO - Processing batch of 5 files
2026-02-03 10:18:53,043 - Knowledge - INFO - process ingested knowledge for /app/data/T0002/210888/b48252o/odoo-210888/addons/account_budget/crossovered_budget_view.xml
2026-02-03 10:18:53,569 - Knowledge - INFO - [kw15] Queue=75, InProgress=0, PendingWorkers=20/20, Completed=1160/1263 (91.8%)
2026-02-03 10:18:53,570 - Knowledge - INFO - Batch sizing: calculated=4, max_allowed=10, queue=75, active_workers=20/20
2026-02-03 10:18:53,808 - Knowledge - INFO - Processing batch of 4 files
2026-02-03 10:18:53,809 - Knowledge - INFO - process ingested knowledge for /app/data/T0002/210888/b48252o/odoo-210888/addons/account_budget/crossovered_budget_report.xml
2026-02-03 10:18:54,249 - Knowledge - INFO - process ingested knowledge for /app/data/T0002/210888/b48252o/odoo-210888/addons/account_budget/account_budget_wizard.xml
2026-02-03 10:18:54,254 - Knowledge - INFO - [LLM_CALL] Completed: hr_contract.py:chunk1, Duration: 4617ms, PromptTokens: 2908, CompletionTokens: 412, Cost: $0.00046
2026-02-03 10:18:54,256 - Knowledge - INFO - done ingest for /app/data/T0002/210888/b48252o/odoo-210888/addons/hr_contract/hr_contract.py
2026-02-03 10:18:54,280 - Knowledge - INFO - Processing batch of 4 files
2026-02-03 10:18:54,281 - Knowledge - INFO - process ingested knowledge for /app/data/T0002/210888/b48252o/odoo-210888/addons/account_budget/wizard/wizard_analytic_account_budget.py
2026-02-03 10:18:54,474 - Knowledge - INFO - Async storing batch of 5 embeddings
2026-02-03 10:18:54,476 - Knowledge - INFO - Worker kw15 processing /app/data/T0002/210888/b48252o/odoo-210888/addons/mrp/mrp_view.xml
2026-02-03 10:18:54,478 - Knowledge - INFO - Fast-tracked /app/data/T0002/210888/b48252o/odoo-210888/addons/mrp/mrp_view.xml (ext=.xml, size=43010)
2026-02-03 10:18:54,478 - Knowledge - INFO - Worker kw15 processing /app/data/T0002/210888/b48252o/odoo-210888/addons/mrp/report/price.py
2026-02-03 10:18:54,481 - Knowledge - INFO - Worker kw15 processing /app/data/T0002/210888/b48252o/odoo-210888/addons/mrp/report/workcenter_load.py
2026-02-03 10:18:54,482 - Knowledge - INFO - Worker kw15 processing /app/data/T0002/210888/b48252o/odoo-210888/addons/mrp/report/bom_structure.py
2026-02-03 10:18:54,501 - Knowledge - INFO - Fast-tracked /app/data/T0002/210888/b48252o/odoo-210888/addons/mrp/report/bom_structure.py (small file (2328 bytes))
2026-02-03 10:18:54,502 - Knowledge - INFO - Async storage completed for 5 embeddings
2026-02-03 10:18:54,598 - Knowledge - INFO - process ingested knowledge for /app/data/T0002/210888/b48252o/odoo-210888/addons/account_budget/__init__.py
2026-02-03 10:18:54,852 - Knowledge - INFO - Processing batch of 4 files
2026-02-03 10:18:54,853 - Knowledge - INFO - process ingested knowledge for /app/data/T0002/210888/b48252o/odoo-210888/addons/mrp/company_view.xml
2026-02-03 10:18:55,043 - Knowledge - INFO - Processing batch of 5 files
2026-02-03 10:18:55,043 - Knowledge - INFO - process ingested knowledge for /app/data/T0002/210888/b48252o/odoo-210888/addons/project/project_report.xml
2026-02-03 10:18:55,344 - Knowledge - INFO - [kw16] Queue=71, InProgress=0, PendingWorkers=20/20, Completed=1174/1263 (93.0%)
2026-02-03 10:18:55,346 - Knowledge - INFO - process ingested knowledge for /app/data/T0002/210888/b48252o/odoo-210888/addons/account_budget/__terp__.py
2026-02-03 10:18:55,347 - Knowledge - INFO - Batch sizing: calculated=4, max_allowed=10, queue=71, active_workers=20/20
2026-02-03 10:18:55,361 - Knowledge - INFO - Processing batch of 4 files
2026-02-03 10:18:55,363 - Knowledge - INFO - process ingested knowledge for /app/data/T0002/210888/b48252o/odoo-210888/addons/account_budget/wizard/wizard_budget_report.py
2026-02-03 10:18:55,375 - Knowledge - INFO - process ingested knowledge for /app/data/T0002/210888/b48252o/odoo-210888/addons/report_analytic_line/report_analytic_line.py
2026-02-03 10:18:55,569 - Knowledge - INFO - process ingested knowledge for /app/data/T0002/210888/b48252o/odoo-210888/addons/account_date_check/account_date_check_view.xml
2026-02-03 10:18:55,749 - Knowledge - INFO - process ingested knowledge for /app/data/T0002/210888/b48252o/odoo-210888/addons/mrp/scripts/scheduler.py
2026-02-03 10:18:55,758 - Knowledge - INFO - process ingested knowledge for /app/data/T0002/210888/b48252o/odoo-210888/addons/project/wizard/task_delegate.py
2026-02-03 10:18:55,778 - Knowledge - INFO - Processing batch of 5 files
2026-02-03 10:18:55,779 - Knowledge - INFO - process ingested knowledge for /app/data/T0002/210888/b48252o/odoo-210888/addons/project/project_demo.xml
2026-02-03 10:18:55,906 - Knowledge - INFO - process ingested knowledge for /app/data/T0002/210888/b48252o/odoo-210888/addons/account_budget/wizard/wizard_budget_spread.py
2026-02-03 10:18:56,078 - Knowledge - INFO - process ingested knowledge for /app/data/T0002/210888/b48252o/odoo-210888/addons/account_budget/wizard/wizard_crossovered_budget_report.py
2026-02-03 10:18:56,079 - Knowledge - INFO - process ingested knowledge for /app/data/T0002/210888/b48252o/odoo-210888/addons/report_analytic_line/__init__.py
2026-02-03 10:18:56,080 - Knowledge - INFO - Async storing batch of 5 embeddings
2026-02-03 10:18:56,081 - Knowledge - INFO - process ingested knowledge for /app/data/T0002/210888/b48252o/odoo-210888/addons/account_date_check/__terp__.py
2026-02-03 10:18:56,082 - Knowledge - INFO - Worker kw16 processing /app/data/T0002/210888/b48252o/odoo-210888/addons/mrp/report/order.py
2026-02-03 10:18:56,082 - Knowledge - INFO - [WEBSOCKET] Sent: Type=progress_update, Size: 295, Duration: 0ms
2026-02-03 10:18:56,083 - Knowledge - INFO - process ingested knowledge for /app/data/T0002/210888/b48252o/odoo-210888/addons/mrp/mrp_workflow.xml
2026-02-03 10:18:56,096 - Knowledge - INFO - [kw19] Queue=67, InProgress=0, PendingWorkers=20/20, Completed=1179/1263 (93.3%)
2026-02-03 10:18:56,098 - Knowledge - INFO - process ingested knowledge for /app/data/T0002/210888/b48252o/odoo-210888/addons/project/wizard/task_attachment.py
2026-02-03 10:18:56,142 - Knowledge - INFO - [WEBSOCKET] Sent: Type=unknown, Size: ?, Duration: 60ms
2026-02-03 10:18:56,148 - Knowledge - INFO - Batch sizing: calculated=4, max_allowed=10, queue=67, active_workers=20/20
2026-02-03 10:18:56,157 - Knowledge - INFO - Fast-tracked /app/data/T0002/210888/b48252o/odoo-210888/addons/mrp/report/order.py (ext=.py, size=1484)
2026-02-03 10:18:56,174 - Knowledge - INFO - Progress: 93.3% | Files: 1179/1263 | Rate: 0.98 files/sec | Queue: 67
2026-02-03 10:18:56,179 - Knowledge - INFO - Worker kw16 processing /app/data/T0002/210888/b48252o/odoo-210888/addons/mrp/report/__init__.py
2026-02-03 10:18:56,199 - Knowledge - INFO - Fast-tracked /app/data/T0002/210888/b48252o/odoo-210888/addons/mrp/report/__init__.py (ext=.py, size=1128)
2026-02-03 10:18:56,200 - Knowledge - INFO - Worker kw16 processing /app/data/T0002/210888/b48252o/odoo-210888/addons/mrp/mrp_order_point.xml
2026-02-03 10:18:56,238 - Knowledge - INFO - Fast-tracked /app/data/T0002/210888/b48252o/odoo-210888/addons/mrp/mrp_order_point.xml (ext=.xml, size=3350)
2026-02-03 10:18:56,245 - Knowledge - INFO - Worker kw16 processing /app/data/T0002/210888/b48252o/odoo-210888/addons/mrp/mrp_demo.xml
2026-02-03 10:18:56,252 - Knowledge - INFO - Fast-tracked /app/data/T0002/210888/b48252o/odoo-210888/addons/mrp/mrp_demo.xml (ext=.xml, size=25960)
2026-02-03 10:18:56,253 - Knowledge - INFO - Async storage completed for 5 embeddings
2026-02-03 10:18:56,440 - Knowledge - INFO - process ingested knowledge for /app/data/T0002/210888/b48252o/odoo-210888/addons/account_budget/wizard/wizard_crossovered_budget_summary_report.py
2026-02-03 10:18:56,581 - Knowledge - INFO - process ingested knowledge for /app/data/T0002/210888/b48252o/odoo-210888/addons/account_budget/wizard/__init__.py
2026-02-03 10:18:56,581 - Knowledge - INFO - process ingested knowledge for /app/data/T0002/210888/b48252o/odoo-210888/addons/hr_contract/hr_contract_view.xml
2026-02-03 10:18:56,582 - Knowledge - INFO - Processing batch of 5 files
2026-02-03 10:18:56,583 - Knowledge - INFO - process ingested knowledge for /app/data/T0002/210888/b48252o/odoo-210888/addons/project/project_wizard.xml
2026-02-03 10:18:56,584 - Knowledge - INFO - process ingested knowledge for /app/data/T0002/210888/b48252o/odoo-210888/addons/project/__init__.py
2026-02-03 10:18:56,776 - Knowledge - INFO - process ingested knowledge for /app/data/T0002/210888/b48252o/odoo-210888/addons/project/wizard/__init__.py
2026-02-03 10:18:56,957 - Knowledge - INFO - Async storing batch of 5 embeddings
2026-02-03 10:18:56,962 - Knowledge - INFO - [kw8] Queue=63, InProgress=0, PendingWorkers=20/20, Completed=1181/1263 (93.5%)
2026-02-03 10:18:56,965 - Knowledge - INFO - Worker kw19 processing /app/data/T0002/210888/b48252o/odoo-210888/addons/mrp/mrp.py
2026-02-03 10:18:56,965 - Knowledge - INFO - Batch sizing: calculated=4, max_allowed=10, queue=63, active_workers=20/20
2026-02-03 10:18:56,967 - Knowledge - INFO - Worker kw19 processing /app/data/T0002/210888/b48252o/odoo-210888/addons/mrp/company.py
2026-02-03 10:18:56,974 - Knowledge - INFO - Worker kw19 processing /app/data/T0002/210888/b48252o/odoo-210888/addons/mrp/mrp_wizard.xml
2026-02-03 10:18:56,975 - Knowledge - INFO - Fast-tracked /app/data/T0002/210888/b48252o/odoo-210888/addons/mrp/mrp_wizard.xml (ext=.xml, size=1861)
2026-02-03 10:18:56,976 - Knowledge - INFO - Worker kw19 processing /app/data/T0002/210888/b48252o/odoo-210888/addons/mrp/__terp__.py
2026-02-03 10:18:57,036 - Knowledge - INFO - Fast-tracked /app/data/T0002/210888/b48252o/odoo-210888/addons/mrp/company.py (small file (2145 bytes))
2026-02-03 10:18:57,065 - Knowledge - INFO - Async storage completed for 5 embeddings
2026-02-03 10:18:57,316 - Knowledge - INFO - process ingested knowledge for /app/data/T0002/210888/b48252o/odoo-210888/addons/hr_contract/security/hr_contract_security.xml
2026-02-03 10:18:57,316 - Knowledge - INFO - process ingested knowledge for /app/data/T0002/210888/b48252o/odoo-210888/addons/project/process/task_process.xml
2026-02-03 10:18:57,317 - Knowledge - INFO - [kw17] Queue=63, InProgress=0, PendingWorkers=20/20, Completed=1181/1263 (93.5%)
2026-02-03 10:18:57,337 - Knowledge - INFO - process ingested knowledge for /app/data/T0002/210888/b48252o/odoo-210888/addons/project/wizard/close_task.py
2026-02-03 10:18:57,338 - Knowledge - INFO - Async storing batch of 5 embeddings
2026-02-03 10:18:57,339 - Knowledge - INFO - Batch sizing: calculated=4, max_allowed=10, queue=63, active_workers=20/20
2026-02-03 10:18:57,350 - Knowledge - INFO - Worker kw8 processing /app/data/T0002/210888/b48252o/odoo-210888/addons/mrp/wizard/wizard_orderpoint_procurement.py
2026-02-03 10:18:57,358 - Knowledge - INFO - Worker kw8 processing /app/data/T0002/210888/b48252o/odoo-210888/addons/mrp/wizard/wizard_change_production_qty.py
2026-02-03 10:18:57,371 - Knowledge - INFO - Worker kw8 processing /app/data/T0002/210888/b48252o/odoo-210888/addons/mrp/wizard/wizard_track_prod.py
2026-02-03 10:18:57,374 - Knowledge - INFO - Worker kw8 processing /app/data/T0002/210888/b48252o/odoo-210888/addons/mrp/wizard/make_procurement.py
2026-02-03 10:18:57,383 - Knowledge - INFO - Fast-tracked /app/data/T0002/210888/b48252o/odoo-210888/addons/mrp/wizard/wizard_orderpoint_procurement.py (small file (2674 bytes))
2026-02-03 10:18:57,403 - Knowledge - INFO - Async storage completed for 5 embeddings
2026-02-03 10:18:57,759 - Knowledge - INFO - [kw2] Queue=59, InProgress=0, PendingWorkers=20/20, Completed=1182/1263 (93.6%)
2026-02-03 10:18:57,760 - Knowledge - INFO - Batch sizing: calculated=4, max_allowed=10, queue=59, active_workers=20/20
2026-02-03 10:18:58,067 - Knowledge - INFO - process ingested knowledge for /app/data/T0002/210888/b48252o/odoo-210888/addons/project/company.py
2026-02-03 10:18:58,850 - Knowledge - INFO - process ingested knowledge for /app/data/T0002/210888/b48252o/odoo-210888/addons/project/project_data.xml
2026-02-03 10:18:58,870 - Knowledge - INFO - Async storing batch of 5 embeddings
2026-02-03 10:18:58,885 - Knowledge - INFO - [kw9] Queue=55, InProgress=0, PendingWorkers=20/20, Completed=1185/1263 (93.8%)
2026-02-03 10:18:58,940 - Knowledge - INFO - process ingested knowledge for /app/data/T0002/210888/b48252o/odoo-210888/addons/mrp/security/mrp_security.xml
2026-02-03 10:18:58,962 - Knowledge - INFO - process ingested knowledge for /app/data/T0002/210888/b48252o/odoo-210888/addons/project/project.py
2026-02-03 10:18:58,971 - Knowledge - INFO - Processing batch of 4 files
2026-02-03 10:18:58,981 - Knowledge - INFO - [kw3] Queue=55, InProgress=0, PendingWorkers=20/20, Completed=1188/1263 (94.1%)
2026-02-03 10:18:58,988 - Knowledge - INFO - Batch sizing: calculated=4, max_allowed=10, queue=55, active_workers=20/20
2026-02-03 10:18:58,989 - Knowledge - INFO - Worker kw17 processing /app/data/T0002/210888/b48252o/odoo-210888/addons/mrp/wizard/wizard_price.py
2026-02-03 10:18:59,069 - Knowledge - INFO - process ingested knowledge for /app/data/T0002/210888/b48252o/odoo-210888/addons/hr_contract/__terp__.py
2026-02-03 10:18:59,072 - Knowledge - INFO - Batch sizing: calculated=4, max_allowed=10, queue=55, active_workers=20/20
2026-02-03 10:18:59,072 - Knowledge - INFO - Processing batch of 4 files
2026-02-03 10:18:59,112 - Knowledge - INFO - Fast-tracked /app/data/T0002/210888/b48252o/odoo-210888/addons/mrp/wizard/wizard_price.py (ext=.py, size=1712)
2026-02-03 10:18:59,197 - Knowledge - INFO - process ingested knowledge for /app/data/T0002/210888/b48252o/odoo-210888/addons/account_date_check/account_date_check.py
2026-02-03 10:18:59,206 - Knowledge - INFO - Worker kw17 processing /app/data/T0002/210888/b48252o/odoo-210888/addons/mrp/wizard/wizard_workcenter_load.py
2026-02-03 10:18:59,250 - Knowledge - INFO - Worker kw17 processing /app/data/T0002/210888/b48252o/odoo-210888/addons/mrp/wizard/wizard_schedulers_all.py
2026-02-03 10:18:59,265 - Knowledge - INFO - Worker kw17 processing /app/data/T0002/210888/b48252o/odoo-210888/addons/mrp/wizard/wizard_track_line.py
2026-02-03 10:18:59,369 - Knowledge - INFO - Fast-tracked /app/data/T0002/210888/b48252o/odoo-210888/addons/mrp/wizard/wizard_workcenter_load.py (small file (2053 bytes))
2026-02-03 10:18:59,449 - Knowledge - INFO - Fast-tracked /app/data/T0002/210888/b48252o/odoo-210888/addons/mrp/wizard/wizard_schedulers_all.py (small file (2599 bytes))
2026-02-03 10:18:59,449 - Knowledge - INFO - Async storing batch of 5 embeddings
2026-02-03 10:18:59,476 - Knowledge - INFO - Worker kw2 processing /app/data/T0002/210888/b48252o/odoo-210888/addons/mrp/wizard/wizard_procurement.py
2026-02-03 10:18:59,508 - Knowledge - INFO - Worker kw2 processing /app/data/T0002/210888/b48252o/odoo-210888/addons/mrp/wizard/__init__.py
2026-02-03 10:18:59,536 - Knowledge - INFO - Fast-tracked /app/data/T0002/210888/b48252o/odoo-210888/addons/mrp/wizard/__init__.py (ext=.py, size=1311)
2026-02-03 10:18:59,537 - Knowledge - INFO - Worker kw2 processing /app/data/T0002/210888/b48252o/odoo-210888/addons/mrp/mrp_report.xml
2026-02-03 10:18:59,552 - Knowledge - INFO - Fast-tracked /app/data/T0002/210888/b48252o/odoo-210888/addons/mrp/mrp_report.xml (ext=.xml, size=443)
2026-02-03 10:18:59,556 - Knowledge - INFO - Worker kw2 processing /app/data/T0002/210888/b48252o/odoo-210888/addons/mrp/schedulers.py
2026-02-03 10:18:59,585 - Knowledge - INFO - Async storage completed for 5 embeddings
2026-02-03 10:18:59,639 - Knowledge - INFO - [LLM_CALL] Completed: price.py:chunk1, Duration: 5154ms, PromptTokens: 5438, CompletionTokens: 343, Cost: $0.00068
2026-02-03 10:18:59,646 - Knowledge - INFO - Fast-tracked /app/data/T0002/210888/b48252o/odoo-210888/addons/mrp/wizard/wizard_procurement.py (small file (2321 bytes))
2026-02-03 10:18:59,670 - Knowledge - INFO - done ingest for /app/data/T0002/210888/b48252o/odoo-210888/addons/mrp/report/price.py
2026-02-03 10:18:59,769 - Knowledge - INFO - Async storage completed for 5 embeddings
2026-02-03 10:19:01,655 - Knowledge - INFO - process ingested knowledge for /app/data/T0002/210888/b48252o/odoo-210888/addons/account_budget/crossovered_budget.py
2026-02-03 10:19:01,714 - Knowledge - INFO - process ingested knowledge for /app/data/T0002/210888/b48252o/odoo-210888/addons/project/__terp__.py
2026-02-03 10:19:01,767 - Knowledge - INFO - [LLM_CALL] Completed: workcenter_load.py:chunk1, Duration: 7273ms, PromptTokens: 4944, CompletionTokens: 499, Cost: $0.00069
2026-02-03 10:19:01,768 - Knowledge - INFO - process ingested knowledge for /app/data/T0002/210888/b48252o/odoo-210888/addons/hr_contract/hr_contract.py
2026-02-03 10:19:01,775 - Knowledge - INFO - done ingest for /app/data/T0002/210888/b48252o/odoo-210888/addons/mrp/report/workcenter_load.py
2026-02-03 10:19:01,781 - Knowledge - INFO - Async storing batch of 5 embeddings
2026-02-03 10:19:01,790 - Knowledge - INFO - Async storing batch of 5 embeddings
2026-02-03 10:19:01,900 - Knowledge - INFO - Worker kw3 processing /app/data/T0002/210888/b48252o/odoo-210888/addons/mrp/process/procurement_process.xml
2026-02-03 10:19:01,911 - Knowledge - INFO - Worker kw9 processing /app/data/T0002/210888/b48252o/odoo-210888/addons/mrp/mrp_test.xml
2026-02-03 10:19:01,956 - Knowledge - INFO - Fast-tracked /app/data/T0002/210888/b48252o/odoo-210888/addons/mrp/mrp_test.xml (ext=.xml, size=4326)
2026-02-03 10:19:01,967 - Knowledge - INFO - Worker kw9 processing /app/data/T0002/210888/b48252o/odoo-210888/addons/mrp/mrp_data.xml
2026-02-03 10:19:01,981 - Knowledge - INFO - Fast-tracked /app/data/T0002/210888/b48252o/odoo-210888/addons/mrp/process/procurement_process.xml (ext=.xml, size=15842)
2026-02-03 10:19:01,982 - Knowledge - INFO - Worker kw3 processing /app/data/T0002/210888/b48252o/odoo-210888/addons/mrp/process/stockable_product_process.xml
2026-02-03 10:19:01,994 - Knowledge - INFO - Fast-tracked /app/data/T0002/210888/b48252o/odoo-210888/addons/mrp/mrp_data.xml (ext=.xml, size=1959)
2026-02-03 10:19:02,010 - Knowledge - INFO - Worker kw9 processing /app/data/T0002/210888/b48252o/odoo-210888/addons/mrp/__init__.py
2026-02-03 10:19:02,096 - Knowledge - INFO - Fast-tracked /app/data/T0002/210888/b48252o/odoo-210888/addons/mrp/__init__.py (ext=.py, size=1129)
2026-02-03 10:19:02,097 - Knowledge - INFO - Worker kw9 processing /app/data/T0002/210888/b48252o/odoo-210888/addons/mrp/process/service_product_process.xml
2026-02-03 10:19:02,097 - Knowledge - INFO - Fast-tracked /app/data/T0002/210888/b48252o/odoo-210888/addons/mrp/process/stockable_product_process.xml (ext=.xml, size=4550)
2026-02-03 10:19:02,119 - Knowledge - INFO - Worker kw3 processing /app/data/T0002/210888/b48252o/odoo-210888/addons/base_module_merge/base_module_merge_wizard.xml
2026-02-03 10:19:02,158 - Knowledge - INFO - Fast-tracked /app/data/T0002/210888/b48252o/odoo-210888/addons/mrp/process/service_product_process.xml (ext=.xml, size=3241)
2026-02-03 10:19:02,184 - Knowledge - INFO - Fast-tracked /app/data/T0002/210888/b48252o/odoo-210888/addons/base_module_merge/base_module_merge_wizard.xml (ext=.xml, size=363)
2026-02-03 10:19:02,201 - Knowledge - INFO - Worker kw3 processing /app/data/T0002/210888/b48252o/odoo-210888/addons/base_module_merge/__terp__.py
2026-02-03 10:19:02,236 - Knowledge - INFO - Async storage completed for 5 embeddings
2026-02-03 10:19:02,273 - Knowledge - INFO - Fast-tracked /app/data/T0002/210888/b48252o/odoo-210888/addons/base_module_merge/__terp__.py (ext=.py, size=1757)
2026-02-03 10:19:02,298 - Knowledge - INFO - Async storage completed for 5 embeddings
2026-02-03 10:19:03,164 - Knowledge - INFO - process ingested knowledge for /app/data/T0002/210888/b48252o/odoo-210888/addons/account_budget/crossovered_budget_demo.xml
2026-02-03 10:19:03,211 - Knowledge - INFO - [kw18] Queue=43, InProgress=0, PendingWorkers=20/20, Completed=1189/1263 (94.1%)
2026-02-03 10:19:03,245 - Knowledge - INFO - Batch sizing: calculated=4, max_allowed=10, queue=43, active_workers=20/20
2026-02-03 10:19:03,306 - Knowledge - INFO - [LLM_CALL] Completed: __terp__.py:chunk1, Duration: 6245ms, PromptTokens: 2256, CompletionTokens: 324, Cost: $0.00036
2026-02-03 10:19:03,349 - Knowledge - INFO - done ingest for /app/data/T0002/210888/b48252o/odoo-210888/addons/mrp/__terp__.py
2026-02-03 10:19:03,605 - Knowledge - INFO - process ingested knowledge for /app/data/T0002/210888/b48252o/odoo-210888/addons/hr_contract/__init__.py
2026-02-03 10:19:03,607 - Knowledge - INFO - Processing batch of 4 files
2026-02-03 10:19:03,607 - Knowledge - INFO - process ingested knowledge for /app/data/T0002/210888/b48252o/odoo-210888/addons/mrp/report/order.py
2026-02-03 10:19:04,647 - Knowledge - INFO - process ingested knowledge for /app/data/T0002/210888/b48252o/odoo-210888/addons/account_date_check/__init__.py
2026-02-03 10:19:04,653 - Knowledge - INFO - Async storing batch of 5 embeddings
2026-02-03 10:19:04,659 - Knowledge - INFO - Worker kw18 processing /app/data/T0002/210888/b48252o/odoo-210888/addons/base_module_merge/wizard/base_module_merge.py
2026-02-03 10:19:04,691 - Knowledge - INFO - Worker kw18 processing /app/data/T0002/210888/b48252o/odoo-210888/addons/base_module_merge/wizard/__init__.py
2026-02-03 10:19:04,745 - Knowledge - INFO - Fast-tracked /app/data/T0002/210888/b48252o/odoo-210888/addons/base_module_merge/wizard/__init__.py (ext=.py, size=1083)
2026-02-03 10:19:04,746 - Knowledge - INFO - Worker kw18 processing /app/data/T0002/210888/b48252o/odoo-210888/addons/base_module_merge/__init__.py
2026-02-03 10:19:04,774 - Knowledge - INFO - Fast-tracked /app/data/T0002/210888/b48252o/odoo-210888/addons/base_module_merge/__init__.py (ext=.py, size=1071)
2026-02-03 10:19:04,786 - Knowledge - INFO - Worker kw18 processing /app/data/T0002/210888/b48252o/odoo-210888/addons/sale_journal/sale_journal_inherit.py
2026-02-03 10:19:05,241 - Knowledge - INFO - Fast-tracked /app/data/T0002/210888/b48252o/odoo-210888/addons/sale_journal/sale_journal_inherit.py (small file (2919 bytes))
2026-02-03 10:19:05,270 - Knowledge - INFO - Async storage completed for 5 embeddings
2026-02-03 10:19:05,276 - Knowledge - INFO - process ingested knowledge for /app/data/T0002/210888/b48252o/odoo-210888/addons/hr_contract/hr_contract_data.xml
2026-02-03 10:19:05,285 - Knowledge - INFO - process ingested knowledge for /app/data/T0002/210888/b48252o/odoo-210888/addons/mrp/report/__init__.py
2026-02-03 10:19:05,294 - Knowledge - INFO - Processing batch of 5 files
2026-02-03 10:19:05,301 - Knowledge - INFO - Processing batch of 4 files
2026-02-03 10:19:05,363 - Knowledge - INFO - process ingested knowledge for /app/data/T0002/210888/b48252o/odoo-210888/addons/account_budget/report/budget_report.py
2026-02-03 10:19:05,381 - Knowledge - INFO - process ingested knowledge for /app/data/T0002/210888/b48252o/odoo-210888/addons/mrp/mrp_test.xml
2026-02-03 10:19:06,085 - Knowledge - INFO - process ingested knowledge for /app/data/T0002/210888/b48252o/odoo-210888/addons/report_analytic_line/report_analytic_line_view.xml
2026-02-03 10:19:06,498 - Knowledge - INFO - [LLM_CALL] Completed: wizard_track_line.py:chunk1, Duration: 6945ms, PromptTokens: 3340, CompletionTokens: 401, Cost: $0.00049
2026-02-03 10:19:06,553 - Knowledge - INFO - done ingest for /app/data/T0002/210888/b48252o/odoo-210888/addons/mrp/wizard/wizard_track_line.py
2026-02-03 10:19:07,245 - Knowledge - INFO - [LLM_CALL] Completed: schedulers.py:chunk1, Duration: 7502ms, PromptTokens: 5320, CompletionTokens: 448, Cost: $0.00071
2026-02-03 10:19:07,285 - Knowledge - INFO - done ingest for /app/data/T0002/210888/b48252o/odoo-210888/addons/mrp/schedulers.py
2026-02-03 10:19:07,559 - Knowledge - INFO - [LLM_CALL] Completed: make_procurement.py:chunk1, Duration: 10160ms, PromptTokens: 2856, CompletionTokens: 320, Cost: $0.00041
2026-02-03 10:19:07,563 - Knowledge - INFO - done ingest for /app/data/T0002/210888/b48252o/odoo-210888/addons/mrp/wizard/make_procurement.py
2026-02-03 10:19:07,872 - Knowledge - INFO - process ingested knowledge for /app/data/T0002/210888/b48252o/odoo-210888/addons/mrp/mrp_order_point.xml
2026-02-03 10:19:08,347 - Knowledge - INFO - process ingested knowledge for /app/data/T0002/210888/b48252o/odoo-210888/addons/mrp/mrp_data.xml
2026-02-03 10:19:09,096 - Knowledge - INFO - [LLM_CALL] Completed: wizard_track_prod.py:chunk1, Duration: 11704ms, PromptTokens: 2934, CompletionTokens: 357, Cost: $0.00044
2026-02-03 10:19:09,097 - Knowledge - INFO - done ingest for /app/data/T0002/210888/b48252o/odoo-210888/addons/mrp/wizard/wizard_track_prod.py
2026-02-03 10:19:09,138 - Knowledge - INFO - process ingested knowledge for /app/data/T0002/210888/b48252o/odoo-210888/addons/report_analytic_line/__terp__.py
2026-02-03 10:19:10,549 - Knowledge - INFO - Processing batch of 4 files
2026-02-03 10:19:10,556 - Knowledge - INFO - process ingested knowledge for /app/data/T0002/210888/b48252o/odoo-210888/addons/mrp/process/procurement_process.xml
2026-02-03 10:19:11,163 - Knowledge - INFO - process ingested knowledge for /app/data/T0002/210888/b48252o/odoo-210888/addons/account_budget/report/analytic_account_budget_report.py
2026-02-03 10:19:11,173 - Knowledge - INFO - process ingested knowledge for /app/data/T0002/210888/b48252o/odoo-210888/addons/mrp/mrp_demo.xml
2026-02-03 10:19:11,341 - Knowledge - INFO - [LLM_CALL] Completed: wizard_change_production_qty.py:chunk1, Duration: 13956ms, PromptTokens: 3066, CompletionTokens: 463, Cost: $0.00049
2026-02-03 10:19:11,363 - Knowledge - INFO - done ingest for /app/data/T0002/210888/b48252o/odoo-210888/addons/mrp/wizard/wizard_change_production_qty.py
2026-02-03 10:19:11,642 - Knowledge - INFO - [WEBSOCKET] Sent: Type=progress_update, Size: 296, Duration: 1ms
2026-02-03 10:19:11,643 - Knowledge - INFO - [WEBSOCKET] Sent: Type=unknown, Size: ?, Duration: 2ms
2026-02-03 10:19:11,644 - Knowledge - INFO - Progress: 95.4% | Files: 1205/1263 | Rate: 0.99 files/sec | Queue: 39
2026-02-03 10:19:12,397 - Knowledge - INFO - process ingested knowledge for /app/data/T0002/210888/b48252o/odoo-210888/addons/mrp/process/stockable_product_process.xml
2026-02-03 10:19:12,846 - Knowledge - INFO - process ingested knowledge for /app/data/T0002/210888/b48252o/odoo-210888/addons/mrp/__init__.py
2026-02-03 10:19:12,855 - Knowledge - INFO - process ingested knowledge for /app/data/T0002/210888/b48252o/odoo-210888/addons/account_budget/report/crossovered_budget_report.py
2026-02-03 10:19:12,959 - Knowledge - INFO - Processing batch of 4 files
2026-02-03 10:19:12,987 - Knowledge - INFO - process ingested knowledge for /app/data/T0002/210888/b48252o/odoo-210888/addons/mrp/mrp_view.xml
2026-02-03 10:19:13,392 - Knowledge - INFO - [LLM_CALL] Completed: base_module_merge.py:chunk1, Duration: 8356ms, PromptTokens: 6702, CompletionTokens: 548, Cost: $0.00089
2026-02-03 10:19:13,392 - Knowledge - INFO - done ingest for /app/data/T0002/210888/b48252o/odoo-210888/addons/base_module_merge/wizard/base_module_merge.py
2026-02-03 10:19:14,087 - Knowledge - INFO - [kw1] Queue=39, InProgress=0, PendingWorkers=20/20, Completed=1206/1263 (95.5%)
2026-02-03 10:19:14,088 - Knowledge - INFO - Batch sizing: calculated=4, max_allowed=10, queue=39, active_workers=20/20
2026-02-03 10:19:14,089 - Knowledge - INFO - [kw10] Queue=39, InProgress=0, PendingWorkers=20/20, Completed=1206/1263 (95.5%)
2026-02-03 10:19:14,094 - Knowledge - INFO - Batch sizing: calculated=4, max_allowed=10, queue=39, active_workers=20/20
2026-02-03 10:19:14,294 - Knowledge - INFO - process ingested knowledge for /app/data/T0002/210888/b48252o/odoo-210888/addons/base_module_merge/base_module_merge_wizard.xml
2026-02-03 10:19:14,402 - Knowledge - INFO - process ingested knowledge for /app/data/T0002/210888/b48252o/odoo-210888/addons/mrp/process/service_product_process.xml
2026-02-03 10:19:14,406 - Knowledge - INFO - process ingested knowledge for /app/data/T0002/210888/b48252o/odoo-210888/addons/account_budget/report/__init__.py
2026-02-03 10:19:14,510 - Knowledge - INFO - Async storing batch of 4 embeddings
2026-02-03 10:19:14,510 - Knowledge - INFO - [kw5] Queue=35, InProgress=0, PendingWorkers=20/20, Completed=1210/1263 (95.8%)
2026-02-03 10:19:14,512 - Knowledge - INFO - [kw6] Queue=35, InProgress=0, PendingWorkers=20/20, Completed=1210/1263 (95.8%)
2026-02-03 10:19:14,513 - Knowledge - INFO - Worker kw1 processing /app/data/T0002/210888/b48252o/odoo-210888/addons/sale_journal/sale_journal_view.xml
2026-02-03 10:19:14,516 - Knowledge - INFO - Batch sizing: calculated=4, max_allowed=10, queue=35, active_workers=20/20
2026-02-03 10:19:14,537 - Knowledge - INFO - process ingested knowledge for /app/data/T0002/210888/b48252o/odoo-210888/addons/base_module_merge/__terp__.py
2026-02-03 10:19:14,545 - Knowledge - INFO - [kw14] Queue=35, InProgress=0, PendingWorkers=20/20, Completed=1210/1263 (95.8%)
2026-02-03 10:19:14,547 - Knowledge - INFO - Batch sizing: calculated=4, max_allowed=10, queue=35, active_workers=20/20
2026-02-03 10:19:14,549 - Knowledge - INFO - Fast-tracked /app/data/T0002/210888/b48252o/odoo-210888/addons/sale_journal/sale_journal_view.xml (ext=.xml, size=17505)
2026-02-03 10:19:14,549 - Knowledge - INFO - Batch sizing: calculated=4, max_allowed=10, queue=35, active_workers=20/20
2026-02-03 10:19:14,550 - Knowledge - INFO - Worker kw1 processing /app/data/T0002/210888/b48252o/odoo-210888/addons/sale_journal/picking_journal_view.xml
2026-02-03 10:19:14,556 - Knowledge - INFO - Fast-tracked /app/data/T0002/210888/b48252o/odoo-210888/addons/sale_journal/picking_journal_view.xml (ext=.xml, size=5391)
2026-02-03 10:19:14,556 - Knowledge - INFO - Worker kw1 processing /app/data/T0002/210888/b48252o/odoo-210888/addons/sale_journal/sale_journal_demo.xml
2026-02-03 10:19:14,557 - Knowledge - INFO - Fast-tracked /app/data/T0002/210888/b48252o/odoo-210888/addons/sale_journal/sale_journal_demo.xml (ext=.xml, size=505)
2026-02-03 10:19:14,558 - Knowledge - INFO - Worker kw1 processing /app/data/T0002/210888/b48252o/odoo-210888/addons/sale_journal/sale_journal.py
2026-02-03 10:19:14,566 - Knowledge - INFO - Async storage completed for 4 embeddings
2026-02-03 10:19:14,777 - Knowledge - INFO - [kw13] Queue=35, InProgress=0, PendingWorkers=20/20, Completed=1211/1263 (95.9%)
2026-02-03 10:19:14,778 - Knowledge - INFO - Batch sizing: calculated=4, max_allowed=10, queue=35, active_workers=20/20
2026-02-03 10:19:14,899 - Knowledge - INFO - Async storing batch of 5 embeddings
2026-02-03 10:19:14,900 - Knowledge - INFO - Worker kw10 processing /app/data/T0002/210888/b48252o/odoo-210888/addons/sale_journal/__terp__.py
2026-02-03 10:19:14,902 - Knowledge - INFO - Worker kw10 processing /app/data/T0002/210888/b48252o/odoo-210888/addons/sale_journal/sale_journal_report.py
2026-02-03 10:19:14,904 - Knowledge - INFO - Worker kw10 processing /app/data/T0002/210888/b48252o/odoo-210888/addons/sale_journal/sale_journal_picking_report.py
2026-02-03 10:19:14,906 - Knowledge - INFO - Worker kw10 processing /app/data/T0002/210888/b48252o/odoo-210888/addons/sale_journal/picking_journal_view_report.xml
2026-02-03 10:19:14,908 - Knowledge - INFO - Fast-tracked /app/data/T0002/210888/b48252o/odoo-210888/addons/sale_journal/picking_journal_view_report.xml (ext=.xml, size=5520)
2026-02-03 10:19:14,910 - Knowledge - INFO - Fast-tracked /app/data/T0002/210888/b48252o/odoo-210888/addons/sale_journal/__terp__.py (small file (2489 bytes))
2026-02-03 10:19:14,916 - Knowledge - INFO - Fast-tracked /app/data/T0002/210888/b48252o/odoo-210888/addons/sale_journal/sale_journal_report.py (small file (2940 bytes))
2026-02-03 10:19:14,946 - Knowledge - INFO - Async storage completed for 5 embeddings
2026-02-03 10:19:15,143 - Knowledge - INFO - Processing batch of 4 files
2026-02-03 10:19:15,143 - Knowledge - INFO - process ingested knowledge for /app/data/T0002/210888/b48252o/odoo-210888/addons/mrp/wizard/wizard_procurement.py
2026-02-03 10:19:15,677 - Knowledge - INFO - Async storing batch of 4 embeddings
2026-02-03 10:19:15,678 - Knowledge - INFO - Worker kw5 processing /app/data/T0002/210888/b48252o/odoo-210888/addons/sale_journal/__init__.py
2026-02-03 10:19:15,687 - Knowledge - INFO - Async storing batch of 5 embeddings
2026-02-03 10:19:15,698 - Knowledge - INFO - Worker kw6 processing /app/data/T0002/210888/b48252o/odoo-210888/addons/document/security/document_security.xml
2026-02-03 10:19:15,699 - Knowledge - INFO - Fast-tracked /app/data/T0002/210888/b48252o/odoo-210888/addons/sale_journal/__init__.py (ext=.py, size=1168)
2026-02-03 10:19:15,753 - Knowledge - INFO - Worker kw5 processing /app/data/T0002/210888/b48252o/odoo-210888/addons/sale_journal/sale_journal_data.xml
2026-02-03 10:19:15,783 - Knowledge - INFO - Fast-tracked /app/data/T0002/210888/b48252o/odoo-210888/addons/document/security/document_security.xml (ext=.xml, size=361)
2026-02-03 10:19:15,788 - Knowledge - INFO - Worker kw6 processing /app/data/T0002/210888/b48252o/odoo-210888/addons/document/custom_view.xml
2026-02-03 10:19:15,796 - Knowledge - INFO - Fast-tracked /app/data/T0002/210888/b48252o/odoo-210888/addons/sale_journal/sale_journal_data.xml (ext=.xml, size=337)
2026-02-03 10:19:15,797 - Knowledge - INFO - Worker kw5 processing /app/data/T0002/210888/b48252o/odoo-210888/addons/document/odt2txt.py
2026-02-03 10:19:15,852 - Knowledge - INFO - Worker kw5 processing /app/data/T0002/210888/b48252o/odoo-210888/addons/document/document_view.xml
2026-02-03 10:19:15,856 - Knowledge - INFO - Fast-tracked /app/data/T0002/210888/b48252o/odoo-210888/addons/document/custom_view.xml (ext=.xml, size=351)
2026-02-03 10:19:15,856 - Knowledge - INFO - Worker kw6 processing /app/data/T0002/210888/b48252o/odoo-210888/addons/document/README.txt
2026-02-03 10:19:15,862 - Knowledge - INFO - Fast-tracked /app/data/T0002/210888/b48252o/odoo-210888/addons/document/README.txt (ext=.txt, size=195)
2026-02-03 10:19:15,863 - Knowledge - INFO - Worker kw6 processing /app/data/T0002/210888/b48252o/odoo-210888/addons/document/document_demo.xml
2026-02-03 10:19:15,874 - Knowledge - INFO - Fast-tracked /app/data/T0002/210888/b48252o/odoo-210888/addons/document/document_view.xml (ext=.xml, size=12743)
2026-02-03 10:19:15,900 - Knowledge - INFO - Fast-tracked /app/data/T0002/210888/b48252o/odoo-210888/addons/document/document_demo.xml (ext=.xml, size=3248)
2026-02-03 10:19:15,956 - Knowledge - INFO - Async storage completed for 5 embeddings
2026-02-03 10:19:15,980 - Knowledge - INFO - Fast-tracked /app/data/T0002/210888/b48252o/odoo-210888/addons/document/odt2txt.py (small file (2118 bytes))
2026-02-03 10:19:15,983 - Knowledge - INFO - Async storage completed for 4 embeddings
2026-02-03 10:19:16,651 - Knowledge - INFO - Async storing batch of 4 embeddings
2026-02-03 10:19:16,651 - Knowledge - INFO - Worker kw13 processing /app/data/T0002/210888/b48252o/odoo-210888/addons/document/document.py
2026-02-03 10:19:16,666 - Knowledge - INFO - Worker kw13 processing /app/data/T0002/210888/b48252o/odoo-210888/addons/document/__terp__.py
2026-02-03 10:19:16,688 - Knowledge - INFO - Worker kw13 processing /app/data/T0002/210888/b48252o/odoo-210888/addons/document/ftpserver/ftpserver.py
2026-02-03 10:19:16,737 - Knowledge - INFO - Fast-tracked /app/data/T0002/210888/b48252o/odoo-210888/addons/document/ftpserver/ftpserver.py (ext=.py, size=119176)
2026-02-03 10:19:16,763 - Knowledge - INFO - Worker kw13 processing /app/data/T0002/210888/b48252o/odoo-210888/addons/document/ftpserver/authorizer.py
2026-02-03 10:19:17,104 - Knowledge - INFO - Fast-tracked /app/data/T0002/210888/b48252o/odoo-210888/addons/document/__terp__.py (small file (2056 bytes))
2026-02-03 10:19:17,165 - Knowledge - INFO - Fast-tracked /app/data/T0002/210888/b48252o/odoo-210888/addons/document/ftpserver/authorizer.py (small file (2239 bytes))
2026-02-03 10:19:17,176 - Knowledge - INFO - Async storage completed for 4 embeddings
2026-02-03 10:19:17,460 - Knowledge - INFO - process ingested knowledge for /app/data/T0002/210888/b48252o/odoo-210888/addons/mrp/report/price.py
2026-02-03 10:19:17,476 - Knowledge - INFO - process ingested knowledge for /app/data/T0002/210888/b48252o/odoo-210888/addons/account_budget/crossovered_budget_workflow.xml
2026-02-03 10:19:17,506 - Knowledge - INFO - process ingested knowledge for /app/data/T0002/210888/b48252o/odoo-210888/addons/mrp/wizard/__init__.py
2026-02-03 10:19:18,166 - Knowledge - INFO - [LLM_CALL] Completed: sale_journal_picking_report.py:chunk1, Duration: 3247ms, PromptTokens: 3072, CompletionTokens: 239, Cost: $0.00040
2026-02-03 10:19:18,168 - Knowledge - INFO - done ingest for /app/data/T0002/210888/b48252o/odoo-210888/addons/sale_journal/sale_journal_picking_report.py
2026-02-03 10:19:18,897 - Knowledge - INFO - Processing batch of 4 files
2026-02-03 10:19:18,897 - Knowledge - INFO - process ingested knowledge for /app/data/T0002/210888/b48252o/odoo-210888/addons/mrp/wizard/wizard_orderpoint_procurement.py
2026-02-03 10:19:18,983 - Knowledge - INFO - Processing batch of 4 files
2026-02-03 10:19:18,989 - Knowledge - INFO - process ingested knowledge for /app/data/T0002/210888/b48252o/odoo-210888/addons/mrp/wizard/wizard_price.py
2026-02-03 10:19:19,137 - Knowledge - INFO - process ingested knowledge for /app/data/T0002/210888/b48252o/odoo-210888/addons/mrp/report/workcenter_load.py
2026-02-03 10:19:19,147 - Knowledge - INFO - Async storing batch of 4 embeddings
2026-02-03 10:19:19,205 - Knowledge - INFO - process ingested knowledge for /app/data/T0002/210888/b48252o/odoo-210888/addons/mrp/mrp_report.xml
2026-02-03 10:19:19,295 - Knowledge - INFO - Worker kw14 processing /app/data/T0002/210888/b48252o/odoo-210888/addons/document/ftpserver/abstracted_fs.py
2026-02-03 10:19:19,375 - Knowledge - INFO - Worker kw14 processing /app/data/T0002/210888/b48252o/odoo-210888/addons/document/ftpserver/__init__.py
2026-02-03 10:19:19,415 - Knowledge - INFO - Worker kw14 processing /app/data/T0002/210888/b48252o/odoo-210888/addons/document/wizard/wizard_browse_via_ftp.py
2026-02-03 10:19:19,547 - Knowledge - INFO - Worker kw14 processing /app/data/T0002/210888/b48252o/odoo-210888/addons/document/wizard/__init__.py
2026-02-03 10:19:19,587 - Knowledge - INFO - Fast-tracked /app/data/T0002/210888/b48252o/odoo-210888/addons/document/wizard/__init__.py (ext=.py, size=1090)
2026-02-03 10:19:19,875 - Knowledge - INFO - Fast-tracked /app/data/T0002/210888/b48252o/odoo-210888/addons/document/wizard/wizard_browse_via_ftp.py (small file (2133 bytes))
2026-02-03 10:19:19,878 - Knowledge - INFO - Async storage completed for 4 embeddings
2026-02-03 10:19:20,110 - Knowledge - INFO - [kw7] Queue=15, InProgress=0, PendingWorkers=20/20, Completed=1224/1263 (96.9%)
2026-02-03 10:19:20,113 - Knowledge - INFO - Batch sizing: calculated=4, max_allowed=10, queue=15, active_workers=20/20
2026-02-03 10:19:20,595 - Knowledge - INFO - process ingested knowledge for /app/data/T0002/210888/b48252o/odoo-210888/addons/mrp/wizard/wizard_change_production_qty.py
2026-02-03 10:19:21,053 - Knowledge - INFO - [kw20] Queue=15, InProgress=0, PendingWorkers=20/20, Completed=1226/1263 (97.1%)
2026-02-03 10:19:21,059 - Knowledge - INFO - Batch sizing: calculated=4, max_allowed=10, queue=15, active_workers=20/20
2026-02-03 10:19:21,151 - Knowledge - INFO - Processing batch of 4 files
2026-02-03 10:19:21,153 - Knowledge - INFO - process ingested knowledge for /app/data/T0002/210888/b48252o/odoo-210888/addons/document/security/document_security.xml
2026-02-03 10:19:21,174 - Knowledge - INFO - Processing batch of 4 files
2026-02-03 10:19:21,175 - Knowledge - INFO - process ingested knowledge for /app/data/T0002/210888/b48252o/odoo-210888/addons/base_module_merge/wizard/base_module_merge.py
2026-02-03 10:19:21,195 - Knowledge - INFO - Async storing batch of 5 embeddings
2026-02-03 10:19:21,202 - Knowledge - INFO - Worker kw7 processing /app/data/T0002/210888/b48252o/odoo-210888/addons/document/content_index.py
2026-02-03 10:19:21,216 - Knowledge - INFO - Worker kw7 processing /app/data/T0002/210888/b48252o/odoo-210888/addons/document/custom_report.xml
2026-02-03 10:19:21,291 - Knowledge - INFO - Fast-tracked /app/data/T0002/210888/b48252o/odoo-210888/addons/document/custom_report.xml (ext=.xml, size=61)
2026-02-03 10:19:21,293 - Knowledge - INFO - Worker kw7 processing /app/data/T0002/210888/b48252o/odoo-210888/addons/document/__init__.py
2026-02-03 10:19:21,337 - Knowledge - INFO - Fast-tracked /app/data/T0002/210888/b48252o/odoo-210888/addons/document/__init__.py (ext=.py, size=1105)
2026-02-03 10:19:21,345 - Knowledge - INFO - Worker kw7 processing /app/data/T0002/210888/b48252o/odoo-210888/addons/document/document_data.xml
2026-02-03 10:19:21,362 - Knowledge - INFO - Fast-tracked /app/data/T0002/210888/b48252o/odoo-210888/addons/document/document_data.xml (ext=.xml, size=422)
2026-02-03 10:19:21,416 - Knowledge - INFO - Fast-tracked /app/data/T0002/210888/b48252o/odoo-210888/addons/document/content_index.py (small file (2411 bytes))
2026-02-03 10:19:21,447 - Knowledge - INFO - Async storage completed for 5 embeddings
2026-02-03 10:19:21,638 - Knowledge - INFO - process ingested knowledge for /app/data/T0002/210888/b48252o/odoo-210888/addons/mrp/wizard/wizard_workcenter_load.py
2026-02-03 10:19:21,644 - Knowledge - INFO - process ingested knowledge for /app/data/T0002/210888/b48252o/odoo-210888/addons/mrp/report/bom_structure.py
2026-02-03 10:19:22,106 - Knowledge - INFO - process ingested knowledge for /app/data/T0002/210888/b48252o/odoo-210888/addons/mrp/schedulers.py
2026-02-03 10:19:22,560 - Knowledge - INFO - process ingested knowledge for /app/data/T0002/210888/b48252o/odoo-210888/addons/document/custom_view.xml
2026-02-03 10:19:22,580 - Knowledge - INFO - process ingested knowledge for /app/data/T0002/210888/b48252o/odoo-210888/addons/base_module_merge/wizard/__init__.py
2026-02-03 10:19:22,590 - Knowledge - INFO - Processing batch of 4 files
2026-02-03 10:19:22,605 - Knowledge - INFO - process ingested knowledge for /app/data/T0002/210888/b48252o/odoo-210888/addons/mrp/wizard/wizard_track_prod.py
2026-02-03 10:19:22,624 - Knowledge - INFO - process ingested knowledge for /app/data/T0002/210888/b48252o/odoo-210888/addons/mrp/wizard/wizard_schedulers_all.py
2026-02-03 10:19:22,649 - Knowledge - INFO - process ingested knowledge for /app/data/T0002/210888/b48252o/odoo-210888/addons/sale_journal/__init__.py
2026-02-03 10:19:22,982 - Knowledge - INFO - [kw11] Queue=11, InProgress=0, PendingWorkers=20/20, Completed=1230/1263 (97.4%)
2026-02-03 10:19:22,982 - Knowledge - INFO - Batch sizing: calculated=4, max_allowed=10, queue=11, active_workers=20/20
2026-02-03 10:19:22,988 - Knowledge - INFO - [kw4] Queue=11, InProgress=0, PendingWorkers=20/20, Completed=1230/1263 (97.4%)
2026-02-03 10:19:23,049 - Knowledge - INFO - [LLM_CALL] Completed: sale_journal.py:chunk1, Duration: 8487ms, PromptTokens: 3704, CompletionTokens: 634, Cost: $0.00062
2026-02-03 10:19:23,050 - Knowledge - INFO - Batch sizing: calculated=4, max_allowed=10, queue=11, active_workers=20/20
2026-02-03 10:19:23,057 - Knowledge - INFO - process ingested knowledge for /app/data/T0002/210888/b48252o/odoo-210888/addons/document/README.txt
2026-02-03 10:19:23,083 - Knowledge - INFO - done ingest for /app/data/T0002/210888/b48252o/odoo-210888/addons/sale_journal/sale_journal.py
2026-02-03 10:19:23,453 - Knowledge - INFO - [WEBSOCKET] Sent: Type=progress_update, Size: 295, Duration: 0ms
2026-02-03 10:19:23,464 - Knowledge - INFO - process ingested knowledge for /app/data/T0002/210888/b48252o/odoo-210888/addons/mrp/wizard/wizard_track_line.py
2026-02-03 10:19:23,465 - Knowledge - INFO - process ingested knowledge for /app/data/T0002/210888/b48252o/odoo-210888/addons/sale_journal/sale_journal_data.xml
2026-02-03 10:19:23,482 - Knowledge - INFO - Async storing batch of 4 embeddings
2026-02-03 10:19:23,489 - Knowledge - INFO - [WEBSOCKET] Sent: Type=unknown, Size: ?, Duration: 37ms
2026-02-03 10:19:23,547 - Knowledge - INFO - Worker kw11 processing /app/data/T0002/210888/b48252o/odoo-210888/addons/process/process_view.xml
2026-02-03 10:19:23,579 - Knowledge - INFO - Progress: 97.5% | Files: 1232/1263 | Rate: 1.00 files/sec | Queue: 7
2026-02-03 10:19:23,614 - Knowledge - INFO - Fast-tracked /app/data/T0002/210888/b48252o/odoo-210888/addons/process/process_view.xml (ext=.xml, size=16396)
2026-02-03 10:19:23,639 - Knowledge - INFO - Worker kw11 processing /app/data/T0002/210888/b48252o/odoo-210888/addons/process/process_demo.xml
2026-02-03 10:19:23,674 - Knowledge - INFO - Fast-tracked /app/data/T0002/210888/b48252o/odoo-210888/addons/process/process_demo.xml (ext=.xml, size=7694)
2026-02-03 10:19:23,682 - Knowledge - INFO - Worker kw11 processing /app/data/T0002/210888/b48252o/odoo-210888/addons/process/process.py
2026-02-03 10:19:23,736 - Knowledge - INFO - Worker kw11 processing /app/data/T0002/210888/b48252o/odoo-210888/addons/process/__terp__.py
2026-02-03 10:19:23,794 - Knowledge - INFO - Fast-tracked /app/data/T0002/210888/b48252o/odoo-210888/addons/process/__terp__.py (ext=.py, size=1537)
2026-02-03 10:19:23,836 - Knowledge - INFO - process ingested knowledge for /app/data/T0002/210888/b48252o/odoo-210888/addons/base_module_merge/__init__.py
2026-02-03 10:19:23,852 - Knowledge - INFO - process ingested knowledge for /app/data/T0002/210888/b48252o/odoo-210888/addons/mrp/wizard/make_procurement.py
2026-02-03 10:19:23,872 - Knowledge - INFO - Async storing batch of 5 embeddings
2026-02-03 10:19:23,890 - Knowledge - INFO - Worker kw4 processing /app/data/T0002/210888/b48252o/odoo-210888/addons/process/__init__.py
2026-02-03 10:19:23,904 - Knowledge - INFO - process ingested knowledge for /app/data/T0002/210888/b48252o/odoo-210888/addons/document/document_demo.xml
2026-02-03 10:19:23,912 - Knowledge - INFO - [kw3] Queue=3, InProgress=0, PendingWorkers=20/20, Completed=1232/1263 (97.5%)
2026-02-03 10:19:23,915 - Knowledge - INFO - Fast-tracked /app/data/T0002/210888/b48252o/odoo-210888/addons/process/__init__.py (ext=.py, size=1088)
2026-02-03 10:19:23,964 - Knowledge - INFO - Batch sizing: calculated=3, max_allowed=10, queue=3, active_workers=20/20
2026-02-03 10:19:24,000 - Knowledge - INFO - Worker kw4 processing /app/data/T0002/210888/b48252o/odoo-210888/addons/stock_invoice_directly/__terp__.py
2026-02-03 10:19:24,060 - Knowledge - INFO - Async storage completed for 4 embeddings
2026-02-03 10:19:24,061 - Knowledge - INFO - Fast-tracked /app/data/T0002/210888/b48252o/odoo-210888/addons/stock_invoice_directly/__terp__.py (ext=.py, size=1591)
2026-02-03 10:19:24,088 - Knowledge - INFO - Worker kw4 processing /app/data/T0002/210888/b48252o/odoo-210888/addons/stock_invoice_directly/wizard/stock_invoice.py
2026-02-03 10:19:24,367 - Knowledge - INFO - Worker kw4 processing /app/data/T0002/210888/b48252o/odoo-210888/addons/stock_invoice_directly/wizard/__init__.py
2026-02-03 10:19:24,439 - Knowledge - INFO - process ingested knowledge for /app/data/T0002/210888/b48252o/odoo-210888/addons/document/odt2txt.py
2026-02-03 10:19:24,446 - Knowledge - INFO - [kw9] Queue=3, InProgress=0, PendingWorkers=20/20, Completed=1232/1263 (97.5%)
2026-02-03 10:19:24,446 - Knowledge - INFO - Fast-tracked /app/data/T0002/210888/b48252o/odoo-210888/addons/stock_invoice_directly/wizard/__init__.py (ext=.py, size=1079)
2026-02-03 10:19:24,547 - Knowledge - INFO - Batch sizing: calculated=3, max_allowed=10, queue=3, active_workers=20/20
2026-02-03 10:19:24,695 - Knowledge - INFO - Fast-tracked /app/data/T0002/210888/b48252o/odoo-210888/addons/stock_invoice_directly/wizard/stock_invoice.py (small file (2665 bytes))
2026-02-03 10:19:24,702 - Knowledge - INFO - Async storage completed for 5 embeddings
2026-02-03 10:19:24,824 - Knowledge - INFO - Processing batch of 4 files
2026-02-03 10:19:24,873 - Knowledge - INFO - process ingested knowledge for /app/data/T0002/210888/b48252o/odoo-210888/addons/sale_journal/__terp__.py
2026-02-03 10:19:24,885 - Knowledge - INFO - Async storing batch of 4 embeddings
2026-02-03 10:19:24,938 - Knowledge - INFO - process ingested knowledge for /app/data/T0002/210888/b48252o/odoo-210888/addons/sale_journal/sale_journal_inherit.py
2026-02-03 10:19:24,991 - Knowledge - INFO - Worker kw20 processing /app/data/T0002/210888/b48252o/odoo-210888/addons/stock_invoice_directly/__init__.py
2026-02-03 10:19:25,004 - Knowledge - INFO - Fast-tracked /app/data/T0002/210888/b48252o/odoo-210888/addons/stock_invoice_directly/__init__.py (ext=.py, size=1072)
2026-02-03 10:19:25,009 - Knowledge - INFO - Worker kw20 processing /app/data/T0002/210888/b48252o/odoo-210888/win32/OpenERPServerService.py
2026-02-03 10:19:25,067 - Knowledge - INFO - Worker kw20 processing /app/data/T0002/210888/b48252o/odoo-210888/win32/setup.py
2026-02-03 10:19:25,096 - Knowledge - INFO - Fast-tracked /app/data/T0002/210888/b48252o/odoo-210888/win32/setup.py (ext=.py, size=1454)
2026-02-03 10:19:25,305 - Knowledge - INFO - Async storage completed for 4 embeddings
2026-02-03 10:19:26,570 - Knowledge - INFO - [LLM_CALL] Completed: mrp.py:chunk1, Duration: 29591ms, PromptTokens: 30220, CompletionTokens: 2362, Cost: $0.00397
2026-02-03 10:19:26,578 - Knowledge - INFO - done ingest for /app/data/T0002/210888/b48252o/odoo-210888/addons/mrp/mrp.py
2026-02-03 10:19:27,100 - Knowledge - INFO - process ingested knowledge for /app/data/T0002/210888/b48252o/odoo-210888/addons/sale_journal/sale_journal_report.py
2026-02-03 10:19:28,680 - Knowledge - INFO - process ingested knowledge for /app/data/T0002/210888/b48252o/odoo-210888/addons/sale_journal/sale_journal_picking_report.py
2026-02-03 10:19:28,683 - Knowledge - INFO - process ingested knowledge for /app/data/T0002/210888/b48252o/odoo-210888/addons/document/document_view.xml
2026-02-03 10:19:30,450 - Knowledge - INFO - Processing batch of 4 files
2026-02-03 10:19:30,491 - Knowledge - INFO - process ingested knowledge for /app/data/T0002/210888/b48252o/odoo-210888/addons/document/content_index.py
2026-02-03 10:19:30,902 - Knowledge - INFO - Processing batch of 4 files
2026-02-03 10:19:30,911 - Knowledge - INFO - process ingested knowledge for /app/data/T0002/210888/b48252o/odoo-210888/addons/sale_journal/sale_journal_view.xml
2026-02-03 10:19:31,893 - Knowledge - INFO - process ingested knowledge for /app/data/T0002/210888/b48252o/odoo-210888/addons/sale_journal/picking_journal_view_report.xml
2026-02-03 10:19:32,943 - Knowledge - INFO - process ingested knowledge for /app/data/T0002/210888/b48252o/odoo-210888/addons/document/custom_report.xml
2026-02-03 10:19:34,850 - Knowledge - INFO - [LLM_CALL] Completed: OpenERPServerService.py:chunk1, Duration: 9648ms, PromptTokens: 2572, CompletionTokens: 556, Cost: $0.00048
2026-02-03 10:19:34,860 - Knowledge - INFO - done ingest for /app/data/T0002/210888/b48252o/odoo-210888/win32/OpenERPServerService.py
2026-02-03 10:19:35,046 - Knowledge - INFO - [LLM_CALL] Completed: process.py:chunk1, Duration: 11105ms, PromptTokens: 7752, CompletionTokens: 594, Cost: $0.00101
2026-02-03 10:19:35,062 - Knowledge - INFO - done ingest for /app/data/T0002/210888/b48252o/odoo-210888/addons/process/process.py
2026-02-03 10:19:35,977 - Knowledge - INFO - process ingested knowledge for /app/data/T0002/210888/b48252o/odoo-210888/addons/document/__init__.py
2026-02-03 10:19:36,738 - Knowledge - INFO - Processing batch of 4 files
2026-02-03 10:19:36,748 - Knowledge - INFO - process ingested knowledge for /app/data/T0002/210888/b48252o/odoo-210888/addons/process/__init__.py
2026-02-03 10:19:36,922 - Knowledge - INFO - process ingested knowledge for /app/data/T0002/210888/b48252o/odoo-210888/addons/sale_journal/picking_journal_view.xml
2026-02-03 10:19:36,975 - Knowledge - INFO - process ingested knowledge for /app/data/T0002/210888/b48252o/odoo-210888/addons/document/document_data.xml
2026-02-03 10:19:37,681 - Knowledge - INFO - [LLM_CALL] Completed: __init__.py:chunk1, Duration: 17879ms, PromptTokens: 2530, CompletionTokens: 473, Cost: $0.00044
2026-02-03 10:19:37,687 - Knowledge - INFO - done ingest for /app/data/T0002/210888/b48252o/odoo-210888/addons/document/ftpserver/__init__.py
2026-02-03 10:19:37,711 - Knowledge - INFO - process ingested knowledge for /app/data/T0002/210888/b48252o/odoo-210888/addons/stock_invoice_directly/__terp__.py
2026-02-03 10:19:39,695 - Knowledge - INFO - process ingested knowledge for /app/data/T0002/210888/b48252o/odoo-210888/addons/stock_invoice_directly/wizard/stock_invoice.py
2026-02-03 10:19:39,708 - Knowledge - INFO - process ingested knowledge for /app/data/T0002/210888/b48252o/odoo-210888/addons/sale_journal/sale_journal_demo.xml
2026-02-03 10:19:39,811 - Knowledge - INFO - Processing batch of 3 files
2026-02-03 10:19:39,841 - Knowledge - INFO - process ingested knowledge for /app/data/T0002/210888/b48252o/odoo-210888/addons/stock_invoice_directly/__init__.py
2026-02-03 10:19:40,791 - Knowledge - INFO - process ingested knowledge for /app/data/T0002/210888/b48252o/odoo-210888/addons/stock_invoice_directly/wizard/__init__.py
2026-02-03 10:19:41,264 - Knowledge - INFO - process ingested knowledge for /app/data/T0002/210888/b48252o/odoo-210888/win32/OpenERPServerService.py
2026-02-03 10:19:41,357 - Knowledge - INFO - Processing batch of 4 files
2026-02-03 10:19:41,364 - Knowledge - INFO - process ingested knowledge for /app/data/T0002/210888/b48252o/odoo-210888/addons/process/process_view.xml
2026-02-03 10:19:41,370 - Knowledge - INFO - Processing batch of 4 files
2026-02-03 10:19:41,388 - Knowledge - INFO - process ingested knowledge for /app/data/T0002/210888/b48252o/odoo-210888/addons/mrp/mrp.py
2026-02-03 10:19:41,773 - Knowledge - INFO - [LLM_CALL] Completed: abstracted_fs.py:chunk1, Duration: 22103ms, PromptTokens: 15274, CompletionTokens: 1468, Cost: $0.00211
2026-02-03 10:19:41,773 - Knowledge - INFO - done ingest for /app/data/T0002/210888/b48252o/odoo-210888/addons/document/ftpserver/abstracted_fs.py
2026-02-03 10:19:41,782 - Knowledge - INFO - process ingested knowledge for /app/data/T0002/210888/b48252o/odoo-210888/win32/setup.py
2026-02-03 10:19:41,815 - Knowledge - INFO - process ingested knowledge for /app/data/T0002/210888/b48252o/odoo-210888/addons/mrp/company.py
2026-02-03 10:19:42,137 - Knowledge - INFO - process ingested knowledge for /app/data/T0002/210888/b48252o/odoo-210888/addons/process/process_demo.xml
2026-02-03 10:19:42,194 - Knowledge - INFO - [LLM_CALL] Completed: document.py:chunk1, Duration: 25303ms, PromptTokens: 18414, CompletionTokens: 2171, Cost: $0.00271
2026-02-03 10:19:42,196 - Knowledge - INFO - done ingest for /app/data/T0002/210888/b48252o/odoo-210888/addons/document/document.py
2026-02-03 10:19:42,211 - Knowledge - INFO - process ingested knowledge for /app/data/T0002/210888/b48252o/odoo-210888/addons/process/process.py
2026-02-03 10:19:42,239 - Knowledge - INFO - process ingested knowledge for /app/data/T0002/210888/b48252o/odoo-210888/addons/sale_journal/sale_journal.py
2026-02-03 10:19:42,451 - Knowledge - INFO - process ingested knowledge for /app/data/T0002/210888/b48252o/odoo-210888/addons/process/__terp__.py
2026-02-03 10:19:42,557 - Knowledge - INFO - process ingested knowledge for /app/data/T0002/210888/b48252o/odoo-210888/addons/mrp/mrp_wizard.xml
2026-02-03 10:19:42,942 - Knowledge - INFO - process ingested knowledge for /app/data/T0002/210888/b48252o/odoo-210888/addons/mrp/__terp__.py
2026-02-03 10:19:43,207 - Knowledge - INFO - Processing batch of 4 files
2026-02-03 10:19:43,209 - Knowledge - INFO - process ingested knowledge for /app/data/T0002/210888/b48252o/odoo-210888/addons/document/ftpserver/abstracted_fs.py
2026-02-03 10:19:43,367 - Knowledge - INFO - [WEBSOCKET] Sent: Type=progress_update, Size: 276, Duration: 0ms
2026-02-03 10:19:43,369 - Knowledge - INFO - [WEBSOCKET] Sent: Type=unknown, Size: ?, Duration: 1ms
2026-02-03 10:19:43,374 - Knowledge - INFO - Progress: 99.8% | Files: 1262/1263 | Rate: 1.01 files/sec | Queue: 0
2026-02-03 10:19:43,766 - Knowledge - INFO - Processing batch of 4 files
2026-02-03 10:19:43,768 - Knowledge - INFO - process ingested knowledge for /app/data/T0002/210888/b48252o/odoo-210888/addons/document/document.py
2026-02-03 10:19:43,869 - Knowledge - INFO - process ingested knowledge for /app/data/T0002/210888/b48252o/odoo-210888/addons/document/ftpserver/__init__.py
2026-02-03 10:19:43,873 - Knowledge - INFO - process ingested knowledge for /app/data/T0002/210888/b48252o/odoo-210888/addons/document/wizard/wizard_browse_via_ftp.py
2026-02-03 10:19:43,958 - Knowledge - INFO - process ingested knowledge for /app/data/T0002/210888/b48252o/odoo-210888/addons/document/__terp__.py
2026-02-03 10:19:44,200 - Knowledge - INFO - process ingested knowledge for /app/data/T0002/210888/b48252o/odoo-210888/addons/document/wizard/__init__.py
2026-02-03 10:19:44,290 - Knowledge - INFO - process ingested knowledge for /app/data/T0002/210888/b48252o/odoo-210888/addons/document/ftpserver/ftpserver.py
2026-02-03 10:19:44,295 - Knowledge - INFO - process ingested knowledge for /app/data/T0002/210888/b48252o/odoo-210888/addons/document/ftpserver/authorizer.py
2026-02-03 10:19:45,030 - Knowledge - INFO - Knowledge creation complete
2026-02-03 10:19:45,037 - Knowledge - INFO - ==================================================
2026-02-03 10:19:45,039 - Knowledge - INFO - KNOWLEDGE GRAPH GENERATION PERFORMANCE SUMMARY
2026-02-03 10:19:45,040 - Knowledge - INFO - ==================================================
2026-02-03 10:19:45,040 - Knowledge - INFO - Total processing time: 1255.44 seconds (20.92 minutes)
2026-02-03 10:19:45,040 - Knowledge - INFO - Files processed: 0
2026-02-03 10:19:45,041 - Knowledge - INFO - Processing rate: 0.00 files/second
2026-02-03 10:19:45,041 - Knowledge - INFO - 
[TIME_BREAKDOWN]
2026-02-03 10:19:45,041 - Knowledge - INFO - File Reading: 0.00s (0.0%)
2026-02-03 10:19:45,042 - Knowledge - INFO - LLM Processing: 14491.53s (1154.3%)
2026-02-03 10:19:45,042 - Knowledge - INFO - MongoDB Operations: 0.00s (0.0%)
2026-02-03 10:19:45,042 - Knowledge - INFO - Redis Operations: 0.00s (0.0%)
2026-02-03 10:19:45,042 - Knowledge - INFO - WebSocket Communication: 4.68s (0.4%)
2026-02-03 10:19:45,043 - Knowledge - INFO - 
[LLM_STATS]
2026-02-03 10:19:45,044 - Knowledge - INFO - Total LLM calls: 281
2026-02-03 10:19:45,044 - Knowledge - INFO - Average LLM response time: 51571ms
2026-02-03 10:19:45,045 - Knowledge - INFO - Average prompt tokens: 5288.2
2026-02-03 10:19:45,045 - Knowledge - INFO - Average completion tokens: 519.6
2026-02-03 10:19:45,045 - Knowledge - INFO - Total prompt tokens: 1485990
2026-02-03 10:19:45,046 - Knowledge - INFO - Total completion tokens: 146005
2026-02-03 10:19:45,046 - Knowledge - INFO - Total LLM cost: $0.2070
2026-02-03 10:19:45,046 - Knowledge - INFO - 
[DATABASE_STATS]
2026-02-03 10:19:45,047 - Knowledge - INFO - MongoDB operations: 0
2026-02-03 10:19:45,047 - Knowledge - INFO - Redis operations: 0
2026-02-03 10:19:45,047 - Knowledge - INFO - 
[COMMUNICATION_STATS]
2026-02-03 10:19:45,048 - Knowledge - INFO - WebSocket messages sent: 73
2026-02-03 10:19:45,048 - Knowledge - INFO - Average message size: 147.2 bytes
2026-02-03 10:19:45,048 - Knowledge - INFO - 
[WORKER_STATS]
2026-02-03 10:19:45,049 - Knowledge - INFO - 
[FILE_TYPE_STATS]
2026-02-03 10:19:45,049 - Knowledge - INFO - 
[SLOWEST_FILES]
2026-02-03 10:19:45,049 - Knowledge - INFO - ==================================================
2026-02-03 10:19:45,050 - Knowledge - INFO - ==================================================
2026-02-03 10:19:45,050 - Knowledge - INFO - KNOWLEDGE GRAPH GENERATION PERFORMANCE SUMMARY
2026-02-03 10:19:45,051 - Knowledge - INFO - ==================================================
2026-02-03 10:19:45,051 - Knowledge - INFO - Total processing time: 1255.59 seconds (20.93 minutes)
2026-02-03 10:19:45,051 - Knowledge - INFO - Files processed: 1263 of 1263
2026-02-03 10:19:45,052 - Knowledge - INFO - Processing rate: 1.01 files/second
2026-02-03 10:19:45,052 - Knowledge - INFO - WebSocket messages sent: 36
2026-02-03 10:19:45,052 - Knowledge - INFO - MongoDB operations: 1263
2026-02-03 10:19:45,053 - Knowledge - INFO - Average MongoDB ops per file: 1.00
2026-02-03 10:19:45,053 - Knowledge - INFO - LLM costs: $0.2124
2026-02-03 10:19:45,053 - Knowledge - INFO - Prompt tokens: 1523084
2026-02-03 10:19:45,054 - Knowledge - INFO - Completion tokens: 150281
2026-02-03 10:19:45,054 - Knowledge - INFO - Updating org costs, total cost: 0.21242079999999997
2026-02-03 10:19:46,617 - Knowledge - INFO - [WEBSOCKET] Sent: Type=progress_update, Size: 271, Duration: 0ms
2026-02-03 10:19:46,619 - Knowledge - INFO - Saving knowledge to Redis...
2026-02-03 10:19:47,189 - Knowledge - INFO - Knowledge saved to Redis successfully
